id,non_wear_percentage,unique_days,enmo_mean,enmo_std,enmo_min,enmo_25%,enmo_50%,enmo_75%,enmo_max,anglez_mean,anglez_std,anglez_min,anglez_25%,anglez_50%,anglez_75%,anglez_max,light_mean,light_std,light_min,light_25%,light_50%,light_75%,light_max,battery_voltage_mean,battery_voltage_std,battery_voltage_min,battery_voltage_25%,battery_voltage_50%,battery_voltage_75%,battery_voltage_max,n_records
00115b9f,0.0,40,0.047387611120939255,0.10635114461183548,0.0,0.006431584944948554,0.023637235164642334,0.04141988139599562,4.004275798797607,-10.580415725708008,42.94717025756836,-89.83309173583984,-41.541863441467285,-15.086617469787598,12.220763921737671,89.75165557861328,42.29631042480469,208.16897583007812,0.0,2.3929691314697266,6.926828384399414,15.0,2633.25,4053.5791015625,112.40404510498047,3824.0,4028.666748046875,4070.0,4147.0,4188.5,43330.0
001f3379,65.57079,24,0.01646142080426216,0.04060959070920944,0.0,0.0008445754647254944,0.006559151690453291,0.015561709646135569,2.952888011932373,1.5944608449935913,45.46593475341797,-88.70977783203125,-29.97834348678589,7.511802673339844,35.475646018981934,89.47603607177734,29.5457820892334,161.4681854248047,0.0,1.246734619140625,3.7139569520950317,10.533333778381348,2597.800048828125,3984.5400390625,153.08636474609375,3098.166748046875,3947.0,4000.0,4076.0,4175.0,129316.0
00f332d1,17.124575,24,0.03644074499607086,0.11381928622722626,0.0,0.0010225387522950768,0.009547931142151356,0.027901825960725546,4.041167259216309,22.909385681152344,36.781951904296875,-89.46322631835938,3.387517213821411,26.668371200561523,49.093231201171875,89.86282348632812,56.66324996948242,238.88941955566406,0.0,2.9424902200698853,6.557170391082764,18.161591053009033,2611.0,3874.654296875,151.31185913085938,3541.0,3755.5,3841.0,3994.0,4187.0,341006.0
01085eb3,3.5210376,22,0.03367724269628525,0.08525720238685608,0.0,0.000937815013458021,0.007186535047367215,0.027709676884114742,4.097964763641357,-21.164793014526367,35.98833465576172,-89.8772201538086,-50.749207496643066,-23.782150268554688,3.118252992630005,88.47843170166016,18.371047973632812,74.31106567382812,0.0,2.55340713262558,7.220705986022949,18.274205684661865,2650.5,3866.360595703125,148.55043029785156,3401.0,3747.0,3835.0,3988.0,4184.0,357626.0
012cadd8,0.0,7,0.05827956646680832,0.1972847431898117,0.0,0.0016042408824432641,0.010466382838785648,0.03878140263259411,6.3072943687438965,-5.059757709503174,39.994808197021484,-89.3087158203125,-35.037017822265625,-2.822715401649475,22.951601028442383,88.38967895507812,54.893394470214844,230.97239685058594,0.0,2.3678272366523743,7.059159755706787,19.32048511505127,2618.0,3974.91064453125,119.52515411376953,3095.0,3940.4791870117188,3994.0,4046.0,4157.0,97048.0
012e3869,70.641045,14,0.022928908467292786,0.08451114594936371,0.0,0.00029584050935227424,0.0025635885540395975,0.01602554926648736,3.506497859954834,28.537263870239258,44.04624557495117,-89.45738220214844,0.17898759990930557,29.348339080810547,69.78880882263184,89.07841491699219,21.130401611328125,65.29053497314453,0.0,3.11946040391922,10.239962100982666,23.04271173477173,2446.0,3851.4228515625,109.27183532714844,3413.0,3771.0,3800.0,3988.0,4053.0,97164.0
029a19c9,4.6042485,22,0.027874963358044624,0.04475301504135132,0.0,0.0014193436945788562,0.014157860074192286,0.03441857639700174,1.8061505556106567,-10.60380744934082,35.30215835571289,-89.49456787109375,-36.77808380126953,-10.70003890991211,13.604964971542358,89.26689910888672,28.395544052124023,136.43235778808594,0.0,3.055540442466736,8.878826141357422,19.12314748764038,2610.5,3826.074462890625,116.5068588256836,3395.0,3736.0,3795.833251953125,3917.0,4143.0,350800.0
02cebf33,71.198265,21,0.034755509346723557,0.07239627093076706,0.0,0.001491243892814964,0.011890697292983532,0.0359816700220108,2.23679780960083,-4.932077884674072,44.41312789916992,-89.74868774414062,-36.579660415649414,-4.467362403869629,27.425737380981445,89.46604919433594,62.525917053222656,223.97341918945312,0.0,0.8333333134651184,7.222222328186035,28.5,2595.0,3997.853271484375,110.07553100585938,3098.166748046875,3943.5,4005.166748046875,4082.0,4168.0,103246.0
02cf7384,27.096601,24,0.02907697670161724,0.06496591120958328,0.0,0.00018889277998823673,0.0062849377281963825,0.02371989469975233,2.434495449066162,-5.2647600173950195,43.376495361328125,-89.94284057617188,-38.025790214538574,-7.84183669090271,19.3755784034729,89.63865661621094,17.735973358154297,70.59204864501953,0.0,1.4623647928237915,5.5,15.105315923690796,2617.800048828125,3862.56494140625,165.29348754882812,3098.166748046875,3771.0,3841.0,3982.0,4181.0,289668.0
035c96dd,86.2851,8,0.02911710925400257,0.09212920814752579,0.0,0.0005431747413240373,0.0026833792217075825,0.016308223828673363,2.0638058185577393,-14.050798416137695,42.41414260864258,-89.81977844238281,-41.663265228271484,-12.206949234008789,6.256769180297852,86.13436889648438,19.877403259277344,66.07731628417969,0.0,3.721865177154541,7.490196228027344,11.38327693939209,2287.800048828125,4078.345458984375,49.14790725708008,3695.0,4041.0,4077.833251953125,4123.0,4177.0,53905.0
03a9019b,0.0,24,0.04263704642653465,0.1136581227183342,0.0,0.0021321355015970767,0.011479228734970093,0.03566831722855568,4.409584999084473,-8.453628540039062,36.96383285522461,-89.7737045288086,-33.88498783111572,-12.330607414245605,10.479559183120728,89.62284088134766,25.037837982177734,110.8504867553711,0.0,1.778592824935913,4.577076196670532,10.53605580329895,2629.5,3849.251953125,162.53414916992188,3098.166748046875,3747.0,3818.0,3964.0,4189.0,404064.0
0417c91e,0.0,48,0.058441195636987686,0.11135049164295197,0.0,0.012035658583045006,0.031590141355991364,0.06677186489105225,4.000617980957031,-0.7965388894081116,32.93855285644531,-89.85065460205078,-23.917738914489746,0.035168394446372986,19.996506690979004,89.68318939208984,123.4449462890625,366.2684631347656,0.0,2.797670364379883,9.06763744354248,33.381309509277344,2642.39990234375,3922.278076171875,129.54312133789062,3680.0,3806.0,3900.0,4021.875,4199.0,287179.0
045a0a94,43.053143,25,0.022215019911527634,0.04802592471241951,0.0,0.0008666441717650741,0.007420205045491457,0.019887426868081093,2.05128812789917,3.468937873840332,43.25973892211914,-89.74718475341797,-22.81636905670166,5.65393590927124,34.434566497802734,89.91161346435547,14.358799934387207,22.701662063598633,0.0,3.0,6.776173114776611,17.600075721740723,1355.4000244140625,3776.4169921875,147.7419891357422,3343.0,3706.0,3759.0,3806.0,4181.0,238207.0
04afb6f9,3.140576,24,0.033536724746227264,0.06372528523206711,0.0,0.001570840715430677,0.009950967039912939,0.04044676758348942,2.5923097133636475,-7.671701431274414,35.79039001464844,-89.6281509399414,-34.49683094024658,-9.221430778503418,14.89993929862976,88.83575439453125,15.987711906433105,39.380218505859375,0.0,2.8788479566574097,7.746666431427002,17.577720165252686,2584.0,3865.489013671875,160.69354248046875,3302.0,3753.0,3831.333251953125,3988.0,4201.0,390364.0
04bb1a76,76.45036,24,0.008860696107149124,0.016882074996829033,0.0,0.0004268773482181132,0.006986228749155998,0.010863193310797215,0.5522365570068359,-40.03774642944336,59.949710845947266,-89.8678970336914,-88.7995376586914,-64.85343933105469,-22.056032180786133,88.91998291015625,11.513945579528809,8.936258316040039,0.0,3.9027352333068848,7.970363140106201,19.35436248779297,89.5999984741211,3924.8720703125,193.76766967773438,3098.166748046875,3838.916748046875,3947.416748046875,4058.0,4164.0,87005.0
04cb2c30,7.194826,35,0.03493065759539604,0.09665784984827042,0.0,0.0011930294567719102,0.009013021364808083,0.028346654027700424,3.3645079135894775,-19.881805419921875,37.410980224609375,-89.72929382324219,-48.48548889160156,-22.772171020507812,2.928938388824463,88.90217590332031,20.59324073791504,84.8603515625,0.0,3.1543209552764893,7.5241379737854,16.552396774291992,2635.39990234375,3832.7119140625,143.7412109375,3366.0,3730.5,3788.0,3930.083251953125,5397.0,548057.0
04d06a9c,0.0,36,0.08799836784601212,0.23912180960178375,0.0,0.008478048257529736,0.026210937649011612,0.07290656119585037,4.8774590492248535,-10.413216590881348,29.353084564208984,-89.58232879638672,-29.835533142089844,-8.483582496643066,7.424647331237793,89.38371276855469,22.73611831665039,76.9020767211914,0.0,3.9375,10.488524436950684,21.5,2629.0,3907.0556640625,127.93738555908203,3724.0,3800.0,3870.0,4005.0,4182.0,244425.0
04f094a8,3.521906,23,0.04431682825088501,0.1638864129781723,0.0,0.0004274388193152845,0.00663658045232296,0.024112580344080925,5.679432392120361,-16.156457901000977,38.54722213745117,-89.8965072631836,-43.890724182128906,-20.05451774597168,3.9655957221984863,89.0876235961914,32.483970642089844,161.81158447265625,0.0,2.5467028617858887,5.667506694793701,12.26716423034668,2634.25,3864.0322265625,147.79881286621094,3359.0,3759.0,3828.0,3976.0,4193.0,376721.0
051680a0,0.0,32,0.0799713134765625,0.19016464054584503,0.0,0.008786030113697052,0.032396040856838226,0.07963978871703148,6.454380035400391,-13.381115913391113,30.72217559814453,-89.69146728515625,-33.05221366882324,-13.348002433776855,2.6137555837631226,89.58312225341797,140.6341094970703,411.0538024902344,0.0,3.0,10.25,46.987308502197266,2652.5,3886.381103515625,128.46920776367188,3722.0,3777.0,3847.0,3979.75,4175.0,287571.0
055156e2,0.0,12,0.04099264740943909,0.11801999807357788,0.0,0.01123269577510655,0.022998915053904057,0.044056911021471024,3.2936112880706787,-21.863908767700195,36.2484130859375,-89.49681091308594,-45.33340358734131,-24.176376342773438,-6.002170085906982,88.98380279541016,27.77857208251953,58.82404708862305,0.0,1.0297476947307587,13.187737941741943,32.656232833862305,1164.199951171875,4093.829833984375,106.29922485351562,3927.5,3935.0,4170.0,4171.83349609375,4185.0,2080.0
059eed01,80.63592,20,0.03886208310723305,0.12954603135585785,0.0,0.0009015393152367324,0.010674952063709497,0.024444810580462217,3.17041015625,-0.6259632110595703,47.77859878540039,-89.97350311279297,-37.763362884521484,14.15894889831543,33.411582946777344,89.26438903808594,95.58937072753906,300.2975158691406,0.0,0.8639551997184753,2.3820292949676514,7.422714829444885,2538.0,3919.3623046875,272.3460388183594,3098.166748046875,3809.25,4035.0,4093.0,4175.0,69152.0
05bbed1b,26.296309,7,0.043545741587877274,0.1383989453315735,0.0,0.00020386616233736277,0.0062686726450920105,0.02686591073870659,4.520691394805908,-14.222489356994629,41.812767028808594,-89.30067443847656,-47.0545539855957,-14.059971809387207,12.691902160644531,88.73942565917969,55.25076675415039,291.66180419921875,0.0,0.9166666865348816,2.8347373008728027,9.485174179077148,2632.25,4064.06640625,62.61481475830078,3953.0,4000.0,4064.0,4121.91650390625,4170.0,72877.0
05db1b9b,25.933329,20,0.04681243747472763,0.17265573143959045,0.0,0.0009068898507393897,0.010412316769361496,0.03356480225920677,6.14790153503418,9.169778823852539,40.56085968017578,-89.91963958740234,-17.57322120666504,12.802424430847168,40.47602081298828,89.5523452758789,42.468475341796875,188.97946166992188,0.0,1.75,5.32616662979126,14.17957878112793,2622.0,3884.49853515625,167.234619140625,3098.166748046875,3788.0,3878.833251953125,4005.0,4181.0,292649.0
05e94f88,97.09556,8,0.01535711158066988,0.04782168194651604,0.0,0.00023410121502820402,0.002612524200230837,0.006648882408626378,2.1639060974121094,-33.97740173339844,45.106407165527344,-88.95124053955078,-73.68457794189453,-32.88946342468262,-2.2110307216644287,85.70082092285156,13.328701972961426,22.190288543701172,0.0,0.1640990749001503,2.761303663253784,9.1837317943573,184.60000610351562,4131.59375,34.83327865600586,3689.0,4117.0,4126.41650390625,4164.33349609375,4174.0,10404.0
063b16fc,16.51096,24,0.030768729746341705,0.08789436519145966,0.0,0.0010961621883325279,0.007420395966619253,0.024042154662311077,3.8215272426605225,-15.326841354370117,40.99345779418945,-89.87594604492188,-46.28391075134277,-17.959909439086914,10.230398654937744,89.63179016113281,73.61949920654297,311.48095703125,0.0,2.8791061639785767,6.369734764099121,15.11769437789917,2635.5,3846.90380859375,148.06838989257812,3372.0,3736.833251953125,3806.0,3964.0,4164.0,329395.0
064e8da5,0.0,38,0.06273800134658813,0.1341201663017273,0.0,0.010468381457030773,0.03009437583386898,0.06329230032861233,3.9862630367279053,-9.32600212097168,28.551416397094727,-89.61943054199219,-29.060291290283203,-8.500035285949707,8.97904634475708,88.3927993774414,48.25984573364258,200.95745849609375,0.0,3.3992937207221985,8.66401720046997,21.594118118286133,2607.199951171875,3878.72021484375,133.5154266357422,3524.0,3772.833251953125,3837.833251953125,3985.583251953125,4179.0,329744.0
0668373f,0.0,18,0.12429904192686081,0.30866581201553345,0.0,0.007505482295528054,0.02988139633089304,0.0966107714921236,11.326200485229492,-8.148931503295898,27.286605834960938,-89.27279663085938,-26.32375717163086,-6.196294784545898,8.598276853561401,89.85283660888672,101.79065704345703,361.68463134765625,0.0,2.593166947364807,8.0,29.0,20445.5,3981.293212890625,100.22394561767578,3824.0,3904.0,3972.833251953125,4070.0,4177.83349609375,166390.0
067b9287,6.3793592,11,0.03334569185972214,0.0722118467092514,0.0,0.000938356519327499,0.010043517220765352,0.03468777146190405,2.3313772678375244,-11.376012802124023,39.07402038574219,-89.65552520751953,-38.63694190979004,-11.915339469909668,13.663938760757446,88.36280822753906,13.370906829833984,56.583614349365234,0.0,2.4248915314674377,5.19457745552063,11.736870765686035,2555.199951171875,3834.062744140625,182.73873901367188,3098.166748046875,3730.0,3812.0,3976.0,4172.0,157780.0
06c8b2fb,0.0,53,0.08626192063093185,0.2075045108795166,0.0,0.010314551182091236,0.03223679959774017,0.08257096260786057,5.1243743896484375,-12.599390983581543,30.05055809020996,-89.69446563720703,-29.9478759765625,-13.897859573364258,0.8947455883026123,89.73143005371094,66.00212860107422,240.66542053222656,0.0,2.25,7.3913044929504395,25.5,2651.5,3905.573974609375,124.18077850341797,3624.0,3795.0,3885.25,3997.416748046875,4175.0,271449.0
06eb8adb,0.0,38,0.06016765907406807,0.13480906188488007,0.0,0.009283001767471433,0.03126895800232887,0.05328502785414457,4.359313488006592,1.3499842882156372,30.531108856201172,-89.11211395263672,-19.31358051300049,0.49148906767368317,22.148518085479736,89.28646087646484,19.90299415588379,103.08277893066406,0.0,1.9821428060531616,5.079732656478882,13.0,2618.60009765625,3850.507568359375,133.41741943359375,3390.0,3747.0,3813.833251953125,3958.0,4153.0,350434.0
070386b2,22.76392,23,0.03332635760307312,0.08389647305011749,0.0,0.001530891575384885,0.01066766120493412,0.03353869169950485,4.0853376388549805,-9.085874557495117,45.860172271728516,-89.30754089355469,-46.67385768890381,-19.159893035888672,29.040038108825684,88.6871337890625,53.39786148071289,243.96568298339844,0.0,3.4548062682151794,6.331891298294067,17.799999237060547,2608.60009765625,3893.562744140625,137.31015014648438,3185.0,3795.0,3865.0,3994.0,4194.0,293806.0
07048067,0.0,37,0.04725195840001106,0.08575231581926346,0.0,0.00674486393108964,0.020941216498613358,0.05876730941236019,5.989659786224365,-1.0933185815811157,32.094810485839844,-89.93383026123047,-20.544055938720703,-2.518683433532715,17.536338806152344,88.86071014404297,22.644886016845703,94.74667358398438,0.0,2.347048759460449,6.493598461151123,20.671229362487793,2582.25,4048.3408203125,97.04873657226562,3812.0,3982.0,4049.5,4134.0,4187.0,63819.0
0720320e,86.284836,16,0.009989358484745026,0.007278712000697851,0.0,0.006185375386849046,0.011027964763343334,0.01365620968863368,0.4359489977359772,-71.73995208740234,22.961162567138672,-87.67766571044922,-81.03131484985352,-79.48155975341797,-67.98441314697266,71.72830963134766,20.99483871459961,0.7174416780471802,0.0,21.0,21.0,21.0,106.25,3878.25439453125,170.80178833007812,3307.0,3730.0,3935.0,4000.0,4149.0,42223.0
0745c390,0.0,37,0.04525230452418327,0.1325758993625641,0.0,0.007953102234750986,0.01925739459693432,0.036047679372131824,5.314874172210693,-7.805897235870361,34.91787338256836,-89.98704528808594,-32.948601722717285,-6.358004093170166,13.095750093460083,89.42222595214844,46.0095329284668,205.86221313476562,0.0,2.5202572345733643,8.230733394622803,24.75,2626.199951171875,4027.514892578125,108.4513168334961,3829.0,3958.0,4029.0,4146.0,4187.0,50458.0
080698b7,0.0,43,0.05355852097272873,0.1111149862408638,0.0,0.00751659763045609,0.022960578091442585,0.05988814402371645,4.304540634155273,-12.183536529541016,30.916486740112305,-89.87187957763672,-32.39901828765869,-13.663671970367432,4.978462815284729,89.48739624023438,109.49754333496094,358.7269287109375,0.0,3.6234548091888428,11.684613227844238,36.75,2631.75,3952.3466796875,115.19261169433594,3759.0,3847.0,3947.0,4046.0,4178.0,170360.0
082df556,50.210804,20,0.029550334438681602,0.0674813836812973,0.0,0.0013454018044285476,0.010681958869099617,0.02809589635580778,1.8393137454986572,-10.871806144714355,38.50343704223633,-89.3376693725586,-36.81164264678955,-10.899047374725342,10.465878248214722,88.7275619506836,93.51270294189453,353.6047058105469,0.0,4.543008923530579,10.877684593200684,26.749711990356445,2632.5,3981.84033203125,113.13246154785156,3706.0,3885.333251953125,3982.0,4076.0,4203.0,195134.0
08577722,93.66511,17,0.05961010232567787,0.1600252240896225,0.0,0.0012249267310835421,0.005468679592013359,0.05519444867968559,3.326157808303833,18.923139572143555,52.8068962097168,-89.30426025390625,-11.23741102218628,24.95233154296875,58.648033142089844,88.35492706298828,91.79513549804688,326.98870849609375,0.0,1.0,7.3371357917785645,28.492666244506836,2583.39990234375,4053.00732421875,113.30191802978516,3502.0,4041.0,4087.0,4123.0,4145.0,19359.0
08660d12,12.561237,23,0.0307905450463295,0.08230344951152802,0.0,0.0019365860207471997,0.013412103056907654,0.027276981621980667,5.155007362365723,-3.9199204444885254,38.416038513183594,-89.20480346679688,-32.77157115936279,-5.897364377975464,22.226354122161865,89.28887939453125,125.34219360351562,409.0769958496094,0.0,1.5,5.0,26.25,2649.0,3853.9033203125,116.36957550048828,3348.0,3771.0,3818.0,3948.583251953125,4152.0,324924.0
089a6b19,0.0,27,0.056687336415052414,0.1200021430850029,0.0,0.007494709454476833,0.02349102683365345,0.06290591508150101,3.09139084815979,-7.474491119384766,30.536510467529297,-89.60674285888672,-27.869686126708984,-6.447506904602051,12.53832721710205,89.50874328613281,17.44656753540039,39.696781158447266,0.0,2.5580246448516846,6.549107074737549,15.642021179199219,1476.800048828125,3977.96484375,89.86563110351562,3796.166748046875,3912.0,3973.083251953125,4058.0,4169.0,165201.0
09331bb8,46.25383,26,0.044523049145936966,0.1178109347820282,0.0,0.0016332344384863973,0.016564102843403816,0.041891828179359436,3.9253323078155518,-21.519271850585938,47.4461555480957,-89.9281005859375,-57.838294982910156,-25.240161895751953,-0.13946937024593353,89.70540618896484,17.963802337646484,46.68962478637695,0.0,1.7599999904632568,7.222222328186035,22.0,2616.0,3867.60205078125,180.1833953857422,3098.166748046875,3771.0,3816.0,4035.0,4187.0,224081.0
0983654b,0.0,31,0.09931143373250961,0.1942177414894104,0.0,0.014759019017219543,0.03712129592895508,0.09517497941851616,4.61789083480835,-8.518156051635742,33.26936721801758,-89.67717742919922,-29.713111400604248,-8.9229154586792,10.992002964019775,88.5105972290039,121.62174987792969,344.8868713378906,0.0,4.611854910850525,19.25,58.47893142700195,2615.5,4117.98828125,56.27550506591797,3906.0,4111.0,4129.0,4152.0,4181.0,26932.0
099e3614,0.0,30,0.07716167718172073,0.16340982913970947,0.0,0.011058320291340351,0.02953983284533024,0.07478189468383789,5.21638822555542,-2.196718215942383,30.405738830566406,-89.6881332397461,-22.285818099975586,-2.0571463108062744,17.043315887451172,89.13204956054688,110.53878784179688,357.0230407714844,0.0,2.5,7.666666507720947,25.0,2650.5,3930.58935546875,122.0685806274414,3750.0,3818.0,3912.0,4027.0,4181.0,220453.0
09b29113,0.0,24,0.04008781537413597,0.0978606641292572,0.0,0.0022164153633639216,0.013212367426604033,0.03663428220897913,7.804427623748779,21.66436004638672,35.93515396118164,-89.37910461425781,3.553409159183502,27.908098220825195,46.75312614440918,89.65538024902344,16.710725784301758,90.27507781982422,0.0,2.303278088569641,4.721311569213867,10.48940396308899,2578.39990234375,3852.8232421875,167.56106567382812,3098.166748046875,3747.0,3819.166748046875,3976.0,4193.0,398268.0
0a418b57,0.0,33,0.056784626096487045,0.13867053389549255,0.0,0.006549045909196138,0.018648209050297737,0.052287787199020386,4.674657821655273,-17.940048217773438,31.710233688354492,-89.8467788696289,-39.841596603393555,-18.342580795288086,1.038353145122528,89.840576171875,34.27212905883789,161.9933319091797,0.0,2.642857074737549,7.5,16.41666603088379,2622.60009765625,3951.493408203125,110.12098693847656,3773.666748046875,3847.0,3942.0,4035.0,4202.0,213423.0
0a431608,0.0,25,0.03808749467134476,0.08499445021152496,0.0,0.004824789939448237,0.013684032950550318,0.03655899129807949,5.320760250091553,16.07373046875,36.097476959228516,-89.27056121826172,-6.948545336723328,17.2232666015625,41.978397369384766,89.79375457763672,38.340763092041016,206.77142333984375,0.0,1.6461567282676697,4.222222328186035,11.174071550369263,2619.60009765625,3932.781494140625,122.14813232421875,3777.0,3818.0,3915.083251953125,4029.0,4195.58349609375,258654.0
0b4014f0,29.171776,43,0.04091084748506546,0.10297565907239914,0.0,0.0003610629792092368,0.013557516504079103,0.03719364572316408,3.589721202850342,-2.7128539085388184,41.40973663330078,-89.77100372314453,-34.09999465942383,-3.534905195236206,26.227588653564453,89.52589416503906,118.3405532836914,359.4646911621094,0.0,2.1333568692207336,4.49080753326416,17.563552856445312,2654.0,3883.21142578125,154.77291870117188,3098.166748046875,3771.0,3876.0,4005.0,4181.0,504524.0
0b50f3fa,28.435564,24,0.05166999250650406,0.19000889360904694,0.0,0.0005762309010606259,0.01213378831744194,0.03392353095114231,5.205941677093506,-2.3171629905700684,39.542808532714844,-89.74010467529297,-31.079277992248535,-1.163678765296936,26.082247734069824,89.56771087646484,37.27198791503906,181.20106506347656,0.0,1.6259927153587341,4.5,10.60875129699707,2648.199951171875,3885.1806640625,155.36444091796875,3196.0,3753.083251953125,3876.0,3999.083251953125,4184.0,284735.0
0b518637,0.0,31,0.07811901718378067,0.20740965008735657,0.0,0.009577665477991104,0.028317667543888092,0.0645693801343441,5.239979267120361,-4.861422061920166,31.981307983398438,-89.4717788696289,-26.544913291931152,-5.090270042419434,14.563965797424316,89.19886016845703,17.415695190429688,106.74571990966797,0.0,1.9039183855056763,4.5,9.920443534851074,2562.800048828125,3938.270263671875,120.55741119384766,3742.0,3829.0,3908.0,4041.0,4190.0,208323.0
0b7d7aec,76.24859,23,0.002177988411858678,0.008230188861489296,0.0,4.123051894566743e-06,2.9486815037671477e-05,0.0008774034213274717,0.24430933594703674,-68.54066467285156,22.603124618530273,-89.79344177246094,-75.40826416015625,-74.01710510253906,-67.7820053100586,82.28968811035156,12.164907455444336,17.059110641479492,0.0,11.5,11.5,11.5,255.10000610351562,3837.209716796875,163.22714233398438,3393.0,3754.0,3806.0,3929.0,4175.0,85061.0
0b7d9da6,0.0,43,0.08308305591344833,0.2038549780845642,0.0,0.01094779884442687,0.03229987248778343,0.07498817890882492,4.807332992553711,-17.523839950561523,29.265775680541992,-89.78705596923828,-37.82517433166504,-17.572961807250977,2.3472365140914917,88.47237396240234,62.73708724975586,297.1004943847656,0.0,2.0618820190429688,5.730769157409668,14.75,2647.0,3932.306884765625,125.34003448486328,3724.0,3818.0,3923.0,4033.75,4186.33349609375,244647.0
0bd89878,0.0,36,0.08806393295526505,0.18663938343524933,0.0,0.013518186286091805,0.03398457169532776,0.07924706302583218,3.983652353286743,18.860057830810547,31.009904861450195,-89.60791778564453,1.3828382790088654,21.586992263793945,40.667802810668945,89.61245727539062,53.999202728271484,220.21273803710938,0.0,1.9591825902462006,5.495782375335693,14.469428777694702,2606.800048828125,3845.724609375,164.7418975830078,3100.0,3741.333251953125,3818.0,3964.0,4185.0,369308.0
0bfe4fc9,13.972485,23,0.036885641515254974,0.12717150151729584,0.0,0.0018645381787791848,0.012553618289530277,0.027948860079050064,5.311954021453857,0.21739260852336884,38.31822967529297,-89.90895080566406,-25.996814727783203,2.1435446739196777,25.228004455566406,89.30590057373047,16.752395629882812,94.47980499267578,0.0,2.1795740127563477,4.8039350509643555,11.375,2623.39990234375,3858.18017578125,145.08926391601562,3413.0,3747.0,3818.0,3976.0,4170.0,328497.0
0c4e2d68,0.0,61,0.07571582496166229,0.1473516970872879,0.0,0.0118149658665061,0.03469168022274971,0.08403053134679794,5.11810302734375,-4.3873820304870605,29.89375877380371,-89.89330291748047,-23.304984092712402,-3.106294870376587,13.479872703552246,89.8924560546875,55.99627685546875,242.10293579101562,0.0,1.6835980415344238,7.080321311950684,20.859821319580078,2625.75,3898.64013671875,132.86997985839844,3129.666748046875,3796.416748046875,3867.833251953125,3997.916748046875,4166.0,231607.0
0c4eabac,0.0,41,0.09365618228912354,0.21989889442920685,0.0,0.009331312961876392,0.028721671551465988,0.07771322131156921,4.550590991973877,-6.007008075714111,38.538265228271484,-89.715576171875,-31.154995918273926,-4.406719207763672,15.255163192749023,89.79439544677734,18.829797744750977,72.77206420898438,0.0,2.0906766653060913,6.599999904632568,15.770748615264893,2592.199951171875,4044.889404296875,99.87411499023438,3753.0,4000.0,4046.0,4122.708251953125,4211.0,83671.0
0c98f822,55.22833,21,0.03924202173948288,0.12679316103458405,0.0,0.001888560364022851,0.01223393902182579,0.026360525749623775,5.677712917327881,-4.164089679718018,46.213016510009766,-89.93181610107422,-36.521910667419434,-1.8183212876319885,27.51801586151123,89.80126190185547,134.8719940185547,417.07763671875,0.0,4.75,9.587956428527832,24.34531259536743,2632.60009765625,3901.456787109375,150.61123657226562,3407.0,3771.0,3935.0,4019.6250610351562,4175.0,166234.0
0cbe4e54,2.3239803,23,0.03586547449231148,0.09698041528463364,0.0,0.000310658011585474,0.011515341699123383,0.033019376918673515,5.036164283752441,-10.693248748779297,41.7625617980957,-89.68910217285156,-41.489943504333496,-16.626107215881348,12.320680379867554,89.45924377441406,18.217134475708008,119.99919891357422,0.0,1.875,4.957460880279541,10.326780319213867,2619.0,3856.78271484375,148.08253479003906,3432.0,3753.0,3818.0,3970.0,4175.0,378880.0
0d01bbf2,0.0,36,0.06154239550232887,0.12936945259571075,0.0,0.007793206023052335,0.027121642604470253,0.06863944977521896,4.5683088302612305,-14.67698860168457,28.848203659057617,-89.82072448730469,-34.63505935668945,-12.874933242797852,2.749032974243164,89.67333221435547,41.468441009521484,180.04605102539062,0.0,1.5,5.495555400848389,21.66666603088379,2659.666748046875,3876.515869140625,121.0273208618164,3706.0,3779.25,3841.0,3970.0,4179.0,269335.0
0d279d77,38.837856,24,0.0413844957947731,0.10725405067205429,0.0,0.0005371477163862437,0.010799109004437923,0.03372717835009098,4.199594974517822,4.341897964477539,40.87934494018555,-89.82032775878906,-25.248311042785645,2.7207555770874023,32.58318328857422,88.7555923461914,15.650623321533203,26.4679012298584,0.0,3.403595209121704,7.017490386962891,16.95838451385498,2343.0,3919.09716796875,129.5552520751953,3231.0,3824.0,3917.0,4012.25,4167.0,238995.0
0d4800c8,2.7331738,23,0.0380500853061676,0.09512058645486832,0.0,0.0003450081712799147,0.012051775120198727,0.03382548503577709,3.9525320529937744,-9.392738342285156,41.28407287597656,-89.7136459350586,-41.48684883117676,-10.772457122802734,17.286757469177246,88.90380096435547,48.89095687866211,222.15560913085938,0.0,1.9137930870056152,5.666324615478516,14.403225898742676,2612.333251953125,3857.6953125,177.31771850585938,3098.166748046875,3741.0,3835.0,3996.666748046875,4197.0,357111.0
0d4fa8f4,0.0,37,0.06901467591524124,0.13514520227909088,0.0,0.010614847531542182,0.027591470628976822,0.07098942250013351,3.7911269664764404,18.023231506347656,32.604461669921875,-89.67378997802734,-1.0875178277492523,21.23088264465332,41.18525505065918,89.44017791748047,65.12908935546875,271.0291442871094,0.0,1.3818139135837555,3.0999999046325684,10.666666984558105,2632.800048828125,3889.394775390625,134.81344604492188,3689.0,3782.0,3845.5,3996.416748046875,4188.0,317056.0
0d570d3e,68.99891,10,0.013762733899056911,0.01657916232943535,0.0,0.0007761627493891865,0.008160672150552273,0.02316542947664857,0.40209707617759705,-7.178127288818359,39.77310562133789,-89.70767211914062,-10.311444759368896,-8.465739250183105,3.1133201122283936,89.36312866210938,11.485793113708496,3.563314199447632,0.0,10.917740821838379,11.636060237884521,12.222709655761719,144.0,3968.22119140625,84.79740905761719,3800.0,3920.0,3947.0,3970.0,4172.0,66572.0
0d924604,0.0,37,0.07196184992790222,0.1794300675392151,0.0,0.009664528770372272,0.02789356280118227,0.06968005001544952,5.196629524230957,-12.611626625061035,33.388458251953125,-89.56624603271484,-35.84983444213867,-11.91154146194458,8.37946891784668,89.90111541748047,137.68653869628906,384.5461730957031,0.0,5.8887447118759155,17.66666603088379,47.46485710144043,2641.199951171875,3888.702880859375,135.5115966796875,3689.0,3782.0,3844.5,3994.0,4193.0,309726.0
0e3b0bd2,69.822876,22,0.005275392439216375,0.013734458014369011,0.0,3.7356217603701225e-06,0.0003153900324832648,0.003903055447153747,0.6940900683403015,54.94386291503906,43.550025939941406,-87.59463500976562,62.444847106933594,72.65240097045898,78.20584487915039,89.3993911743164,2.7372548580169678,24.993818283081055,0.0,0.0,0.0,0.0,922.2000122070312,3781.67724609375,117.9808349609375,3098.166748046875,3718.0,3782.0,3847.0,4095.0,95060.0
0ec403df,0.0,37,0.035154543817043304,0.04346073418855667,0.0,0.00815368932671845,0.02449145633727312,0.040528977289795876,0.9495037794113159,-9.87268352508545,41.29011154174805,-89.77117919921875,-38.96533489227295,-12.635937690734863,16.968634128570557,88.40657806396484,24.256065368652344,117.6379623413086,0.0,1.4453532099723816,5.0560386180877686,20.417968273162842,2485.800048828125,4077.4716796875,90.7770767211914,3842.0,4017.0,4117.0,4146.33349609375,4181.0,37760.0
0ed2a3c8,40.66787,21,0.06733779609203339,0.17934708297252655,0.0,0.0008713896968401968,0.006963714491575956,0.036621399223804474,3.4506266117095947,-3.0713813304901123,45.83424377441406,-89.89109802246094,-33.17255783081055,-6.771179676055908,24.012446403503418,89.878173828125,25.149263381958008,151.3174285888672,0.0,1.2933115363121033,3.6243107318878174,11.0,2641.39990234375,3941.28759765625,121.72103118896484,3472.0,3841.0,3935.0,4035.0,4177.0,225647.0
0eddd8e5,3.9980009,22,0.0591113343834877,0.26532238721847534,0.0,0.0002151171356672421,0.010457065887749195,0.034465134143829346,6.963262557983398,-16.806612014770508,37.66438293457031,-89.91471862792969,-45.31983947753906,-21.362943649291992,7.435642242431641,88.46830749511719,38.11391067504883,180.98765563964844,0.0,1.9836394786834717,6.7568535804748535,14.413859367370605,2611.199951171875,3825.261474609375,154.1957550048828,3098.166748046875,3736.0,3806.0,3941.0,4160.0,344169.0
0f6b71c4,85.59349,20,0.02467217668890953,0.06216172128915787,0.0,0.000179174734512344,0.0027753061149269342,0.01131062163040042,0.8856999278068542,6.506156921386719,52.612239837646484,-89.07846069335938,-42.51638126373291,15.537562847137451,54.02976608276367,89.48214721679688,1.194830060005188,8.1807222366333,0.0,0.1791621446609497,0.321961373090744,0.45282717049121857,118.5,3991.565185546875,72.27508544921875,3630.0,3958.1875610351562,3988.0,4041.0,4158.0,47426.0
0fbb3ca5,0.0,31,0.03902963548898697,0.0714045986533165,0.0,0.004617777653038502,0.015177015215158463,0.04032861441373825,3.3651349544525146,-10.278132438659668,30.544754028320312,-89.86087036132812,-29.61740493774414,-7.980110168457031,7.096616983413696,89.52587890625,105.9126968383789,379.3920593261719,0.0,2.3888251781463623,8.000970840454102,21.200000762939453,2628.0,3959.383056640625,118.29712677001953,3777.0,3847.0,3951.666748046875,4064.0,4191.0,211351.0
101774f0,0.0,35,0.061924003064632416,0.14269664883613586,0.0,0.010936785489320755,0.02632136270403862,0.05568402260541916,3.717957019805908,14.065640449523926,32.2674674987793,-89.8447265625,-7.018595457077026,17.467546463012695,37.05393028259277,89.3766860961914,35.083683013916016,178.0198974609375,0.0,1.4324806332588196,4.188405990600586,11.667783260345459,2652.333251953125,3885.627197265625,137.45220947265625,3683.0,3777.0,3841.0,3989.666748046875,4193.0,337567.0
101c27f1,0.0,31,0.085963174700737,0.19412676990032196,0.0,0.010166405932977796,0.030217339284718037,0.08113586716353893,5.670063018798828,-12.02730941772461,29.584712982177734,-89.80358123779297,-32.06106758117676,-11.464770317077637,6.382734417915344,89.60174560546875,41.24917984008789,181.29678344726562,0.0,2.5,8.0,20.45451307296753,2589.39990234375,3918.956298828125,99.15826416015625,3774.0,3824.0,3917.0,3994.0,4153.0,202184.0
108b8659,0.18577577,23,0.05212653800845146,0.18276996910572052,0.0,0.0021801404654979706,0.013460435904562473,0.04277230054140091,7.077813625335693,-8.908473014831543,38.276004791259766,-89.8974838256836,-34.18533706665039,-11.633008003234863,13.18460464477539,89.32791900634766,12.414026260375977,39.96125793457031,0.0,1.258510947227478,3.4543542861938477,10.851190567016602,2578.75,3835.321533203125,162.59129333496094,3098.166748046875,3736.0,3806.0,3953.0,4170.0,386665.0
10ad8c48,17.817072,24,0.032124899327754974,0.09642629325389862,0.0,0.002685957821086049,0.011797754094004631,0.02490130625665188,5.724996566772461,-0.5869669914245605,37.69493865966797,-89.70513153076172,-29.264177322387695,1.1034204959869385,25.49444580078125,89.62333679199219,34.30805587768555,180.4950408935547,0.0,2.4004738330841064,5.445584774017334,13.8375244140625,2642.39990234375,3828.499755859375,176.43646240234375,3098.166748046875,3730.0,3789.833251953125,3923.0,4182.0,325857.0
10e46254,0.0,34,0.07543087750673294,0.1389617919921875,0.0,0.012042145011946559,0.033113302662968636,0.08085993677377701,5.259890079498291,-2.9367733001708984,30.443180084228516,-89.9386215209961,-22.845397472381592,-1.533527672290802,16.623988151550293,89.26387786865234,30.061880111694336,144.26536560058594,0.0,2.1965909004211426,6.305180549621582,17.66666603088379,2625.199951171875,3929.428466796875,115.93911743164062,3753.0,3818.0,3923.0,4017.0,4166.0,250210.0
113f5798,0.0,22,0.043878644704818726,0.05466454103589058,0.0,0.012564520817250013,0.02208823710680008,0.047723496332764626,0.28803640604019165,-11.98985481262207,43.40229415893555,-89.219970703125,-47.083316802978516,-10.774741172790527,18.239609718322754,89.32331085205078,31.292007446289062,32.184425354003906,0.0,10.246081829071045,22.021778106689453,44.01497268676758,536.7999877929688,4049.010498046875,146.9898223876953,3865.0,3870.0,4175.0,4175.0,4193.0,2931.0
11739de2,0.0,21,0.025326678529381752,0.02688540518283844,0.0,0.00907472986727953,0.01914983708411455,0.03406188637018204,0.8088796138763428,16.982097625732422,68.82318878173828,-89.71102142333984,-72.13903427124023,66.48559188842773,79.48008346557617,88.92273712158203,14.115302085876465,26.267656326293945,0.0,2.2706273794174194,11.431772708892822,17.862928867340088,346.6000061035156,3953.476806640625,113.0906753540039,3870.0,3888.0,3912.0,3917.0,4191.0,10848.0
119d7562,0.0,40,0.04662194475531578,0.08740103244781494,0.0,0.006331649608910084,0.01955390814691782,0.049855912104249,4.335701942443848,-14.887227058410645,33.7596321105957,-89.64021301269531,-38.87546634674072,-17.09395980834961,4.032397985458374,88.92179107666016,29.302227020263672,155.80618286132812,0.0,1.476190447807312,4.47351861000061,13.0,2643.0,3853.742431640625,156.83416748046875,3243.0,3747.0,3818.0,3972.0,4187.0,344368.0
119e181e,20.225883,25,0.04200892150402069,0.10516209155321121,0.0,0.001661729416809976,0.010553945787250996,0.03639913722872734,3.1016316413879395,-6.929133892059326,45.58958435058594,-89.85111999511719,-41.26765060424805,-5.057505130767822,27.37973976135254,89.59965515136719,15.769681930541992,64.95391845703125,0.0,2.0459578037261963,4.767809867858887,12.912324905395508,2561.0,3860.7451171875,160.2559051513672,3098.166748046875,3765.0,3824.0,3970.0,4181.0,327781.0
11be5d2e,26.692354,25,0.018949389457702637,0.048273008316755295,0.0,0.0010953184682875872,0.005005774553865194,0.015309580601751804,1.9782651662826538,-22.080154418945312,41.733482360839844,-89.87675476074219,-53.34336757659912,-30.632692337036133,-1.7173610627651215,89.73123168945312,134.6498260498047,388.5950622558594,0.0,4.740071415901184,14.628430366516113,38.79999923706055,2631.800048828125,3879.419189453125,177.62521362304688,3237.0,3753.0,3870.0,4017.0,4201.0,296510.0
11f9b26c,27.33351,23,0.056054554879665375,0.12903064489364624,0.0,0.0017405382823199034,0.01761724427342415,0.05657779425382614,3.0959811210632324,-7.318806171417236,37.05729293823242,-89.71755981445312,-32.79505157470703,-9.74996566772461,12.779875755310059,89.39598083496094,14.839875221252441,86.70697021484375,0.0,1.2641561031341553,3.6477787494659424,9.696969985961914,2646.666748046875,3892.304931640625,149.47052001953125,3098.166748046875,3782.0,3876.0,4000.0,4181.0,286049.0
12380b06,10.700967,24,0.0268272552639246,0.06542208045721054,0.0,0.0015618461184203625,0.009654435329139233,0.028941555880010128,4.563925266265869,-12.298986434936523,45.49611282348633,-89.84574890136719,-47.248043060302734,-16.07574462890625,16.38366413116455,89.86550903320312,37.332557678222656,205.4355926513672,0.0,2.347785711288452,6.025577068328857,12.223989963531494,2617.5,3840.166748046875,142.93019104003906,3290.0,3736.0,3794.0,3949.416748046875,4164.0,359239.0
12a607f6,0.0,2,0.041619643568992615,0.14334477484226227,0.0,0.0,0.0027059155981987715,0.029546988662332296,2.712416648864746,-14.224784851074219,45.83757781982422,-89.04173278808594,-43.92248249053955,-8.911301136016846,22.277355194091797,87.24238586425781,30.32012939453125,111.23980712890625,0.0,3.0,3.0,17.236485958099365,1925.199951171875,3826.39013671875,171.61924743652344,3093.416748046875,3730.0,3800.0,3947.0,4182.0,10440.0
1301f65d,10.747088,23,0.03780057653784752,0.10840427130460739,0.0,0.0007273278606589884,0.008569752797484398,0.030364765785634518,2.8894922733306885,-10.11950397491455,37.18364334106445,-89.71900177001953,-37.40800094604492,-9.091453552246094,14.367537021636963,89.05760955810547,17.36979866027832,76.43965148925781,0.0,1.222640335559845,4.5,14.372731685638428,2626.60009765625,3839.973876953125,131.65057373046875,3536.0,3741.333251953125,3806.0,3941.0,4179.0,351255.0
1314bc8c,4.158881,23,0.029533086344599724,0.08306370675563812,0.0,0.0002647164583322592,0.0051510517951101065,0.023897689301520586,2.604445695877075,-23.078189849853516,43.23716735839844,-89.69027709960938,-58.2416467666626,-30.339635848999023,2.0151143074035645,89.33251953125,69.48438262939453,306.12939453125,0.0,1.2449024617671967,4.392560720443726,14.887677669525146,2612.0,3841.414794921875,145.72886657714844,3266.0,3741.0,3806.0,3953.0,4155.0,368322.0
137baaec,78.253815,19,0.01648540608584881,0.06056959182024002,0.0,0.0006856214895378798,0.002703269012272358,0.013020948506891727,3.5120255947113037,-31.97810935974121,64.10921478271484,-89.62269592285156,-85.00653076171875,-67.44635772705078,18.657955169677734,89.65619659423828,7.691287040710449,6.839761257171631,0.0,4.0,7.181662082672119,9.114050388336182,166.0,3884.9072265625,138.7813262939453,3689.0,3765.0,3847.0,4005.0,4171.0,66239.0
13eee030,0.0,35,0.056425221264362335,0.12265434116125107,0.0,0.009644139558076859,0.024974148720502853,0.06005997955799103,5.1513447761535645,-8.00865364074707,31.479955673217773,-89.63782501220703,-30.549245834350586,-6.5601654052734375,12.949651718139648,89.0852279663086,55.546875,217.2895050048828,0.0,2.125,6.393001079559326,23.0,2629.0,3869.498046875,142.18890380859375,3642.0,3756.416748046875,3828.0,3982.0,4184.0,354375.0
13fca10c,42.796074,18,0.03685211017727852,0.07979483902454376,0.0,0.0003833193695754744,0.008432813920080662,0.042116924189031124,3.15130877494812,7.512885093688965,45.04476547241211,-89.87223815917969,-22.519734859466553,11.381037712097168,38.102203369140625,89.6562728881836,36.14766311645508,174.23695373535156,0.0,2.2010244727134705,6.77419376373291,15.5,2648.800048828125,3825.678466796875,181.0541229248047,3098.166748046875,3700.0,3812.0,3964.0,4137.0,218012.0
14391970,0.0,36,0.06613188236951828,0.18268868327140808,0.0,0.00894145481288433,0.025393662974238396,0.05884982459247112,4.53394889831543,-10.880383491516113,34.2742919921875,-89.83416748046875,-33.5629825592041,-12.304839134216309,7.221261739730835,89.60668182373047,39.06051254272461,165.0142822265625,0.0,3.055555582046509,8.25,19.35942268371582,2624.60009765625,3926.261962890625,113.65501403808594,3782.0,3829.0,3882.0,4005.0,4173.0,142107.0
144a9a79,4.424641,23,0.04288104176521301,0.1281617432832718,0.0,0.0003573493304429576,0.008855215273797512,0.030252888798713684,4.529240608215332,-16.084718704223633,36.159873962402344,-89.77369689941406,-43.137237548828125,-17.495710372924805,5.45157790184021,89.0654525756836,62.765193939208984,292.5584716796875,0.0,1.5625,4.30986213684082,10.411381721496582,2645.5,3859.0859375,148.64407348632812,3098.166748046875,3753.0,3824.0,3970.0,4175.0,368119.0
14568d61,71.31474,14,0.010844131000339985,0.05378545820713043,0.0,0.0,0.00016782343300292268,0.0023321305052377284,2.0944652557373047,11.653730392456055,44.098426818847656,-89.86710357666016,-10.614501237869263,4.958924770355225,42.77518081665039,89.07704162597656,35.92665100097656,35.93352508544922,0.0,7.437568545341492,15.414648532867432,59.576683044433594,1216.5999755859375,3849.208740234375,185.72544860839844,3239.0,3730.0,3818.0,3964.0,4173.0,68304.0
1470a1df,6.0795555,25,0.035537369549274445,0.09647207707166672,0.0,0.0004411455010995269,0.006899607367813587,0.031843964010477066,3.9005210399627686,-10.850251197814941,38.43148422241211,-89.854736328125,-39.008846282958984,-10.59931468963623,13.487218856811523,89.41678619384766,16.33583641052246,63.029659271240234,0.0,2.14309561252594,6.0,16.190463066101074,2610.25,3834.050048828125,159.07984924316406,3098.166748046875,3741.0,3806.0,3941.0,4182.0,388051.0
14a6e58e,0.0,30,0.06585538387298584,0.1412479132413864,0.0,0.012296577449887991,0.025016811676323414,0.05864560138434172,3.0356740951538086,-0.33742856979370117,32.17217254638672,-89.49238586425781,-21.151971340179443,0.12851203233003616,20.370879650115967,89.55020904541016,85.288330078125,314.0940246582031,0.0,3.3658607602119446,7.686192750930786,21.399999618530273,2631.0,4024.888916015625,90.14601135253906,3818.0,3947.0,4005.0,4105.0,4187.0,128074.0
14b3d6e5,0.0,36,0.06945807486772537,0.16518624126911163,0.0,0.008187211817130446,0.026105848141014576,0.06472799740731716,4.048248767852783,-9.994357109069824,32.125675201416016,-89.76885986328125,-31.662606239318848,-9.6250581741333,10.144150495529175,89.34318542480469,61.18315887451172,241.2650909423828,0.0,2.93952339887619,8.520591735839844,26.935903072357178,2644.199951171875,3873.208984375,134.9295196533203,3677.0,3765.0,3833.125,3976.0,4179.0,334750.0
15227eef,2.0831447,24,0.02669323794543743,0.06296157091856003,0.0,0.0010098946513608098,0.009705746546387672,0.029613500460982323,3.7827329635620117,-6.280793190002441,39.79631042480469,-89.8423080444336,-36.387786865234375,-8.643797874450684,18.823368072509766,89.9168930053711,54.28372573852539,210.58802795410156,0.0,3.0039329528808594,7.371516704559326,21.58027458190918,2650.0,3837.477294921875,158.97039794921875,3098.166748046875,3741.0,3806.0,3953.0,4181.0,389017.0
154d1191,12.535383,11,0.05832855403423309,0.14704294502735138,0.0,0.003986695781350136,0.0204986110329628,0.056951507925987244,4.136937141418457,-4.392314910888672,37.934967041015625,-89.63424682617188,-31.427061080932617,-4.337143421173096,20.352991104125977,89.8724136352539,14.269885063171387,49.21150588989258,0.0,1.870734691619873,5.9347825050354,14.666666984558105,2632.60009765625,3880.21044921875,181.7843475341797,3099.333251953125,3752.0,3847.0,4029.0,4199.0,154841.0
15dbc929,6.17258,23,0.05378715693950653,0.1768450289964676,0.0,4.900812928099185e-05,0.009401530958712101,0.039965078234672546,6.1555047035217285,-7.474032878875732,39.255733489990234,-89.87395477294922,-37.30739974975586,-7.786858558654785,19.081546783447266,89.19062805175781,19.387229919433594,94.88420867919922,0.0,2.0,5.986437797546387,12.77173900604248,2611.0,3865.79296875,143.28553771972656,3460.0,3759.0,3825.833251953125,3976.0,4190.0,367013.0
15f217a6,0.0,32,0.05706767365336418,0.10658521950244904,0.0,0.00958603248000145,0.027736688032746315,0.06354953534901142,2.985414505004883,-11.855643272399902,29.650985717773438,-89.69622802734375,-31.83020830154419,-12.94440507888794,6.103800058364868,89.45307159423828,13.144851684570312,28.861129760742188,0.0,1.972397357225418,5.706816673278809,13.739839553833008,2209.199951171875,3861.7294921875,132.6767578125,3623.0,3759.0,3827.333251953125,3968.5,4172.0,333680.0
15f2e240,0.0,26,0.06026550009846687,0.10232282429933548,0.0,0.009831864386796951,0.030708996579051018,0.07496433705091476,3.4682321548461914,-3.391099691390991,34.537784576416016,-89.48493194580078,-27.084314346313477,-4.998168468475342,20.38052749633789,89.64351654052734,118.0074462890625,375.7746276855469,0.0,3.5,8.683115005493164,32.02278518676758,2621.333251953125,3872.1240234375,140.37681579589844,3098.25,3765.0,3824.0,3982.0,4179.0,206585.0
1606f203,17.041897,24,0.048551950603723526,0.13922858238220215,0.0,0.0010427554370835423,0.012105236761271954,0.04178660735487938,5.7465434074401855,-16.38202667236328,36.55774688720703,-89.7232437133789,-42.25555419921875,-18.860139846801758,5.193553924560547,89.4505615234375,86.0538330078125,333.6552734375,0.0,2.125,6.580246925354004,20.25,2643.333251953125,3849.373291015625,163.3231964111328,3098.166748046875,3736.0,3794.0,3982.0,4185.0,331513.0
1649ce22,0.0,38,0.06495166569948196,0.12977205216884613,0.0,0.0089677469804883,0.026150016114115715,0.07196125946938992,4.299871444702148,-14.416584968566895,30.837032318115234,-89.85688018798828,-35.306870460510254,-13.500075340270996,5.188708424568176,89.67005920410156,19.199108123779297,54.08329772949219,0.0,2.3751813173294067,7.384615421295166,19.43085813522339,2552.39990234375,3889.1064453125,119.6564712524414,3683.0,3788.0,3853.0,3988.0,4181.0,257640.0
17c1ae23,0.0,9,0.0630846843123436,0.13716253638267517,0.0,0.014637856045737863,0.02749812975525856,0.05342918820679188,3.293027877807617,-7.850918769836426,38.27452087402344,-88.93528747558594,-38.02914810180664,-12.648195266723633,19.48255681991577,89.66893005371094,19.351648330688477,98.22415161132812,0.0,2.6606650352478027,7.8482091426849365,17.381797790527344,2583.199951171875,4111.57373046875,44.377288818359375,4032.416748046875,4070.0,4117.0,4152.0,4191.0,50994.0
1837456f,0.0,39,0.06992810219526291,0.15376783907413483,0.0,0.010235659079626203,0.029980437830090523,0.0769883282482624,4.8578596115112305,-15.226422309875488,29.12095832824707,-89.4375,-34.510680198669434,-15.05293321609497,0.5826955735683441,89.62093353271484,87.8847885131836,315.5103759765625,0.0,3.57289981842041,10.497757911682129,29.66666603088379,2631.60009765625,3851.248291015625,151.4945526123047,3173.5,3741.0,3807.25,3970.0,4181.0,342124.0
18b8b2f6,19.622608,24,0.04957669973373413,0.12181445956230164,0.0,0.0008825055847410113,0.013847010675817728,0.04692563787102699,4.462713718414307,-20.075342178344727,36.21358871459961,-89.9010238647461,-45.74017810821533,-20.334514617919922,3.1572911143302917,89.06120300292969,12.992208480834961,47.24905014038086,0.0,2.200000047683716,5.432466268539429,12.818181991577148,2573.39990234375,3860.841064453125,176.39312744140625,3098.166748046875,3748.166748046875,3835.0,3991.833251953125,4183.0,323048.0
19098ef0,70.33979,13,0.020095093175768852,0.05914726108312607,0.0,0.0010594053892418742,0.006398083176463842,0.012788909487426281,2.6983227729797363,-14.745210647583008,54.744384765625,-89.80677032470703,-78.71721267700195,-8.294928550720215,30.923354148864746,89.68733978271484,94.0109634399414,343.07977294921875,0.0,2.990406036376953,9.238805770874023,25.33333396911621,2610.199951171875,3930.20947265625,125.86701202392578,3736.0,3765.0,3988.0,4035.0,4153.0,72759.0
1911731d,18.296831,22,0.03018471598625183,0.08724808692932129,0.0,0.0005567474145209417,0.0062015054281800985,0.02550248196348548,3.1156411170959473,-11.21451187133789,40.152503967285156,-89.33760070800781,-41.83040142059326,-13.831189155578613,10.061990022659302,89.32258605957031,16.83156967163086,58.62782287597656,0.0,1.7127659320831299,5.1160876750946045,12.442914247512817,2543.800048828125,3845.982421875,133.5732879638672,3609.0,3746.25,3800.0,3958.0,4177.0,304400.0
19455336,65.76519,21,0.043142277747392654,0.12930212914943695,0.0,0.0023122935090214014,0.011714091524481773,0.025168322026729584,5.087604522705078,-0.33463573455810547,51.24210739135742,-89.81556701660156,-36.784297943115234,2.3508853912353516,38.29356002807617,89.96045684814453,15.497245788574219,69.22177124023438,0.0,2.7992336750030518,6.902400970458984,9.557269096374512,2408.199951171875,3900.913330078125,199.25209045410156,3098.166748046875,3826.75,3970.0,4017.0,4133.0,122497.0
1957153d,0.0,32,0.04047592356801033,0.10830675810575485,0.0,0.007072879932820797,0.017265960574150085,0.035330167040228844,5.131007671356201,-6.457128524780273,28.85289192199707,-89.67643737792969,-25.432997703552246,-5.204051971435547,12.242802143096924,89.08451843261719,59.64506149291992,245.4252166748047,0.0,2.234425187110901,6.0,18.613118171691895,2637.199951171875,3969.930908203125,108.73733520507812,3754.25,3873.25,3958.0,4047.0,4193.0,156435.0
1a803bfe,67.70076,23,0.014192480593919754,0.02395980805158615,0.0,0.001955788815394044,0.008527842350304127,0.016032544896006584,0.4905422329902649,-10.158370971679688,56.33729934692383,-89.51618194580078,-61.83451461791992,-26.75457191467285,44.75031280517578,89.71417236328125,6.244415283203125,15.972315788269043,0.0,0.3093755543231964,4.269493579864502,7.149656295776367,368.5,3851.66357421875,149.83544921875,3378.0,3782.0,3834.583251953125,3964.0,4168.0,111733.0
1aae1de3,62.032032,23,0.03382287546992302,0.11199245601892471,0.0,0.00020033806140418164,0.006265407428145409,0.025663525331765413,3.999316453933716,-21.08642578125,37.03703308105469,-89.72160339355469,-47.10663986206055,-20.84284019470215,3.473784565925598,89.89450073242188,62.60342788696289,285.4025573730469,0.0,2.6192412972450256,7.894355297088623,16.95161247253418,2644.75,3847.5537109375,149.74441528320312,3419.0,3741.0,3774.833251953125,3982.0,4172.0,147516.0
1aff6762,64.73224,22,0.022057974711060524,0.051266562193632126,0.0,0.0007313885434996337,0.00807089265435934,0.01679802220314741,3.558952808380127,8.371437072753906,50.48851776123047,-89.31412506103516,-27.860804557800293,8.003024101257324,50.84884262084961,89.54716491699219,8.140521049499512,44.00745391845703,0.0,1.268554925918579,3.086932420730591,6.801044702529907,2540.800048828125,3857.235595703125,144.41098022460938,3260.0,3777.0,3836.5,3976.0,4105.0,119927.0
1b2eea8f,5.835569,14,0.03783494606614113,0.10999342799186707,0.0,0.0010340704175177962,0.008265537209808826,0.03411010280251503,5.142364978790283,-5.5545654296875,39.88924789428711,-89.35871887207031,-33.39358901977539,-7.025914669036865,18.557197093963623,89.36861419677734,14.9536771774292,42.07610321044922,0.0,2.366666555404663,5.701535701751709,13.364682674407959,2577.800048828125,3796.822509765625,118.42790985107422,3249.0,3721.833251953125,3777.0,3824.0,4126.0,214204.0
1b32427b,0.0,26,0.02935900166630745,0.042173225432634354,0.0,0.0023943219566717744,0.02055111713707447,0.03861368726938963,0.8014497756958008,-29.56001853942871,52.7951774597168,-89.26900482177734,-74.6682243347168,-54.59026908874512,17.22901725769043,89.21016693115234,30.768169403076172,127.85333251953125,0.0,1.370030790567398,5.1654064655303955,14.312823057174683,2414.0,3942.317138671875,137.91477966308594,3827.0,3853.0,3859.0,4158.0,4175.0,8856.0
1b329556,0.35824102,24,0.04458386078476906,0.11770863085985184,0.0,0.0023538078530691564,0.009914599359035492,0.03529711812734604,4.914551258087158,-8.603569984436035,37.71486282348633,-89.3799819946289,-37.940720558166504,-9.795818328857422,16.79699468612671,89.51360321044922,35.993125915527344,154.34349060058594,0.0,1.681316465139389,5.251727104187012,17.5635085105896,2561.39990234375,3851.494140625,163.67677307128906,3098.166748046875,3747.0,3818.0,3970.0,4184.0,400166.0
1b5b34bc,42.05097,23,0.027798548340797424,0.053300727158784866,0.0,0.001349705329630524,0.010772907175123692,0.03339538350701332,2.3722727298736572,-11.333305358886719,46.94932556152344,-89.93769836425781,-45.30769348144531,-17.030746459960938,13.194957256317139,89.93788146972656,27.143138885498047,114.37606048583984,0.0,3.0,6.8744587898254395,15.914676427841187,2545.39990234375,3841.57275390625,176.58511352539062,3098.166748046875,3777.0,3822.5,3978.6875610351562,4171.0,222756.0
1b6fb363,48.621063,23,0.015569481998682022,0.02147400751709938,0.0,0.0015505925985053182,0.00874675065279007,0.025480112060904503,0.9462820291519165,8.804811477661133,52.924007415771484,-89.44915771484375,-35.048500061035156,2.343787908554077,68.6844482421875,89.78092956542969,6.501115322113037,47.56098175048828,0.0,0.0,1.642522931098938,7.09644079208374,2523.199951171875,3909.261962890625,190.6868438720703,3098.166748046875,3771.0,3953.0,4064.0,4177.0,194933.0
1c063ebc,0.0,34,0.044230297207832336,0.08520304411649704,0.0,0.00787922739982605,0.02055000513792038,0.04915716499090195,2.9011642932891846,-2.4413340091705322,31.223453521728516,-89.04224395751953,-23.379910469055176,-3.9463071823120117,16.68941307067871,89.53417205810547,89.86046600341797,302.6929016113281,0.0,2.9935195446014404,8.743802070617676,30.581202507019043,2633.0,3848.6484375,164.9404296875,3098.166748046875,3741.0,3824.0,3972.833251953125,4181.0,337675.0
1c23295e,73.29772,27,0.015757320448756218,0.033321209251880646,0.0,0.0031927204690873623,0.006518966518342495,0.010705209337174892,1.0343152284622192,-32.820472717285156,53.4485969543457,-89.88636016845703,-86.60711669921875,-42.08427810668945,2.877993941307068,87.86249542236328,11.659661293029785,43.7322998046875,0.0,2.361527681350708,6.564575672149658,12.0,2611.75,3917.042236328125,178.5705108642578,3098.166748046875,3788.0,3824.0,4117.0,4181.0,106887.0
1c5ba087,0.0,42,0.05525226145982742,0.14034216105937958,0.0,0.005797356367111206,0.018102802336215973,0.05322461575269699,3.572629928588867,-15.921793937683105,36.508384704589844,-89.80230712890625,-40.987796783447266,-14.497576713562012,3.7565213441848755,89.30659484863281,43.23714065551758,183.59307861328125,0.0,2.9015969038009644,9.146199226379395,23.799999237060547,2614.25,3982.878173828125,46.79442596435547,3677.0,3953.0,3982.0,4007.083251953125,4187.0,62959.0
1cd37b36,96.12847,10,0.01548705343157053,0.08419214189052582,0.0,0.0,1.3254881196189672e-05,0.0018595397705212235,2.7945456504821777,-70.80819702148438,36.50059509277344,-89.46075439453125,-88.52930450439453,-86.29235076904297,-80.73429107666016,89.50172424316406,6.481881141662598,22.25959587097168,0.0,0.5,1.4812530279159546,7.32026743888855,841.5999755859375,3794.64208984375,339.802001953125,3247.0,3478.0,3718.0,4187.0,4199.0,11963.0
1d78b3c3,10.698974,23,0.059572502970695496,0.15316975116729736,0.0,0.0036239363253116608,0.015087044332176447,0.05313344020396471,5.138878345489502,-7.858358383178711,39.720130920410156,-89.75483703613281,-36.89379405975342,-7.143064975738525,18.75142002105713,89.19024658203125,14.96644115447998,40.46321105957031,0.0,2.3279712200164795,6.083333492279053,14.558237791061401,2450.0,3850.380126953125,162.15933227539062,3098.166748046875,3753.0,3818.0,3958.0,4175.0,345130.0
1e08b1dc,0.0,50,0.02431216835975647,0.04260042682290077,0.0,0.0036256882594898343,0.012621283996850252,0.029650003649294376,2.6161892414093018,-21.09569549560547,45.570838928222656,-89.76132202148438,-59.839131355285645,-24.510165214538574,2.8038724064826965,89.4469985961914,53.55251693725586,261.98663330078125,0.0,1.5,7.25029444694519,21.845989227294922,2650.199951171875,3993.00146484375,109.9977798461914,3782.0,3901.0,4017.0,4087.0,4168.0,62800.0
1e5f6199,0.0,29,0.08991895616054535,0.19818159937858582,0.0,0.01117764599621296,0.03363602235913277,0.09160452149808407,4.873168468475342,-10.5548734664917,29.69198226928711,-89.74520874023438,-29.733778476715088,-8.373580932617188,8.007604598999023,89.36740112304688,18.846960067749023,101.46511840820312,0.0,1.9755267202854156,4.75,13.0,2624.5,3935.2958984375,118.92147064208984,3765.0,3825.75,3918.666748046875,4037.666748046875,4175.0,219310.0
1e87baed,0.0,31,0.057504888623952866,0.12376534938812256,0.0,0.0059503690572455525,0.02171643264591694,0.06033918168395758,5.547372817993164,-18.744295120239258,29.95633888244629,-89.94554901123047,-40.07451152801514,-19.82106590270996,1.6516068279743195,89.72718811035156,20.593530654907227,83.69438171386719,0.0,2.72370582818985,8.139337062835693,18.46140146255493,2629.0,3910.67578125,128.3686065673828,3734.0,3800.0,3872.25,4004.5,4187.0,285286.0
1eda934b,0.0,34,0.04541356489062309,0.07690268009901047,0.0,0.006492115440778434,0.023179709911346436,0.05705716088414192,3.038334369659424,-22.084211349487305,28.278799057006836,-89.87699127197266,-41.44736576080322,-23.159382820129395,-5.612113833427429,89.80728149414062,44.67063903808594,204.25193786621094,0.0,3.489699125289917,8.894355773925781,20.25,2644.0,3812.18359375,131.61874389648438,3337.0,3724.0,3800.0,3888.0,4148.0,282740.0
1eea8df2,3.842499,23,0.010530483908951283,0.016563531011343002,0.0,0.0012935118866153061,0.0050070928409695625,0.013943901751190424,0.6646142601966858,-32.22599411010742,41.8225212097168,-89.73220825195312,-61.85786819458008,-48.06945037841797,-11.082679748535156,89.54905700683594,17.14990234375,54.57123565673828,0.0,2.2506168484687805,6.842990875244141,18.244606971740723,2573.75,3841.264892578125,166.71380615234375,3098.166748046875,3736.0,3818.0,3964.0,4183.0,368470.0
1eedf45e,52.159447,23,0.041195690631866455,0.12880432605743408,0.0,0.00019251267076469958,0.0038801247719675303,0.025980522856116295,3.702362298965454,-23.66250991821289,40.920387268066406,-89.11726379394531,-61.19775390625,-28.454025268554688,3.2298693656921387,89.34062194824219,59.877052307128906,255.8640899658203,0.0,1.5,4.012667179107666,12.11306095123291,2585.60009765625,3943.988037109375,142.60716247558594,3317.0,3859.0,3964.0,4058.0,4166.0,173873.0
1f2164a4,1.9283978,26,0.04595396667718887,0.12874701619148254,0.0,0.0013995484041515738,0.016752688214182854,0.03747871983796358,4.673556327819824,8.997032165527344,37.649845123291016,-89.55529022216797,-14.182060718536377,12.356750011444092,36.25352382659912,89.7659683227539,5.60335111618042,26.633214950561523,0.0,1.1331031918525696,2.632646679878235,5.220302581787109,2515.800048828125,3846.364990234375,162.922119140625,3098.166748046875,3747.0,3818.0,3964.0,4193.0,420734.0
1f5835cd,10.402497,23,0.04247932881116867,0.09488463401794434,0.0,0.0011211818200536072,0.011577699799090624,0.041144367307424545,3.4154651165008545,-14.444781303405762,37.85999298095703,-89.88572692871094,-43.55333232879639,-17.3706111907959,10.411540985107422,89.4261474609375,17.89410400390625,35.3586311340332,0.0,3.1052632331848145,8.893389701843262,21.77268695831299,2269.199951171875,3859.58251953125,147.46224975585938,3483.0,3736.0,3824.0,3972.166748046875,4170.0,353640.0
1f65fa82,16.61727,25,0.03799460455775261,0.10019170492887497,0.0,0.0009938492439687252,0.01119154505431652,0.03022126853466034,5.5632123947143555,-10.508898735046387,35.72861862182617,-89.67102813720703,-36.94021415710449,-10.251629829406738,10.348474979400635,89.88646697998047,79.48275756835938,316.093017578125,0.0,2.2563819885253906,6.0,16.096245765686035,2644.800048828125,3841.51904296875,160.9068145751953,3098.166748046875,3753.0,3809.5,3948.5,4183.0,343619.0
1f7bd44c,63.42405,24,0.030615001916885376,0.10864637047052383,0.0,0.0003352226776769385,0.006533262552693486,0.021987668704241514,2.881192207336426,-23.434736251831055,43.45700454711914,-89.94407653808594,-58.243595123291016,-17.985258102416992,6.556944727897644,89.07647705078125,22.917539596557617,37.49199295043945,0.0,3.100796639919281,9.260208129882812,25.0,432.20001220703125,3990.36083984375,138.31201171875,3354.0,3917.0,3988.0,4105.0,4193.0,139432.0
1fc07a80,2.240711,23,0.0682533010840416,0.17011487483978271,0.0,0.0025961202336475253,0.016479112207889557,0.05479374062269926,3.91178822517395,-11.021263122558594,37.732810974121094,-89.74761199951172,-38.25711727142334,-13.029271125793457,11.556690216064453,88.40376281738281,125.28575134277344,403.3992919921875,0.0,3.0058829188346863,9.46024465560913,29.208020210266113,2641.800048828125,3854.061279296875,152.02471923828125,3259.0,3747.0,3817.75,3964.5,4187.0,377778.0
1fed3943,5.317982,25,0.0412328876554966,0.1204691007733345,0.0,0.0011523173016030341,0.010290282778441906,0.0313195176422596,4.439296722412109,-11.264185905456543,38.97303009033203,-89.85125732421875,-41.02773189544678,-12.61555290222168,12.919460535049438,89.92594909667969,76.3560562133789,284.93389892578125,0.0,3.0,8.679744720458984,25.186484336853027,2642.199951171875,3860.31884765625,151.65328979492188,3431.0,3753.0,3823.7916259765625,3976.0,4202.0,401912.0
214f46e8,0.0,24,0.04224696382880211,0.07590941339731216,0.0,0.0014490981993731111,0.015942532569169998,0.04211477655917406,3.117748737335205,-17.344654083251953,44.356204986572266,-89.92147827148438,-50.939870834350586,-22.436710357666016,6.06564736366272,89.7131118774414,10.025073051452637,38.917728424072266,0.0,1.5304140746593475,3.4796379804611206,8.598101615905762,2610.0,3844.503173828125,161.95071411132812,3098.166748046875,3742.333251953125,3818.0,3964.0,4178.0,401676.0
215ca39b,2.2326748,24,0.037824735045433044,0.06982589513063431,0.0,0.00173709008959122,0.01632006373256445,0.04816714581102133,2.6516222953796387,-18.1256103515625,33.7828254699707,-89.68293762207031,-44.243167877197266,-20.740225791931152,2.649047315120697,86.82795715332031,14.681422233581543,91.69446563720703,0.0,1.5580294728279114,4.246183633804321,9.372835159301758,2618.199951171875,3835.105712890625,135.76976013183594,3390.0,3741.0,3806.0,3941.0,4145.0,380056.0
218faf6f,0.0,39,0.06379867345094681,0.1346854269504547,0.0,0.011684355325996876,0.028953122906386852,0.062419991940259933,5.021980285644531,0.3420637249946594,33.96828842163086,-89.72216033935547,-23.27488422393799,0.9613768458366394,23.680744171142578,89.64588928222656,69.96065521240234,263.8072509765625,0.0,3.108427047729492,9.206125259399414,26.21315097808838,2635.0,3874.052734375,136.5561065673828,3624.0,3771.0,3835.0,3982.0,4171.0,293748.0
21a76448,0.0,36,0.04641949012875557,0.09641607105731964,0.0,0.008613275364041328,0.022662453353405,0.05025229975581169,3.6440846920013428,-10.858424186706543,27.632579803466797,-89.82566833496094,-28.56517791748047,-10.16589069366455,5.3565263748168945,89.70259857177734,96.3375473022461,354.3731689453125,0.0,2.686131477355957,8.13145637512207,29.125,2626.0,3881.55712890625,125.5820083618164,3677.0,3782.0,3841.0,3977.5,4173.0,275749.0
21eb6d47,58.74637,23,0.019245997071266174,0.042772628366947174,0.0,0.0007126041455194354,0.0019279364496469498,0.02216329798102379,2.642537832260132,-29.106630325317383,41.957210540771484,-89.84600067138672,-77.3669662475586,-17.764705657958984,-6.513406753540039,88.7314453125,19.83675765991211,96.0306396484375,0.0,0.9615384340286255,8.694863319396973,13.0,2566.199951171875,3904.64501953125,140.43019104003906,3099.083251953125,3829.0,3897.0,4017.0,4152.0,145441.0
221e37e0,47.04539,24,0.030269954353570938,0.11480189114809036,0.0,6.020228101988323e-05,0.0006656566984020174,0.016725141555070877,4.1774187088012695,-53.531455993652344,42.93482971191406,-89.90967559814453,-87.1533432006836,-71.57659912109375,-21.645973205566406,88.60809326171875,117.04188537597656,348.7099304199219,0.0,5.825496673583984,15.596528053283691,34.25849914550781,2651.0,3852.58642578125,182.8177490234375,3098.166748046875,3736.0,3800.0,4017.0,4187.0,202037.0
22375702,0.0,44,0.054736312478780746,0.054309215396642685,0.0,0.013235270977020264,0.04237178899347782,0.07362593337893486,1.8001456260681152,-8.651007652282715,45.286285400390625,-89.3342056274414,-41.91510486602783,-19.849902153015137,21.779078483581543,89.46326446533203,28.143779754638672,135.37599182128906,0.0,2.2510138750076294,8.526592254638672,19.750935077667236,2626.0,3929.35546875,101.68130493164062,3800.0,3841.0,3917.0,3970.0,4187.0,43038.0
224fc39a,0.0,38,0.03094426915049553,0.0634613111615181,0.0,0.0015863331500440836,0.011356838978827,0.03367442637681961,2.925210952758789,-24.950618743896484,27.573793411254883,-89.8567886352539,-47.836463928222656,-25.020103454589844,-6.474290370941162,89.26747131347656,60.24292755126953,267.8874816894531,0.0,2.0,5.645078659057617,15.81237268447876,2648.5,3915.15185546875,132.25743103027344,3214.0,3800.0,3888.0,4017.0,4181.0,280619.0
22536a61,54.57508,23,0.030732376500964165,0.0723416730761528,0.0,0.0017259255982935429,0.010815327055752277,0.028684016317129135,2.8870954513549805,-33.81455993652344,30.579042434692383,-89.94071960449219,-53.92520523071289,-32.788917541503906,-13.5331392288208,89.02235412597656,21.360000610351562,90.51052856445312,0.0,1.878787875175476,5.5,14.600000381469727,2634.39990234375,3874.26171875,138.96878051757812,3325.0,3771.0,3847.0,3976.0,4164.0,178257.0
22b4191a,0.0,36,0.04097539931535721,0.05881834775209427,0.0,0.008704213658347726,0.02234889194369316,0.04964281525462866,2.212217330932617,12.479903221130371,33.22837448120117,-89.3315658569336,-9.783341646194458,12.757166862487793,36.23567199707031,89.5484848022461,18.632076263427734,46.16204071044922,0.0,3.9032530784606934,8.982332706451416,19.799999237060547,2558.0,3868.046142578125,141.47703552246094,3486.25,3759.0,3827.166748046875,3976.0,4187.0,349404.0
22c72c4e,92.59039,12,0.02317051775753498,0.10403674840927124,0.0,5.038152175984578e-05,0.0023473264882341027,0.011398648843169212,3.922166347503662,-18.12995719909668,48.67015838623047,-88.83678436279297,-65.91617012023926,-16.808393478393555,17.876988410949707,88.34233856201172,54.721378326416016,197.4268798828125,0.0,0.695057600736618,4.75,14.227853298187256,2590.199951171875,4078.807373046875,121.49273681640625,3715.0,4117.0,4132.0,4146.0,4164.0,25522.0
22e44415,0.0,2,0.05551811307668686,0.08151711523532867,0.0,0.016853412613272667,0.03160204738378525,0.0604427345097065,1.34761643409729,-17.393037796020508,30.339658737182617,-89.55482482910156,-38.49717712402344,-19.064193725585938,1.1665825843811035,83.9272232055664,6.874755859375,8.922658920288086,0.0,1.2378261089324951,2.8398876190185547,7.727528095245361,89.5999984741211,3966.54541015625,119.0062026977539,3411.166748046875,3865.0,3982.0,4062.916748046875,4184.0,3617.0
22f43a12,3.5826523,23,0.05666506290435791,0.16798214614391327,0.0,0.001478514081100002,0.01058183889836073,0.036605535075068474,4.982960224151611,-6.639825344085693,39.0211067199707,-89.8782730102539,-36.69691276550293,-6.483177661895752,22.861924171447754,89.61061096191406,78.8235855102539,283.4841003417969,0.0,2.799999952316284,8.977720260620117,26.451812267303467,2629.5,3856.2685546875,168.64637756347656,3098.166748046875,3753.0,3824.0,3982.0,4193.0,367086.0
233b9425,15.904726,23,0.03974337503314018,0.09317242354154587,0.0,0.0006344833964249119,0.013407183811068535,0.034224413335323334,3.032247304916382,7.362941265106201,43.9189338684082,-89.84828186035156,-25.3021821975708,13.771486759185791,41.13906002044678,89.70039367675781,20.075653076171875,26.362077713012695,0.0,3.6223429441452026,10.477682113647461,25.176196575164795,2359.0,3840.92919921875,141.20663452148438,3555.0,3741.0,3806.0,3923.0,4181.0,332226.0
23567787,83.848175,22,0.020517025142908096,0.10954909026622772,0.0,0.001245578081579879,0.0033705936511978507,0.005915014073252678,4.810160160064697,0.3646373748779297,34.33943176269531,-89.16448974609375,-1.5511248409748077,4.49882698059082,8.648999214172363,88.17892456054688,60.00273132324219,48.79796600341797,0.0,9.613585472106934,74.7750015258789,105.0,612.5999755859375,3963.113037109375,162.27462768554688,3659.0,3818.0,3976.0,4117.16650390625,4175.0,56578.0
23dafdab,55.164177,24,0.04694581404328346,0.1468910127878189,0.0,0.0006281367968767881,0.008480733260512352,0.02822535764425993,6.557826519012451,-0.2858646810054779,48.89137649536133,-89.92973327636719,-35.14084815979004,-2.9527382850646973,31.466246604919434,89.74412536621094,15.956559181213379,45.1917724609375,0.0,4.0,7.5326409339904785,17.0,2514.0,3893.0908203125,174.09303283691406,3098.166748046875,3753.0,3947.0,4023.0,4175.0,173259.0
23e024bd,84.65274,25,0.022480783984065056,0.06005464121699333,0.0,0.0,1.6156038327608258e-05,0.014461813494563103,3.0918068885803223,-6.603176116943359,68.01822662353516,-89.86770629882812,-85.9803695678711,2.1904914379119873,57.39372253417969,89.24451446533203,4.15426778793335,28.37714958190918,0.0,0.5,0.5503118634223938,2.0,2363.800048828125,3974.433349609375,167.4831085205078,3098.166748046875,3818.0,4023.0,4129.0,4183.0,51741.0
23e71e7c,0.0,2,0.024491451680660248,0.08291207253932953,0.0,0.0,0.00013524135283660144,0.01524605369195342,3.3335161209106445,-6.737205505371094,37.67437744140625,-86.91311645507812,-37.8996524810791,-5.076690196990967,18.9589786529541,87.12470245361328,48.844791412353516,104.46443176269531,0.0,6.714106559753418,17.411184310913086,54.628793716430664,826.3333129882812,3776.879150390625,145.75416564941406,3092.0,3712.0,3777.166748046875,3880.0416259765625,4005.0,18719.0
24398aed,86.28494,22,0.003630194114521146,0.011994678527116776,0.0,0.0013549975119531155,0.0020432546734809875,0.003110537538304925,1.1147494316101074,-45.681217193603516,68.25729370117188,-89.89893341064453,-89.36003875732422,-87.1510009765625,0.8429645895957947,89.6986083984375,12.508601188659668,36.52482604980469,0.0,0.414040744304657,1.4231828451156616,7.240761756896973,270.79998779296875,3873.430419921875,226.5652313232422,3180.0,3718.0,3765.0,4140.0,4185.0,45305.0
2496c491,13.495938,25,0.03596673160791397,0.09260588884353638,0.0,0.002056242199614644,0.012628836557269096,0.03357393108308315,4.601776599884033,-14.56740951538086,37.707611083984375,-89.52178192138672,-43.496110916137695,-15.819866180419922,10.878008365631104,88.98432159423828,34.591888427734375,182.44375610351562,0.0,2.102081537246704,5.88284969329834,16.770445823669434,2658.60009765625,3881.548583984375,148.0325927734375,3248.0,3759.0,3846.0,3994.0,4187.0,358251.0
24a3b16d,8.354016,24,0.025731395930051804,0.07054267078638077,0.0,0.0003795027732849121,0.004990763496607542,0.01950667053461075,5.287393569946289,-6.065099239349365,42.71202850341797,-89.02144622802734,-44.95868682861328,-6.864650726318359,26.668699264526367,89.7554702758789,33.0880126953125,178.8922119140625,0.0,1.7916666269302368,5.0806450843811035,11.603174209594727,2632.800048828125,3864.63330078125,147.50184631347656,3098.166748046875,3754.666748046875,3820.5,3982.0,4184.0,361725.0
24ab10c6,20.17185,24,0.0662946105003357,0.16885539889335632,0.0,0.0011158176057506353,0.016479711048305035,0.0686651449650526,4.476068019866943,-8.164449691772461,39.222251892089844,-89.96905517578125,-36.084407806396484,-7.336296319961548,16.8003191947937,88.65887451171875,113.8084716796875,377.7174987792969,0.0,2.8306185603141785,9.023809432983398,23.99327564239502,2638.666748046875,3888.667724609375,153.6156768798828,3227.0,3788.0,3846.5,4005.0,4204.0,319028.0
25849c6c,3.9313686,24,0.021416669711470604,0.054790668189525604,0.0,0.0002482244308339432,0.006436256924644113,0.019914400298148394,4.781431198120117,-15.54731273651123,34.74829864501953,-89.74860382080078,-42.09579372406006,-16.66798686981201,5.529072642326355,89.2139892578125,41.40959167480469,177.51516723632812,0.0,4.55555534362793,9.842726707458496,21.198593139648438,2631.800048828125,3850.04150390625,168.4833221435547,3098.166748046875,3747.0,3820.083251953125,3973.0,4194.0,377202.0
25a3a723,0.0,33,0.0311431922018528,0.057887397706508636,0.0,0.007881886325776577,0.01765367016196251,0.0368211604654789,2.0627455711364746,-32.33604431152344,51.44719696044922,-89.77669525146484,-77.76839447021484,-50.014862060546875,2.497593879699707,89.5579833984375,31.200664520263672,136.51611328125,0.0,2.330432653427124,10.96729564666748,26.382150650024414,2549.0,4046.287109375,98.76509094238281,3923.0,3976.0,3982.833251953125,4181.0,4199.0,14469.0
25eba023,86.45595,17,0.010588784702122211,0.038498688489198685,0.0,1.2224118108861148e-05,0.00013647833839058876,0.0028322743019089103,0.9331857562065125,-42.857147216796875,57.594139099121094,-89.73634338378906,-87.0980339050293,-81.27778625488281,-10.527649402618408,89.0966796875,13.720977783203125,65.21111297607422,0.0,1.5924549102783203,3.499187707901001,15.5,2527.800048828125,3968.6826171875,232.81692504882812,3316.833251953125,3765.0,4117.0,4174.0,4199.0,42875.0
260f542b,0.0,51,0.040138985961675644,0.0913371741771698,0.0,0.0032709850929677486,0.013771517667919397,0.04037995543330908,4.5587477684021,-12.302542686462402,31.06167984008789,-89.86869049072266,-33.60470771789551,-13.512282371520996,6.414589524269104,89.58086395263672,63.35142517089844,268.49835205078125,0.0,2.7208418250083923,7.786696195602417,24.20910120010376,2655.0,3855.790771484375,139.2560272216797,3126.0,3747.0,3818.0,3970.0,4160.0,338018.0
26190ddd,0.0,35,0.08927825093269348,0.18857447803020477,0.0,0.00932353432290256,0.03195130079984665,0.0921664908528328,4.259867191314697,-15.906590461730957,32.830806732177734,-89.65579986572266,-38.46433448791504,-15.638679504394531,4.188833713531494,89.30958557128906,65.81464385986328,253.42352294921875,0.0,2.734375,7.5,21.9398455619812,2657.5,3884.938720703125,134.15802001953125,3698.0,3777.0,3837.666748046875,3982.0,4193.0,336704.0
26aeacdf,0.0,31,0.09376043826341629,0.23038360476493835,0.0,0.013172542676329613,0.028815114870667458,0.07008800283074379,5.194892883300781,-18.782854080200195,29.10130500793457,-89.8813247680664,-38.69405937194824,-16.02217674255371,-0.0018115428392775357,88.7718734741211,23.783018112182617,108.91482543945312,0.0,2.7193187475204468,7.104166507720947,17.46161651611328,2602.0,3934.639404296875,115.10597229003906,3727.5,3829.0,3911.5,4035.0,4164.0,197827.0
26d541c2,0.0,43,0.03767502307891846,0.04190988838672638,0.0,0.009240907151252031,0.025755993090569973,0.048169965855777264,0.7973760962486267,15.735113143920898,46.56355285644531,-89.7052993774414,-8.212147235870361,9.015198707580566,58.16085147857666,89.68354797363281,54.37986755371094,70.25215911865234,0.0,2.4809147715568542,85.06618881225586,87.66666412353516,869.4000244140625,3901.7197265625,144.61656188964844,3730.0,3812.0,3818.0,3929.0,4184.0,11772.0
2760be91,16.350447,23,0.04289001598954201,0.08075102418661118,0.0,0.001949986384715885,0.020470812916755676,0.04436582140624523,3.0610756874084473,-11.974394798278809,38.54334259033203,-89.82827758789062,-38.807538986206055,-14.420611381530762,9.652328968048096,89.65755462646484,9.251625061035156,27.198406219482422,0.0,1.8029884099960327,4.507756233215332,9.594973087310791,2651.5,3840.316162109375,126.11578369140625,3195.0,3748.0,3812.0,3941.0,4164.0,317431.0
278e8a51,0.0,32,0.07330497354269028,0.14614838361740112,0.0,0.011056908406317234,0.032899368554353714,0.07787264510989189,3.0076870918273926,-8.806702613830566,32.43508529663086,-89.88037109375,-30.018410682678223,-9.397165298461914,10.163196086883545,89.29681396484375,110.84188079833984,379.9210510253906,0.0,4.67223048210144,12.15384578704834,39.375,2640.0,4045.64306640625,78.28263092041016,3841.0,3982.0,4041.0,4123.0,4179.0,61271.0
27d7e5e4,68.59215,18,0.05607212334871292,0.1446296125650406,0.0,0.0006945312197785825,0.01857003942131996,0.045542106963694096,2.72208833694458,-10.0484619140625,50.819515228271484,-89.53340911865234,-45.79358196258545,-9.266807079315186,16.40815830230713,89.3428955078125,117.03582000732422,336.8297119140625,0.0,3.0067434906959534,13.566049098968506,53.26499843597412,2604.800048828125,3967.624755859375,140.97535705566406,3747.0,3829.0,3970.0,4099.0,4187.0,91088.0
2812951b,0.0,69,0.08653990179300308,0.18311242759227753,0.0,0.013040940277278423,0.03108838200569153,0.08444225788116455,5.086066246032715,1.11970055103302,32.95103073120117,-89.94185638427734,-20.77500629425049,-0.09755013138055801,20.773151397705078,89.200927734375,101.35909271240234,361.44500732421875,0.0,1.9738942384719849,6.065235137939453,20.727540969848633,2650.39990234375,3964.983642578125,153.06259155273438,3267.0,3829.0,3982.0,4087.0,4199.0,161059.0
2840643b,0.0,26,0.07096406817436218,0.12967203557491302,0.0,0.010699811391532421,0.02881481684744358,0.07340271770954132,2.6314706802368164,-7.892540454864502,39.40830993652344,-89.811767578125,-35.07740783691406,-8.490570068359375,14.122293472290039,89.82371520996094,23.48941421508789,47.28989791870117,0.0,3.2941176891326904,8.333333015441895,24.66666603088379,2255.5,4024.496337890625,94.72782135009766,3830.0,3935.0,4011.0,4111.0,4171.0,72533.0
2898269f,0.0,33,0.10301320999860764,0.1986844688653946,0.0,0.01690313033759594,0.04298292100429535,0.10733575001358986,4.618104457855225,-6.504297733306885,31.251047134399414,-89.70883178710938,-28.13307476043701,-7.384156703948975,11.432729721069336,89.59258270263672,68.52058410644531,258.11712646484375,0.0,2.67391300201416,7.699999809265137,25.975699424743652,2632.333251953125,3850.828125,170.8320770263672,3098.166748046875,3741.0,3825.25,3982.0,4187.0,343651.0
28e973b1,8.203396,23,0.04275273531675339,0.14008177816867828,0.0,0.0008253244450315833,0.007335247006267309,0.027205748483538628,4.8821702003479,-10.432842254638672,41.17399215698242,-89.90139770507812,-40.93178176879883,-11.650174140930176,14.811229705810547,89.49513244628906,53.23334503173828,227.5781707763672,0.0,1.3366477489471436,4.666666507720947,13.544485092163086,2660.199951171875,3869.502197265625,144.81903076171875,3225.0,3765.0,3835.0,3980.0,4181.0,352057.0
29587a31,63.3962,22,0.04840043932199478,0.14056791365146637,0.0,0.0025036406004801393,0.017573916353285313,0.04101575445383787,3.824791431427002,-6.782711982727051,43.120059967041016,-89.97816467285156,-38.520283699035645,-5.4756927490234375,22.507983207702637,89.08377075195312,62.860450744628906,275.1006164550781,0.0,0.9779004454612732,3.799999952316284,18.067039966583252,2663.666748046875,3907.602294921875,131.68319702148438,3202.0,3812.0,3892.0,3970.0,4181.0,138008.0
29b37b4a,0.0,31,0.04463008791208267,0.1372039020061493,0.0,0.002306987880729139,0.010947922244668007,0.03660137020051479,4.143225193023682,-14.522427558898926,33.31825256347656,-89.34820556640625,-41.237300872802734,-16.002239227294922,8.205491065979004,89.39372253417969,26.316089630126953,125.0061264038086,0.0,2.9346206188201904,7.658862113952637,18.58946704864502,2644.333251953125,3934.96533203125,120.95442962646484,3755.0,3821.666748046875,3926.0,4027.0,4187.0,220755.0
29c54890,5.4759665,26,0.028319453820586205,0.09273027628660202,0.0,0.0002765448880381882,0.008533802814781666,0.022836807649582624,4.1063995361328125,-12.800119400024414,36.480098724365234,-89.90675354003906,-40.598337173461914,-13.701349258422852,11.169622659683228,88.50447082519531,10.758318901062012,23.73195457458496,0.0,1.7343587279319763,4.0714287757873535,12.32080340385437,2113.199951171875,3841.220458984375,168.71530151367188,3098.166748046875,3730.0,3818.0,3964.0,4173.0,409062.0
2a0b8386,38.487602,21,0.035975005477666855,0.10033396631479263,0.0,0.0006711107562296093,0.007457766216248274,0.027893155813217163,3.8458237648010254,-21.269412994384766,40.0776481628418,-89.9381332397461,-55.45891761779785,-21.694082260131836,8.264218807220459,88.5836181640625,30.096424102783203,120.42560577392578,0.0,3.4182074069976807,9.5,23.792094230651855,2555.0,3937.354248046875,119.0189437866211,3700.0,3824.0,3929.0,4041.0,4175.0,239879.0
2a3fcf9a,0.0,39,0.06818018108606339,0.13761962950229645,0.0,0.009825530927628279,0.02890282217413187,0.07135286927223206,4.211389064788818,-7.834623336791992,31.994199752807617,-89.87287902832031,-29.915526390075684,-9.88023567199707,11.438660860061646,89.2846908569336,199.56724548339844,531.7744750976562,0.0,5.238017320632935,13.962290287017822,47.0,2633.0,3878.1083984375,123.00487518310547,3683.0,3777.0,3835.0,3978.333251953125,4173.0,266906.0
2a6a6b92,70.696915,24,0.010372504591941833,0.017007194459438324,0.0,0.0011781896755564958,0.011085701175034046,0.013271584641188383,0.9205970764160156,-15.11021614074707,66.3874740600586,-89.8179931640625,-84.9127082824707,4.685992240905762,45.16620635986328,88.97711944580078,5.634184837341309,5.736669063568115,0.0,0.6418839395046234,7.19313645362854,9.715911865234375,162.1999969482422,3892.529052734375,156.11000061035156,3409.0,3777.0,3900.0,4000.1875610351562,4175.0,106308.0
2a88cbe9,32.68204,45,0.05228060111403465,0.10261227190494537,0.0,0.0008097095997072756,0.013293882831931114,0.06516700237989426,3.4866185188293457,-8.030865669250488,43.42239761352539,-89.78121948242188,-38.76866149902344,-4.8245086669921875,19.3541259765625,89.75336456298828,132.52503967285156,404.5434265136719,0.0,4.752121448516846,12.554178237915039,31.134296417236328,2646.5,3856.5859375,152.6526641845703,3196.0,3753.0,3829.0,3976.0,4179.0,498953.0
2a922ca4,1.5184447,24,0.04110075905919075,0.10817471891641617,0.0,0.00017919411038747057,0.009700793772935867,0.03648013435304165,3.254525899887085,-15.768838882446289,36.17374801635742,-89.63670349121094,-42.09113693237305,-17.35810089111328,6.104785680770874,89.56124114990234,16.022615432739258,95.97526550292969,0.0,2.489996612071991,5.0,11.52763557434082,2631.199951171875,3848.4873046875,164.45848083496094,3098.166748046875,3741.0,3818.0,3970.0,4175.0,396566.0
2a9e0dee,7.144242,20,0.036357343196868896,0.09827547520399094,0.0,7.381896284641698e-05,0.005816520191729069,0.03536955080926418,4.13601016998291,-28.65766716003418,30.547374725341797,-89.43814086914062,-51.52508354187012,-30.76283836364746,-9.635361671447754,89.76243591308594,138.09104919433594,435.737060546875,0.0,2.857142925262451,6.942480087280273,26.399999618530273,2643.666748046875,3839.04345703125,160.6776123046875,3204.0,3730.0,3824.0,3964.0,4152.0,309503.0
2ac0bd9f,0.0,35,0.0586576946079731,0.11719699949026108,0.0,0.008197816787287593,0.020775373093783855,0.06357531063258648,2.8907034397125244,-15.450653076171875,30.437286376953125,-89.78069305419922,-37.38327884674072,-13.948465824127197,4.211886882781982,89.39994049072266,29.563291549682617,139.10638427734375,0.0,1.663299173116684,5.317383527755737,16.57576274871826,2637.0,3966.8251953125,114.28465270996094,3777.0,3859.0,3970.0,4064.0,4168.0,161854.0
2afea280,7.1510286,22,0.041318099945783615,0.09381428360939026,0.0,0.004933360731229186,0.021183134987950325,0.04148772917687893,4.387922286987305,-14.42545223236084,35.94732666015625,-89.20359802246094,-41.18219566345215,-13.671847343444824,6.309242486953735,89.57813262939453,13.716814041137695,80.1725845336914,0.0,0.5,0.800000011920929,5.333333492279053,2565.0,3853.14599609375,138.70120239257812,3577.0,3741.0,3818.0,3964.0,4172.0,353527.0
2b34dcf3,32.86469,24,0.04542883485555649,0.15771201252937317,0.0,0.0006718051445204765,0.008928189985454082,0.026741151697933674,3.875732898712158,1.8249199390411377,41.80266571044922,-89.91780853271484,-24.50242519378662,0.633976399898529,29.546049118041992,89.72203063964844,15.54880428314209,46.11012268066406,0.0,2.3385000228881836,6.309946060180664,15.690422058105469,2514.800048828125,3886.2705078125,172.1470947265625,3098.166748046875,3782.0,3859.0,4020.4583740234375,4187.0,262911.0
2bac0893,42.808865,23,0.03590370714664459,0.10334958881139755,0.0,6.059646693756804e-05,0.005403477931395173,0.02811708441004157,5.096303462982178,-19.43096923828125,37.92524337768555,-89.42029571533203,-49.55838203430176,-18.069188117980957,6.049206852912903,89.19995880126953,37.10414123535156,148.1412353515625,0.0,2.347634434700012,8.974072456359863,28.521212577819824,2640.25,3838.139404296875,170.78480529785156,3098.166748046875,3744.083251953125,3788.0,4002.75,4169.0,230786.0
2bbcfd43,15.62948,23,0.028525343164801598,0.08406642824411392,0.0,0.00015213916412903927,0.008124228101223707,0.02721326658502221,3.3071653842926025,-10.527009010314941,42.68949890136719,-89.92625427246094,-41.94490718841553,-14.014379501342773,18.689369678497314,88.299072265625,22.712013244628906,87.39157104492188,0.0,2.740000009536743,5.866196870803833,15.41219162940979,2634.25,3811.267578125,154.0799102783203,3098.166748046875,3718.0,3794.0,3929.0,4124.0,314872.0
2c2dc20d,0.0,24,0.0975407138466835,0.273790568113327,0.0,0.012415026547387242,0.03421376645565033,0.08992462605237961,7.297552585601807,-4.662003517150879,31.63959503173828,-89.75355529785156,-25.568602561950684,-3.6549222469329834,12.953217267990112,88.93202209472656,298.5672912597656,637.7177124023438,0.0,3.1666667461395264,14.0,90.80000305175781,2607.800048828125,4038.963623046875,95.12871551513672,3665.0,3947.0,4099.0,4129.0,4176.0,50902.0
2c3b09db,0.0,35,0.08902773261070251,0.22773070633411407,0.0,0.014408299932256341,0.028176480904221535,0.06010727118700743,4.731263160705566,4.041515827178955,34.3232421875,-89.98503875732422,-20.277241706848145,2.968098521232605,27.68918514251709,89.71004486083984,88.26371002197266,322.8577575683594,0.0,1.5,4.585537672042847,12.75,2628.199951171875,4048.91845703125,62.40700912475586,3794.0,3994.0,4052.0,4099.0,4171.0,96266.0
2c406043,0.0,70,0.06411634385585785,0.14853836596012115,0.0,0.00912429392337799,0.024625541642308235,0.06383980810642242,5.251296520233154,-14.93018913269043,38.710174560546875,-89.87696075439453,-39.55278778076172,-16.11754608154297,6.202669620513916,89.6124267578125,207.8662567138672,502.47625732421875,0.0,4.175675868988037,12.440326690673828,105.0,2644.0,4000.56298828125,131.5313262939453,3451.0,3876.0,4017.0,4122.66650390625,4187.0,87973.0
2c483245,0.0,37,0.07238097488880157,0.13514268398284912,0.0,0.009240618906915188,0.029696188867092133,0.07937207818031311,3.492542266845703,-24.52955436706543,27.070533752441406,-89.93721008300781,-43.84736633300781,-26.007848739624023,-6.806774139404297,88.784423828125,57.06624984741211,253.248779296875,0.0,1.3333333730697632,3.875,15.199999809265137,2649.75,3856.38916015625,153.54820251464844,3231.0,3747.0,3824.0,3970.0,4186.0,380765.0
2c54d6c5,44.5849,25,0.03595966845750809,0.10120150446891785,0.0,0.0022958077606745064,0.01750245038419962,0.033641048707067966,4.47877836227417,-15.11734390258789,41.72285461425781,-89.92139434814453,-34.444701194763184,-17.46015739440918,11.178638935089111,89.79352569580078,44.54005432128906,234.1197509765625,0.0,1.5,4.674158334732056,9.5,2627.60009765625,3909.419677734375,154.2305450439453,3098.166748046875,3782.0,3912.0,4046.833251953125,4181.0,219606.0
2ca2206f,0.0,37,0.04541158676147461,0.095614954829216,0.0,0.00587737443856895,0.022030100226402283,0.04165886715054512,4.054966926574707,-17.783920288085938,25.641258239746094,-89.55393981933594,-33.45375442504883,-16.6654109954834,-3.008854866027832,89.5216293334961,132.96856689453125,434.8723449707031,0.0,2.1687958240509033,7.046413421630859,29.298994064331055,2648.5,3874.70947265625,133.96604919433594,3683.0,3771.0,3829.0,3971.25,4181.0,311959.0
2cb0db2c,18.971884,25,0.041074998676776886,0.11823365837335587,0.0,0.000962296937359497,0.01138216070830822,0.035041769966483116,3.6698191165924072,8.230671882629395,42.27743911743164,-89.84192657470703,-21.72536325454712,9.660844326019287,41.739258766174316,89.2486572265625,37.191680908203125,146.96664428710938,0.0,2.370979905128479,7.354691505432129,22.0,2637.0,3845.324951171875,161.989013671875,3098.166748046875,3741.0,3806.0,3948.5624389648438,4181.0,330478.0
2cd9b5a3,1.5924113,21,0.024896204471588135,0.06477414816617966,0.0,0.0006791896594222635,0.009471763856709003,0.024206720292568207,4.025649070739746,-1.2269220352172852,40.43039321899414,-89.4212646484375,-32.65528392791748,-4.675186395645142,30.82721519470215,89.81886291503906,24.230440139770508,106.23590850830078,0.0,3.105701267719269,7.8704657554626465,18.936396598815918,2609.60009765625,3820.964599609375,158.8462371826172,3098.166748046875,3730.0,3800.0,3941.0,4158.0,344116.0
2cda86bd,61.95535,19,0.010876729153096676,0.03493271768093109,0.0,8.824050382827409e-05,0.005047164391726255,0.008992336224764585,3.3626091480255127,-6.934476375579834,52.98004150390625,-89.87308502197266,-66.48952674865723,-1.8663498163223267,34.80172348022461,89.89234924316406,5.710623264312744,7.87517786026001,0.0,1.5605052411556244,7.100870132446289,7.50193977355957,122.0,3759.82958984375,76.33008575439453,3251.0,3724.0,3765.0,3782.0,4170.0,150916.0
2d0bbbd3,0.0,9,0.07635810226202011,0.14763210713863373,0.0,0.0101193324662745,0.030428878962993622,0.08613104373216629,4.366243839263916,-8.823430061340332,29.51064682006836,-89.35143280029297,-27.933545112609863,-8.05517864227295,9.264935493469238,89.38151550292969,167.9499053955078,427.4341735839844,0.0,3.0,10.438952445983887,72.75,2646.199951171875,3906.15087890625,48.3822021484375,3791.0,3865.0,3900.0,3951.0,4014.0,61159.0
2da6bf6e,0.8455217,24,0.05844968184828758,0.17756140232086182,0.0,0.0008937469974625856,0.011344662867486477,0.04595153592526913,5.540264129638672,-2.1547653675079346,42.149009704589844,-89.7275161743164,-32.2298469543457,-3.0706427097320557,25.38164710998535,89.69781494140625,98.61161041259766,346.5660095214844,0.0,3.786843419075012,9.717950820922852,20.538275718688965,2646.5,3849.925537109375,166.8144073486328,3098.166748046875,3741.0,3818.0,3976.0,4187.0,400527.0
2e17c497,3.380843,23,0.034319620579481125,0.10458861291408539,0.0,0.0017432908061891794,0.011221850290894508,0.02706192247569561,4.543727874755859,-11.526329040527344,36.57203674316406,-89.5008544921875,-37.97765922546387,-15.9658842086792,11.737915515899658,88.5933609008789,40.00761413574219,212.84046936035156,0.0,0.5,0.5,2.9140448570251465,2631.39990234375,3859.328125,146.23304748535156,3323.0,3745.0,3818.0,3970.0,4182.0,364599.0
2e5f5207,0.0,44,0.07151608169078827,0.1749030202627182,0.0,0.006796052563004196,0.021899648010730743,0.06603660434484482,4.399938106536865,-13.066720962524414,29.670516967773438,-89.78585815429688,-33.41041088104248,-11.180110931396484,6.182329297065735,89.04608917236328,38.50809097290039,170.91842651367188,0.0,1.7924621403217316,6.006028175354004,24.863381385803223,2652.5,3928.05029296875,136.78875732421875,3137.0,3826.75,3923.0,4035.0,4181.0,231206.0
2ee0a1e8,0.0,33,0.055375970900058746,0.10125423967838287,0.0,0.009428216610103846,0.025121532380580902,0.0617918036878109,2.645181179046631,-18.654621124267578,33.03135299682617,-89.35916900634766,-42.62728691101074,-18.961843490600586,2.7237203121185303,88.2583236694336,35.39136505126953,114.62860107421875,0.0,4.182328224182129,10.333333015441895,25.10762596130371,2592.0,4040.58203125,85.12444305419922,3795.0,3982.0,4052.0,4105.0,4175.0,91659.0
2f154763,0.0,2,0.04705485701560974,0.10801926255226135,0.0,0.0006538039597216994,0.01690485794097185,0.042857008054852486,2.0327532291412354,16.992673873901367,35.368377685546875,-88.30824279785156,-1.9953666925430298,21.02348041534424,40.92947769165039,88.83013153076172,5.945228099822998,13.713796615600586,0.0,0.7694349884986877,1.5,4.0,416.0,3962.15283203125,162.67697143554688,3777.0,3798.9375610351562,3922.0,4175.0,4199.0,20770.0
2f16cad4,5.841548,24,0.056941237300634384,0.17539478838443756,0.0,0.0008344042435055599,0.011286206543445587,0.037787698209285736,4.964054107666016,-8.439586639404297,37.24211883544922,-89.44025421142578,-35.129761695861816,-7.696767807006836,13.826062202453613,89.46525573730469,102.4771957397461,353.53753662109375,0.0,3.4154268503189087,9.381825923919678,25.75,2628.199951171875,3840.845703125,168.36953735351562,3098.166748046875,3736.0,3806.0,3970.0,4187.0,368870.0
2f1af08a,20.263815,24,0.05082975700497627,0.15243232250213623,0.0,0.000740240589948371,0.007777013815939426,0.03926430456340313,4.094005584716797,-18.170289993286133,34.825809478759766,-89.84973907470703,-43.973602294921875,-19.07148551940918,2.3331656455993652,87.2943115234375,22.811260223388672,127.3921890258789,0.0,2.158015251159668,5.257143020629883,12.740392208099365,2629.60009765625,3874.860595703125,151.5956573486328,3290.0,3753.0,3835.0,4000.0,4181.0,315343.0
2f8ec752,0.0,44,0.038080960512161255,0.07785078138113022,0.0,0.0066231233067810535,0.01577906496822834,0.04302709177136421,5.029685974121094,-17.483383178710938,33.07217788696289,-89.86363220214844,-41.6785888671875,-15.809592247009277,3.8602421283721924,89.51331329345703,95.94049835205078,309.6461181640625,0.0,3.357142925262451,9.44350814819336,39.67647171020508,2641.39990234375,3883.69384765625,143.9098358154297,3699.0,3765.0,3809.583251953125,4011.0,4174.0,229445.0
2fba6cf4,37.850338,23,0.0425991453230381,0.10698935389518738,0.0,0.0012172611895948648,0.011981834657490253,0.03948106989264488,3.2671029567718506,-6.72321891784668,44.57609176635742,-89.79125213623047,-39.787620544433594,-10.613486289978027,24.82463836669922,89.38648986816406,23.816505432128906,39.41593933105469,0.0,2.4260880947113037,8.358888626098633,25.897907257080078,1421.4000244140625,3787.4501953125,127.28617858886719,3098.166748046875,3724.0,3788.0,3835.0,4156.0,235813.0
2fef897e,1.1165528,24,0.042168181389570236,0.11967134475708008,0.0,0.00040526152588427067,0.009163073264062405,0.037344176322221756,4.796548843383789,-16.33969497680664,36.294715881347656,-89.93737030029297,-42.93723678588867,-18.130891799926758,6.609266042709351,89.92401123046875,26.282093048095703,125.77571105957031,0.0,1.8731532096862793,4.3222222328186035,17.369421005249023,2640.800048828125,3844.7216796875,153.55540466308594,3272.0,3742.5,3812.0,3958.0,4172.0,397503.0
3065aa2f,41.782715,22,0.04680296778678894,0.07729096710681915,0.0,0.007590248715132475,0.020318686962127686,0.044154729694128036,1.6543974876403809,-17.435155868530273,35.56901168823242,-89.76835632324219,-39.14793014526367,-12.991348266601562,5.385192394256592,89.177001953125,19.512239456176758,85.51181030273438,0.0,1.9756097793579102,5.733997821807861,12.0,2600.800048828125,3834.03173828125,133.6231231689453,3502.0,3736.0,3796.166748046875,3941.0,4151.0,215089.0
30d2fd47,66.396194,23,0.0005118966801092029,0.007001353893429041,0.0,0.0,0.0,3.580291922844481e-05,1.1623398065567017,-79.70577239990234,23.888805389404297,-89.51306915283203,-87.01212692260742,-86.23735046386719,-85.65184020996094,84.41169738769531,4.477079391479492,13.53393268585205,0.0,0.48772355169057846,1.3183353543281555,4.180652379989624,568.0,3847.130126953125,130.06422424316406,3384.0,3772.0,3824.0,3901.25,4166.0,119566.0
31648caa,9.116389,25,0.05716937780380249,0.13207225501537323,0.0,0.0015323856205213815,0.012928675394505262,0.05776100140064955,4.455633163452148,0.744681179523468,37.10504150390625,-89.44002532958984,-24.344253540039062,-0.36150097846984863,24.290921688079834,89.36624908447266,9.027688980102539,34.69319534301758,0.0,1.399999976158142,3.3087925910949707,7.6527053117752075,2581.0,3842.71044921875,172.4236297607422,3098.166748046875,3736.0,3800.0,3982.0,4186.0,367870.0
31b74cd4,4.6470213,25,0.07082909345626831,0.19884122908115387,0.0,0.002862025343347341,0.015406991820782423,0.05167748685926199,4.807325839996338,-3.08829927444458,39.29324722290039,-89.81320190429688,-32.173481941223145,-1.6358919739723206,23.881453037261963,89.6258544921875,53.65161895751953,221.20948791503906,0.0,2.4598907828330994,8.012967586517334,24.33333396911621,2629.60009765625,3858.56640625,146.6792449951172,3296.0,3747.0,3818.0,3976.0,4181.0,393208.0
31d61741,77.44277,16,0.05150379240512848,0.07858595252037048,0.0,0.021149225533008575,0.03575494512915611,0.05889115110039711,2.611339807510376,19.832918167114258,48.950721740722656,-89.22144317626953,-12.274383544921875,10.24693775177002,75.8846435546875,88.8665771484375,36.70957946777344,46.51612091064453,0.0,8.937994956970215,22.97605323791504,59.45692825317383,2006.199951171875,3893.811279296875,159.76756286621094,3771.0,3777.0,3788.0,4129.0,4185.0,58133.0
31f01671,0.0,33,0.06445643305778503,0.16195225715637207,0.0,0.005935195134952664,0.021665776148438454,0.06888280436396599,5.456849098205566,-11.880430221557617,30.496013641357422,-89.33544921875,-32.873422622680664,-12.812548637390137,5.161923170089722,89.81327819824219,156.91290283203125,432.4766540527344,0.0,3.295454502105713,13.25,55.50902557373047,2639.800048828125,3915.283447265625,122.7545394897461,3731.0,3800.0,3894.0,4011.0,4170.0,254111.0
321202d4,1.145388,24,0.04929282143712044,0.1211693212389946,0.0,0.0009560211619827896,0.01855027675628662,0.04363075643777847,3.644542694091797,-7.988974094390869,35.85963821411133,-89.51933288574219,-33.194122314453125,-8.1166410446167,14.77470874786377,88.68119049072266,20.65865135192871,128.76748657226562,0.0,0.9187414646148682,2.322763204574585,7.9933717250823975,2628.0,3862.719970703125,160.49826049804688,3313.0,3754.25,3824.0,3982.0,4199.0,401871.0
3216b978,69.22609,27,0.02614576369524002,0.07194153219461441,0.0,0.0024679634370841086,0.007614608621224761,0.017452174331992865,2.7909228801727295,9.179878234863281,57.14364242553711,-89.80764770507812,-29.53644847869873,4.332469463348389,72.5335693359375,89.42108917236328,69.60594940185547,276.7014465332031,0.0,1.2402660250663757,4.987793445587158,15.722316265106201,2616.199951171875,3903.281982421875,152.06922912597656,3579.0,3741.0,3941.0,4013.75,4188.0,154488.0
325afd3d,0.0,39,0.039207883179187775,0.06495839357376099,0.0,0.007261765189468861,0.018107669427990913,0.04910263791680336,3.9146668910980225,3.293138027191162,29.9075927734375,-89.50379943847656,-16.062820434570312,2.9303736686706543,23.606725692749023,88.62094116210938,19.606626510620117,47.69903564453125,0.0,3.896907329559326,8.495108604431152,18.94915199279785,2600.199951171875,3862.403076171875,146.4336395263672,3120.0,3753.0,3826.333251953125,3977.0,4183.0,367997.0
3268c574,81.02562,20,0.015030273236334324,0.02807827666401863,0.0,0.0014935711806174368,0.006672779796645045,0.017343337181955576,2.6248250007629395,-18.054672241210938,53.53525924682617,-89.7770004272461,-58.36736869812012,-41.33616256713867,16.99657440185547,88.9415054321289,85.96852111816406,147.44039916992188,0.0,16.327927589416504,49.5,115.65079689025879,2631.0,3898.034423828125,174.68557739257812,3325.0,3747.0,3900.0,4064.0,4193.0,62022.0
327ef356,0.0,32,0.06208387389779091,0.17218883335590363,0.0,0.005959841073490679,0.02198227308690548,0.0575440488755703,5.277666091918945,-15.567435264587402,26.560924530029297,-89.86074829101562,-33.302348136901855,-14.750226020812988,0.8760972023010254,88.402587890625,123.08096313476562,432.6839294433594,0.0,3.0,8.036020755767822,24.334340572357178,2651.199951171875,3866.24609375,134.32630920410156,3671.0,3762.5,3824.0,3970.0,4166.0,329054.0
32b8490d,66.1864,26,0.023326944559812546,0.06148112565279007,0.0,0.00020927120931446552,0.007352743297815323,0.032677738927304745,3.989891529083252,-19.529396057128906,49.94063186645508,-89.72483825683594,-70.80590057373047,-16.889902114868164,14.484153747558594,88.0234603881836,9.866612434387207,25.03717041015625,0.0,3.657723546028137,6.995912790298462,9.061703443527222,2475.199951171875,3878.676025390625,138.38351440429688,3098.166748046875,3788.0,3835.0,3982.0,4187.0,132020.0
32dcc8ab,28.230005,23,0.0377194844186306,0.1026972234249115,0.0,0.0005354352033464238,0.010084737092256546,0.031466429121792316,3.8404760360717773,16.465543746948242,38.92658996582031,-89.88751983642578,-5.239963412284851,23.20779323577881,44.36253643035889,89.54219055175781,6.22554349899292,11.328864097595215,0.0,1.3988560140132904,2.8885669708251953,6.874237775802612,1212.199951171875,3853.41796875,144.16812133789062,3313.0,3758.583251953125,3806.0,3970.0,4170.0,270320.0
331733c7,0.0,26,0.039435919374227524,0.06299698352813721,0.0,0.008264048956334591,0.01876152027398348,0.04577267076820135,3.2118325233459473,10.753157615661621,28.491226196289062,-89.04075622558594,-3.0608507990837097,12.117558002471924,29.635475635528564,88.81183624267578,12.743399620056152,39.66387176513672,0.0,1.9335694313049316,4.861290216445923,11.114819765090942,2011.199951171875,3865.899658203125,148.45858764648438,3167.0,3747.0,3829.0,3982.0,4187.0,218818.0
338146bd,0.0,26,0.0710918977856636,0.15690578520298004,0.0,0.008125664200633764,0.023827766068279743,0.07510208338499069,5.359846591949463,-12.643766403198242,32.229270935058594,-89.80418395996094,-36.158637046813965,-10.400465965270996,9.948208808898926,88.69257354736328,111.32369995117188,364.6155700683594,0.0,4.0,12.10275650024414,35.599998474121094,2616.199951171875,3934.96630859375,112.6416015625,3778.0,3827.5,3929.0,4023.0,4174.0,221150.0
33d60f7d,74.39811,24,0.0015478086424991488,0.012897257693111897,0.0,0.00018604000797495246,0.0004667603934649378,0.0010382990585640073,2.0265278816223145,-39.28373336791992,27.608654022216797,-81.79492950439453,-60.8919792175293,-54.042510986328125,-8.8218994140625,85.30979919433594,4.042019367218018,2.556828260421753,0.0,4.0,4.0,4.0,365.5,3872.419677734375,163.7010498046875,3217.0,3771.0,3865.0,3970.0,4187.0,88513.0
33fe1b04,0.0,36,0.07099225372076035,0.16897690296173096,0.0,0.005906046135351062,0.021086380816996098,0.06820615753531456,4.807103633880615,-17.084278106689453,31.856435775756836,-89.65376281738281,-38.93080997467041,-17.110883712768555,2.432798206806183,88.70536804199219,18.63220977783203,64.5962142944336,0.0,2.185207188129425,6.5,17.43366241455078,2624.60009765625,3853.21875,136.9708709716797,3524.0,3747.0,3818.0,3958.0,4164.0,331880.0
34362a9a,45.422615,23,0.05401401221752167,0.1907655894756317,0.0,0.001612389285583049,0.009019487537443638,0.0365972314029932,5.095086097717285,-11.035750389099121,46.63465881347656,-89.92538452148438,-43.04952430725098,-9.247486114501953,16.41334342956543,89.6279067993164,60.17582702636719,239.2516632080078,0.0,2.191227674484253,7.258819103240967,17.549160957336426,2636.25,3872.895263671875,157.6113739013672,3196.0,3730.0,3824.0,4023.0,4184.0,208163.0
34ec5de4,35.86352,23,0.023561133071780205,0.04868211969733238,0.0,0.0015255067846737802,0.0071115700993686914,0.02236930327489972,1.9528447389602661,-6.127116680145264,45.71399688720703,-89.49761199951172,-43.553725242614746,-8.128971099853516,22.924394607543945,89.09725952148438,19.1766414642334,122.25777435302734,0.0,1.0,3.0,7.103955388069153,2636.666748046875,3808.384033203125,124.77484893798828,3098.166748046875,3722.6875610351562,3772.5,3888.0,4146.0,238166.0
350cf38b,5.6158466,17,0.051451798528432846,0.14927582442760468,0.0,0.0014490469475276768,0.010304986033588648,0.03902285173535347,4.136815547943115,-9.936376571655273,43.25153732299805,-89.84536743164062,-42.94791889190674,-15.574672222137451,18.75454044342041,89.36669921875,22.579898834228516,114.61607360839844,0.0,3.3620688915252686,7.816516637802124,15.552999019622803,2633.39990234375,3914.374755859375,121.31465911865234,3451.0,3806.0,3890.416748046875,4005.0,4170.0,265324.0
350dbeba,7.7991657,23,0.061838310211896896,0.19495956599712372,0.0,0.0014644801849499345,0.01251443661749363,0.036180026829242706,4.654960632324219,-3.939846992492676,37.68819808959961,-89.80673217773438,-29.02629280090332,-5.3294172286987305,19.962928771972656,88.89190673828125,103.41471099853516,348.2775573730469,0.0,3.6111111640930176,9.864516258239746,32.63479995727539,2628.333251953125,3847.48828125,141.19557189941406,3225.0,3742.75,3817.916748046875,3958.0,4173.0,347377.0
35198c2d,51.590054,24,0.02163470722734928,0.03720422834157944,0.0,0.002087821194436401,0.01246715895831585,0.02985876379534602,3.701660633087158,5.705895900726318,44.599369049072266,-89.42110443115234,-19.673341274261475,2.906496524810791,44.513410568237305,89.20208740234375,22.126113891601562,20.647811889648438,0.0,9.658459663391113,17.0,25.02260732650757,297.79998779296875,3847.68798828125,148.6698455810547,3099.083251953125,3738.166748046875,3792.166748046875,3958.0,4173.0,180548.0
351cd4ec,0.0,38,0.08461031317710876,0.1643613874912262,0.0,0.009836673270910978,0.03299427404999733,0.09263219311833382,4.171557903289795,-25.82830810546875,28.892698287963867,-89.21266174316406,-46.70972442626953,-25.80584144592285,-8.883872985839844,88.82247924804688,23.427692413330078,76.0339126586914,0.0,2.256092131137848,7.925977945327759,23.331843376159668,2540.5,4045.0771484375,64.83013153076172,3794.0,3994.0,4047.333251953125,4099.0,4171.0,78184.0
35d2aa41,13.092425,24,0.018382735550403595,0.047728464007377625,0.0,1.6713142940716352e-06,0.0024870861088857055,0.016454112250357866,3.0277111530303955,-20.99138641357422,43.152122497558594,-89.88666534423828,-52.07128143310547,-27.327455520629883,7.806190133094788,89.31060028076172,8.212240219116211,23.394304275512695,0.0,1.3151641488075256,3.6548482179641724,8.172611474990845,2503.0,3847.263427734375,159.98687744140625,3188.0,3736.0,3812.0,3970.0,4170.0,334208.0
35daea65,0.0,38,0.10781566798686981,0.2389104962348938,0.0,0.011730569880455732,0.03603813052177429,0.0999259203672409,4.43457555770874,-4.76724910736084,31.509843826293945,-89.87895965576172,-26.10218906402588,-4.926229000091553,14.19543743133545,89.3007583618164,87.291015625,305.90985107421875,0.0,3.2987866401672363,10.13888931274414,27.369866371154785,2624.800048828125,3905.7021484375,132.3834686279297,3712.0,3794.0,3865.0,4005.0,4199.0,301755.0
35fa2ebf,82.427246,23,0.016506647691130638,0.0625157281756401,0.0,0.000209820664167637,0.0034585308749228716,0.013121310155838728,3.8348278999328613,8.136801719665527,70.56816101074219,-89.79496002197266,-72.84406661987305,22.265464782714844,81.62983512878418,89.13512420654297,20.792177200317383,66.36460876464844,0.0,6.001509189605713,13.666666984558105,33.131218910217285,2319.60009765625,3984.568603515625,127.56430053710938,3637.0,3923.0,3958.0,4098.2291259765625,4202.0,66846.0
36530d36,0.0,31,0.07490860670804977,0.17272035777568817,0.0,0.007707354263402522,0.026640331372618675,0.06799332611262798,4.2215070724487305,-13.47831916809082,32.491390228271484,-89.74908447265625,-36.18404197692871,-14.380372047424316,5.840063810348511,89.67701721191406,28.307918548583984,102.11894989013672,0.0,2.9836366176605225,8.395830154418945,21.840534687042236,2643.39990234375,3948.30419921875,119.68517303466797,3747.0,3835.0,3941.0,4052.0,4187.0,226216.0
36c060b9,22.429823,23,0.037237513810396194,0.08616729825735092,0.0,0.001577345305122435,0.010133599862456322,0.035478586331009865,3.4976601600646973,-17.989086151123047,39.13624572753906,-89.7607192993164,-44.891794204711914,-25.425588607788086,0.6867651641368866,89.22037506103516,66.67671203613281,248.79049682617188,0.0,2.8668001890182495,10.333333015441895,30.705772399902344,2664.60009765625,3899.66748046875,134.65496826171875,3425.0,3788.0,3865.0,4000.0,4185.0,301931.0
36c1f189,0.0,9,0.05643978342413902,0.11694353818893433,0.0,0.00957975722849369,0.025204110890626907,0.060172051191329956,3.5477893352508545,0.13833996653556824,31.615068435668945,-89.05020141601562,-19.465585708618164,1.4234092235565186,21.265811920166016,89.84327697753906,81.86125946044922,285.52899169921875,0.0,2.6294705867767334,7.0,21.139759063720703,2646.666748046875,4058.454833984375,48.86112976074219,3982.0,4011.0,4058.0,4099.0,4167.0,68033.0
372a7950,60.2248,24,0.015682021155953407,0.07857930660247803,0.0,0.0,0.000628905720077455,0.005960654467344284,3.523998737335205,-48.28685760498047,46.8742561340332,-89.50359344482422,-85.31803131103516,-80.08221435546875,-12.995368003845215,88.83064270019531,11.638720512390137,19.946836471557617,0.0,3.964539051055908,6.0,6.0,1569.5999755859375,3889.083984375,159.677978515625,3378.0,3782.0,3912.0,3982.0,4178.0,147797.0
37995242,0.0,25,0.062214553356170654,0.1116626113653183,0.0,0.011712141102179885,0.030636786483228207,0.06922181136906147,2.763021945953369,3.038334608078003,34.11073303222656,-90.0,-21.390809535980225,3.0435155630111694,27.18683910369873,89.57715606689453,61.871620178222656,288.5835266113281,0.0,2.0,5.548583745956421,14.44430947303772,2651.75,3822.58056640625,165.2269287109375,3098.166748046875,3724.0,3800.0,3941.0,4179.0,217738.0
37ae1239,13.19338,21,0.05280075967311859,0.13441088795661926,0.0,0.001986158895306289,0.013180306181311607,0.046037706546485424,5.220930576324463,-13.297786712646484,37.37683868408203,-89.57586669921875,-41.21365547180176,-15.076056957244873,10.194190979003906,89.67467498779297,88.47084045410156,334.2787780761719,0.0,2.0691330432891846,4.900000095367432,11.392488956451416,2631.0,3822.994873046875,108.19861602783203,3277.0,3741.0,3796.833251953125,3900.0,4097.0,296500.0
37bcfa7e,86.73321,17,0.03333473950624466,0.13400356471538544,0.0,0.0005984212912153453,0.0030943485908210278,0.014749158639460802,3.122265338897705,-17.402488708496094,54.65224838256836,-89.90861511230469,-79.25399780273438,-15.14171028137207,22.43573570251465,89.70195770263672,23.51814079284668,60.85765838623047,0.0,3.1127994060516357,11.00694465637207,21.25,2556.199951171875,4078.861328125,97.12669372558594,3550.0,4052.0,4099.0,4152.0,4183.0,45567.0
380029ef,0.0,33,0.106160469353199,0.1882827877998352,0.0,0.01904518250375986,0.04912133142352104,0.1147746667265892,3.8088760375976562,-15.027328491210938,33.11481475830078,-89.82315826416016,-38.21849060058594,-15.455792427062988,3.5809175968170166,89.39862060546875,118.36065673828125,396.8726806640625,0.0,2.941176414489746,9.0,26.323945999145508,2648.0,4012.93408203125,94.6826400756836,3797.75,3935.0,4005.0,4093.333251953125,4184.0,112531.0
3826be66,0.4078899,24,0.051088880747556686,0.16054242849349976,0.0,0.001359322137432173,0.009649912361055613,0.05026265326887369,6.740363597869873,-10.116199493408203,35.664085388183594,-89.6720962524414,-33.805657386779785,-12.802175998687744,8.56763505935669,89.16383361816406,146.9066619873047,433.3675842285156,0.0,2.7641243934631348,8.166666984558105,26.579144954681396,2642.5,3847.163330078125,164.259765625,3098.166748046875,3747.0,3818.0,3966.583251953125,4193.0,395188.0
384c3f27,3.0151618,25,0.038137029856443405,0.10799922794103622,0.0,0.0004520321963354945,0.010077611543238163,0.03148601111024618,6.151610374450684,-15.869634628295898,37.62104797363281,-89.45852661132812,-44.319661140441895,-18.267086029052734,2.884853959083557,89.68421173095703,116.64913177490234,386.7847595214844,0.0,3.684979259967804,7.634688138961792,25.0,2639.25,3858.705810546875,166.9105224609375,3098.166748046875,3759.0,3824.083251953125,3980.0,4199.0,404930.0
3875d4de,34.639828,24,0.03439905121922493,0.09811904281377792,0.0,0.0017190621001645923,0.014612257480621338,0.029336491599678993,4.029006004333496,10.605588912963867,37.88479232788086,-87.78748321533203,-12.659063816070557,13.919013977050781,37.95650100708008,89.20415496826172,7.713481426239014,11.009053230285645,0.0,1.5717243552207947,4.594632625579834,8.632339477539062,278.0,3908.845947265625,128.6031951904297,3302.0,3788.0,3906.0,4005.0,4175.0,257127.0
38cccd6d,5.502876,23,0.03702417016029358,0.09108372032642365,0.0,0.0004488543781917542,0.010894141159951687,0.03160255029797554,2.7328243255615234,-6.453575134277344,38.84446334838867,-89.82130432128906,-34.76859664916992,-8.118849754333496,14.640549659729004,88.84223937988281,16.3726749420166,85.79191589355469,0.0,1.1901054382324219,3.251124620437622,10.741344451904297,2600.60009765625,3843.744873046875,153.1234588623047,3098.166748046875,3747.0,3812.0,3958.0,4165.0,363129.0
38d53b92,3.6127648,22,0.03807289898395538,0.13366827368736267,0.0,0.0007412467384710908,0.006668195128440857,0.021006282418966293,5.502597332000732,-17.41021156311035,35.16471481323242,-89.6771011352539,-43.23567771911621,-18.303485870361328,1.387752890586853,89.16789245605469,72.73469543457031,311.4071044921875,0.0,3.2056819200515747,9.0,30.43509864807129,2646.333251953125,3807.8837890625,142.033935546875,3098.166748046875,3730.0,3794.0,3906.0,4142.0,345231.0
3950aa00,24.66675,23,0.03806401044130325,0.13214223086833954,0.0,2.2002061541570583e-06,0.005741448607295752,0.028924861457198858,5.0396199226379395,-13.960777282714844,47.39945602416992,-89.59915161132812,-50.252471923828125,-17.618106842041016,17.99876642227173,89.95356750488281,68.55338287353516,254.68019104003906,0.0,2.8193308115005493,6.546741485595703,23.02949333190918,2621.0,3869.28466796875,139.39442443847656,3098.166748046875,3771.0,3824.0,3994.0,4171.0,284528.0
397efe7a,30.67413,23,0.06397271901369095,0.14283239841461182,0.0,0.00040606220136396587,0.017513686791062355,0.05719372257590294,5.066374778747559,-11.020872116088867,38.94565200805664,-89.64630889892578,-39.186431884765625,-13.57026195526123,10.103488445281982,89.201904296875,100.81616973876953,333.7004089355469,0.0,3.0,7.286439895629883,28.11591148376465,2614.60009765625,3904.344482421875,134.99856567382812,3489.0,3777.0,3872.583251953125,4011.0,4170.0,267091.0
3983d3cd,0.0,37,0.05213646963238716,0.08936820924282074,0.0,0.0057174286339432,0.022555308416485786,0.06341324001550674,4.107454299926758,-10.662036895751953,45.08370590209961,-89.80085754394531,-46.976022720336914,-8.115645408630371,18.64974308013916,89.52812957763672,15.818373680114746,74.28740692138672,0.0,1.8084476590156555,4.778480052947998,11.832975387573242,2435.800048828125,3991.05029296875,105.46122741699219,3782.0,3906.0,3993.166748046875,4087.0,4150.0,94055.0
39fb1ad0,55.416794,18,0.03112935647368431,0.11432918161153793,0.0,0.0006285476847551763,0.00573450792580843,0.02042129822075367,4.423644065856934,-1.4067081212997437,43.99589920043945,-89.89203643798828,-29.325425148010254,5.725046157836914,25.80964183807373,88.12928009033203,15.908581733703613,48.632789611816406,0.0,3.0565513372421265,7.92307710647583,15.5,2576.60009765625,3932.045166015625,146.60955810546875,3487.0,3870.0,3953.0,4064.0,4168.0,172983.0
3a594acf,0.0,27,0.04724863916635513,0.12313578277826309,0.0,0.0034833489335142076,0.013529491610825062,0.04253093246370554,4.9592084884643555,-8.87761402130127,31.88775062561035,-89.77213287353516,-31.308706283569336,-8.120058536529541,11.697334051132202,89.74652099609375,22.003093719482422,97.38782501220703,0.0,1.8667131960391998,5.333333492279053,13.998533487319946,2540.0,4092.367431640625,61.923187255859375,3847.0,4052.0,4093.0,4139.5,4194.0,75370.0
3ab539f0,0.0,42,0.03914758935570717,0.0789155662059784,0.0,0.005203800275921822,0.017033287324011326,0.044667175970971584,2.498581886291504,-6.69099235534668,32.74427032470703,-89.7989730834961,-29.537806034088135,-6.903305530548096,13.971547842025757,89.78430938720703,41.07139587402344,179.8244171142578,0.0,2.8333332538604736,8.022973537445068,23.326388835906982,2646.0,3895.167724609375,131.7209014892578,3694.0,3782.0,3859.0,4000.0,4189.33349609375,260128.0
3acb5be3,75.85083,20,0.03556692972779274,0.1183769628405571,0.0,0.0,0.002133785979822278,0.018847523257136345,4.742769241333008,-25.891632080078125,56.341304779052734,-89.94145202636719,-85.0573959350586,-30.918603897094727,11.406517028808594,89.9426040649414,12.125029563903809,67.60899353027344,0.0,1.5,5.0,7.599999904632568,2611.60009765625,3934.482666015625,166.54307556152344,3677.0,3771.0,3976.0,4087.0,4164.0,82225.0
3b091b83,0.0,37,0.09995193779468536,0.2798286974430084,0.0,0.010800743475556374,0.03646866977214813,0.07628510147333145,7.095707416534424,6.429856300354004,33.35099792480469,-89.46603393554688,-17.110658645629883,7.569580554962158,29.978626251220703,89.34126281738281,48.246368408203125,223.30905151367188,0.0,1.6956521272659302,5.0,15.180000305175781,2650.0,3891.22265625,134.702880859375,3689.0,3782.0,3853.0,3994.0,4189.0,313341.0
3b1b9538,84.40386,21,0.013534286059439182,0.047948598861694336,0.0,7.641315278306138e-06,0.0003266475541749969,0.0017265700444113463,1.8689937591552734,-49.28463363647461,55.6103401184082,-88.90709686279297,-88.25884246826172,-86.92637252807617,-4.899272322654724,88.67009735107422,22.037179946899414,36.464481353759766,0.0,2.5,10.910490989685059,21.49115514755249,1381.5999755859375,3924.635498046875,158.49383544921875,3695.0,3794.0,3896.0,4129.0,4186.0,52054.0
3ba48ca7,0.0,21,0.10474730283021927,0.1934708207845688,0.0,0.03642144985496998,0.060280852019786835,0.10041607916355133,3.6665053367614746,-18.770374298095703,31.532207489013672,-89.34800720214844,-39.91355895996094,-18.33279037475586,0.557108074426651,89.31983184814453,16.103012084960938,51.43144989013672,0.0,2.7877302169799805,6.465277671813965,15.947638511657715,2414.0,4102.79638671875,50.085304260253906,3866.0,4087.0,4109.66650390625,4129.0,4168.0,32535.0
3c0aba64,13.753414,22,0.025431925430893898,0.04746939241886139,0.0,0.001329794293269515,0.00928856385871768,0.02860937500372529,2.0997958183288574,-15.852210998535156,32.90098190307617,-89.43637084960938,-42.38106632232666,-15.890328884124756,7.190119981765747,89.5500717163086,18.374847412109375,53.4269905090332,0.0,2.9218199849128723,7.1013665199279785,15.990184545516968,2521.39990234375,3876.596435546875,121.3984375,3272.0,3782.0,3835.0,3971.083251953125,4183.0,335404.0
3c2cf08e,8.3947315,23,0.053959883749485016,0.17413409054279327,0.0,0.002254058141261339,0.013513617217540741,0.04121790826320648,5.929093360900879,-13.196707725524902,38.605979919433594,-89.73430633544922,-42.72098922729492,-14.190141677856445,11.916607856750488,89.20954132080078,104.48699188232422,367.1046447753906,0.0,0.5,0.5,2.77606463432312,2629.0,3859.191650390625,147.92982482910156,3372.0,3747.0,3827.0,3974.25,4175.0,346857.0
3c620257,9.38013,20,0.06928519159555435,0.19383373856544495,0.0,0.0011283588246442378,0.011249399743974209,0.05537574179470539,4.678098201751709,0.5233380794525146,38.783626556396484,-89.76717376708984,-25.027612686157227,-0.618492841720581,26.395395278930664,89.61072540283203,71.29296875,266.3895263671875,0.0,3.0,8.0,24.546914100646973,2623.199951171875,3817.555419921875,113.14042663574219,3235.0,3741.0,3794.0,3906.0,4135.0,300635.0
3c8f474a,7.085228,25,0.03290136158466339,0.10858817398548126,0.0,0.00026860048819798976,0.00732667138800025,0.021979602053761482,4.163158893585205,-10.573148727416992,38.12040328979492,-89.79158020019531,-37.72581100463867,-11.243552207946777,14.54623818397522,89.31121063232422,37.5616340637207,173.0811767578125,0.0,2.5070912837982178,7.344488859176636,18.5,2641.199951171875,3834.6962890625,159.1529998779297,3098.166748046875,3745.5,3806.0,3947.0,4181.0,378250.0
3ca35642,0.0,24,0.029656797647476196,0.05770618095993996,0.0,0.0010242099815513939,0.011244748719036579,0.030112221837043762,3.735234260559082,-2.3952338695526123,34.52600860595703,-88.99525451660156,-28.75710964202881,-0.18914377689361572,22.697443962097168,89.10486602783203,10.559365272521973,19.430200576782227,0.0,3.5,7.127686023712158,13.557976007461548,2254.60009765625,3852.42431640625,164.7999725341797,3098.166748046875,3753.0,3818.0,3970.0,4193.0,403020.0
3d36fe8b,85.033844,22,0.013805999420583248,0.012675675563514233,0.0,0.004941578255966306,0.011460065841674805,0.019815306179225445,0.5043419599533081,62.691917419433594,37.45314407348633,-88.81578826904297,75.9356689453125,80.46856689453125,82.40949630737305,89.32669067382812,17.51214027404785,78.5671615600586,0.0,5.224189758300781,6.0,6.0,644.5,3869.808349609375,174.14422607421875,3483.0,3777.0,3806.0,4016.25,4186.0,51819.0
3d3b87db,67.15107,25,0.016341373324394226,0.06112673878669739,0.0,0.0,0.00016312400111928582,0.003443585825152695,1.8524229526519775,-11.58312702178955,52.66617202758789,-89.83443450927734,-63.75422477722168,-2.4543991088867188,32.80889892578125,88.90541076660156,10.356614112854004,14.339990615844727,0.0,2.3206783533096313,7.273279666900635,10.77181625366211,324.6666564941406,3845.35205078125,132.23765563964844,3474.0,3743.166748046875,3800.0,3935.0,4175.0,125919.0
3d3dd3ae,8.339836,22,0.04270130768418312,0.12642447650432587,0.0,0.0011470895551610738,0.008679090533405542,0.029813911765813828,4.083581447601318,-16.84996223449707,35.14515686035156,-89.61222076416016,-44.559828758239746,-14.20582389831543,6.192785143852234,87.365478515625,63.52848815917969,269.19244384765625,0.0,2.72884601354599,7.901903867721558,24.09642744064331,2638.75,3826.029296875,150.83639526367188,3098.166748046875,3730.0,3794.0,3923.0,4173.0,336860.0
3d48430d,0.0,50,0.05736986920237541,0.10567715018987656,0.0,0.006180561147630215,0.020313620567321777,0.06443700566887856,2.603522777557373,-7.209875583648682,32.74516677856445,-89.69692993164062,-28.486154079437256,-8.751940727233887,9.123697996139526,89.54263305664062,23.20149803161621,79.7283935546875,0.0,3.0256962180137634,7.652488946914673,18.574501514434814,2575.0,4018.951171875,94.99359130859375,3736.0,3965.666748046875,4021.916748046875,4093.0,4172.0,118986.0
3d6143f3,64.12782,23,0.03206208348274231,0.08176957070827484,0.0,0.0075177778489887714,0.019478067755699158,0.02707562269642949,2.6663153171539307,29.859235763549805,47.08438491821289,-89.72232055664062,-5.631469964981079,45.25168418884277,67.85057640075684,89.31038665771484,29.908340454101562,129.36376953125,0.0,1.6284634470939636,7.323667049407959,10.666666984558105,2647.5,3872.372314453125,174.77713012695312,3196.0,3777.0,3888.0,4023.0,4124.0,130848.0
3d736110,48.009777,23,0.018884647637605667,0.04713302105665207,0.0,0.00012704769324045628,0.0034620442893356085,0.01445322297513485,2.3741259574890137,-20.62288475036621,44.59947204589844,-89.70374298095703,-54.61441421508789,-21.476179122924805,6.452753067016602,89.18161010742188,14.844085693359375,36.2750129699707,0.0,3.25,7.057692527770996,16.690141677856445,2440.0,3938.1923828125,143.8236541748047,3560.0,3836.0,3958.0,4059.0,4179.0,198089.0
3d970ce4,71.63702,15,0.05189314857125282,0.16584643721580505,0.0,0.0014748192625120282,0.00840003415942192,0.03852151706814766,4.280888557434082,-16.534608840942383,49.90142059326172,-89.7204360961914,-53.002015113830566,-21.444302558898926,11.205411911010742,89.514892578125,123.2816390991211,381.1545715332031,0.0,3.4507540464401245,9.3125,31.41938543319702,2633.0,3999.45166015625,120.17845916748047,3741.0,3876.0,4041.0,4099.0,4170.0,115272.0
3e398bf9,0.0,56,0.033608753234148026,0.06837201863527298,0.0,0.003807168162893504,0.011035368777811527,0.036822305992245674,2.7001049518585205,-20.538755416870117,34.54505157470703,-89.73788452148438,-45.72168254852295,-23.79800033569336,-0.4951121434569359,89.2921142578125,27.325544357299805,144.02186584472656,0.0,2.1249542832374573,6.632569074630737,19.24683427810669,2628.60009765625,3890.291748046875,114.79220581054688,3748.75,3794.0,3835.0,3994.0,4200.0,135376.0
3e5d5b58,0.0,29,0.05981869623064995,0.1383199393749237,0.0,0.010688647860661149,0.026004428043961525,0.057312953285872936,3.503941059112549,2.6814193725585938,34.413291931152344,-89.87901306152344,-19.702370643615723,1.1069869995117188,25.82125949859619,89.1749267578125,22.743656158447266,65.98822784423828,0.0,2.2561773657798767,7.171294450759888,22.8437819480896,2468.199951171875,4052.015625,72.57413482666016,3844.0,3999.2708129882812,4070.0,4111.0,4189.0,87538.0
3e5ee48c,22.86512,23,0.02384175732731819,0.05764441564679146,0.0,0.00038537899672519416,0.005608178209513426,0.021365204825997353,2.615798234939575,-10.765769958496094,45.423683166503906,-89.84683990478516,-49.16349792480469,-11.893671989440918,21.234213829040527,89.08992767333984,55.86870193481445,220.7091827392578,0.0,3.206146240234375,10.786666870117188,26.5,2616.800048828125,3896.164794921875,149.82199096679688,3219.0,3794.0,3865.0,4005.0,4187.0,293071.0
3f1cf5ba,0.21688904,20,0.03442465513944626,0.08131381124258041,0.0,0.0008275702421087772,0.011481169145554304,0.028345259837806225,2.655209541320801,5.567952632904053,37.950172424316406,-89.88435363769531,-20.07845449447632,7.926957130432129,32.87985134124756,89.36637878417969,8.182186126708984,24.587167739868164,0.0,1.332615703344345,3.706714153289795,8.282152652740479,2311.0,3849.451171875,126.50763702392578,3665.0,3753.0,3816.0,3947.166748046875,4163.0,331068.0
3f1f23e7,28.683298,24,0.05896606668829918,0.1462850570678711,0.0,0.002075398340821266,0.010808702558279037,0.05172855034470558,4.597582817077637,-12.247647285461426,44.600563049316406,-89.7572250366211,-43.239383697509766,-12.155234336853027,16.42534828186035,89.15061950683594,32.73358917236328,188.0625457763672,0.0,1.0,2.841665506362915,7.666666507720947,2623.800048828125,3896.864990234375,160.94561767578125,3098.166748046875,3794.0,3870.0,4024.583251953125,4192.0,276761.0
3fcef947,0.0,40,0.0891789123415947,0.208495631814003,0.0,0.007581265293993056,0.026501844637095928,0.08464576676487923,7.03407621383667,-9.30233097076416,32.664283752441406,-89.89352416992188,-32.436739921569824,-8.475274085998535,13.574019193649292,89.42521667480469,23.17677879333496,91.97062683105469,0.0,3.25,8.875,21.0,2573.800048828125,3890.889404296875,126.39324188232422,3677.0,3782.0,3853.0,3988.0,4167.0,296758.0
40087bc5,0.0,41,0.05114072933793068,0.10591576248407364,0.0,0.0053967132698744535,0.02056161593645811,0.04710947722196579,3.797706365585327,-1.173159122467041,46.67530822753906,-89.92550659179688,-32.16431140899658,-2.5843300819396973,22.143211364746094,89.92218780517578,22.413015365600586,61.35418701171875,0.0,1.3361148238182068,5.34334659576416,15.97221064567566,2364.333251953125,4013.0732421875,122.16291809082031,3794.0,3935.0,4046.0,4129.0,4188.0,87120.0
408bed19,0.0,54,0.06335697323083878,0.13053065538406372,0.0,0.011810435680672526,0.029998096637427807,0.06706391088664532,3.968841791152954,-3.4364373683929443,32.887901306152344,-89.77848052978516,-24.01419687271118,-4.90102219581604,15.736013412475586,89.70413970947266,14.793371200561523,33.00202560424805,0.0,2.649400234222412,6.568036079406738,16.18181800842285,2339.199951171875,3872.958740234375,140.5352783203125,3395.0,3771.0,3824.0,3976.0,4181.0,299922.0
40aae75f,0.0,32,0.06758739054203033,0.11693873256444931,0.0,0.013380899094045162,0.03301296383142471,0.07375680282711983,3.721806287765503,-10.176152229309082,30.544233322143555,-89.89391326904297,-32.11282157897949,-9.817452907562256,10.463284730911255,89.45903015136719,34.445518493652344,153.28868103027344,0.0,1.8083818554878235,5.375564098358154,18.0,2643.5,3846.4560546875,127.48522186279297,3659.0,3747.0,3806.0,3947.0,4144.0,341668.0
416b6ba2,32.38487,24,0.05140300467610359,0.14615534245967865,0.0,0.00047498861385975033,0.013912683818489313,0.04720721114426851,6.002837657928467,-7.3586554527282715,38.494693756103516,-89.92110443115234,-34.942545890808105,-9.981382369995117,15.095487356185913,89.0938491821289,63.943023681640625,235.492431640625,0.0,2.45780873298645,7.344173192977905,18.531250953674316,2629.5,3896.427001953125,155.85043334960938,3099.083251953125,3794.0,3859.0,4011.0,4181.0,264036.0
4177e5e5,0.0,47,0.03591505438089371,0.06383927911520004,0.0,0.006544134812429547,0.019233073107898235,0.04151025600731373,3.1818156242370605,-12.211602210998535,31.187700271606445,-89.82984924316406,-33.256134033203125,-12.861505031585693,5.535483479499817,89.7614974975586,60.336265563964844,222.00550842285156,0.0,3.2893949151039124,10.0,33.19087886810303,2637.0,3901.216064453125,136.6507568359375,3665.0,3794.0,3856.916748046875,4017.0,4193.0,267598.0
419d05c6,87.738144,21,0.008540450595319271,0.029961271211504936,0.0,0.0003952899496653117,0.0018188669346272945,0.004297123523429036,0.7058292031288147,-41.22514343261719,63.38185501098633,-89.33085632324219,-87.49543762207031,-82.86312866210938,17.846081256866455,82.63204956054688,52.63783264160156,276.4645690917969,0.0,0.0,1.9589279890060425,13.0,2598.199951171875,3951.952880859375,174.06703186035156,3284.0,3788.0,3994.0,4118.0,4175.0,39052.0
427037b2,35.92022,25,0.03875187784433365,0.11872362345457077,0.0,0.0038427008548751473,0.014463989995419979,0.024788537062704563,5.43750524520874,14.389151573181152,46.82346725463867,-89.83631134033203,-19.35779857635498,6.896127223968506,57.765642166137695,89.93528747558594,9.284719467163086,40.54799270629883,0.0,0.5,2.0232558250427246,7.975790739059448,2346.60009765625,3918.59033203125,146.40408325195312,3098.166748046875,3824.0,3923.0,4035.0,4175.0,250823.0
4280076d,12.941447,25,0.03581269457936287,0.11333850026130676,0.0,0.00037083556526340544,0.005123125622048974,0.024538977071642876,4.948137283325195,1.8271328210830688,39.489654541015625,-89.54475402832031,-23.224614143371582,4.481209993362427,31.66096019744873,89.27705383300781,15.45955753326416,49.73408126831055,0.0,2.747519373893738,6.235830545425415,13.769057035446167,2604.199951171875,3849.867431640625,171.6568603515625,3098.166748046875,3743.166748046875,3824.0,3973.333251953125,4186.0,360400.0
428970d4,2.4531412,23,0.03252192586660385,0.08416956663131714,0.0,0.000591424701269716,0.00805184617638588,0.02682034857571125,2.7567672729492188,-18.083127975463867,39.820125579833984,-89.90839385986328,-48.61419677734375,-20.841079711914062,2.3842040300369263,89.55928802490234,17.532840728759766,28.39915657043457,0.0,4.257959842681885,8.987260818481445,20.046091079711914,1426.800048828125,3852.09375,152.17965698242188,3331.0,3747.0,3818.0,3967.333251953125,4176.0,374587.0
428c37ea,67.20744,25,0.027858244255185127,0.15083514153957367,0.0,6.640017272729892e-05,0.0006145596271380782,0.0036007556482218206,4.409851551055908,-55.296016693115234,42.759788513183594,-89.99405670166016,-89.2848129272461,-84.26441192626953,-18.17747735977173,85.82522583007812,41.838836669921875,202.26747131347656,0.0,2.0,6.078735589981079,19.5,2646.199951171875,3866.808837890625,173.70062255859375,3331.0,3753.0,3812.0,4017.0,4172.0,124962.0
429cc266,69.54408,22,0.06026984751224518,0.17025524377822876,0.0,0.0005212016840232536,0.01189140323549509,0.044214945286512375,5.176819801330566,-25.19405174255371,46.62675094604492,-89.72268676757812,-79.77936935424805,-17.294859886169434,9.775832414627075,89.41333770751953,79.26795959472656,357.1077880859375,0.0,1.5,4.1894330978393555,10.086711645126343,2638.333251953125,3872.9013671875,141.07595825195312,3296.0,3777.0,3812.0,3973.916748046875,4175.0,114328.0
4307d287,0.0,37,0.04100082814693451,0.07520417869091034,0.0,0.005386808421462774,0.01553149800747633,0.04573581647127867,2.225193977355957,0.6138811707496643,34.064456939697266,-89.73502349853516,-22.420562267303467,0.6550319492816925,23.827046871185303,89.424560546875,24.627674102783203,140.8738555908203,0.0,1.3728074729442596,3.3550509214401245,10.288568496704102,2634.199951171875,4057.208251953125,75.24213409423828,3818.0,4000.0,4068.666748046875,4117.0,4189.0,107684.0
432aff11,5.0520916,23,0.04069485887885094,0.091478630900383,0.0,0.0009827341418713331,0.015436563640832901,0.04339064471423626,3.586775779724121,-7.299596309661865,36.64569091796875,-89.88716888427734,-35.21583366394043,-8.624116897583008,17.134114265441895,89.48700714111328,11.58245849609375,33.66492462158203,0.0,1.9301013350486755,5.359889984130859,11.555951118469238,2489.0,3854.35546875,141.70924377441406,3343.0,3747.0,3818.0,3964.0,4173.0,364291.0
43629a34,0.0,49,0.06260151416063309,0.17455880343914032,0.0,0.007552992668934166,0.021233567036688328,0.05488535761833191,5.377401828765869,-3.055453300476074,33.99126052856445,-89.95511627197266,-25.1872615814209,-2.0633424520492554,14.110316276550293,89.34000396728516,126.52289581298828,412.9463195800781,0.0,5.333333492279053,17.703203201293945,35.26198482513428,2636.5,3996.80517578125,146.20404052734375,3730.0,3976.0,4041.0,4109.66650390625,4188.0,119570.0
436dd613,0.0,23,0.045907340943813324,0.11681556701660156,0.0,0.0006433946982724592,0.013681248761713505,0.04166952520608902,4.736222267150879,-1.8388594388961792,39.3703727722168,-89.68812561035156,-30.884729385375977,-1.994053602218628,25.83169174194336,89.60289764404297,10.239533424377441,41.1481819152832,0.0,2.041871428489685,4.238717079162598,8.170026302337646,2418.39990234375,3843.247314453125,159.00929260253906,3098.166748046875,3747.0,3818.0,3958.0,4178.0,381012.0
43720c15,0.0,12,0.039549533277750015,0.06120139732956886,0.0,0.004943846957758069,0.01660894975066185,0.04879155941307545,2.5188522338867188,0.4196065664291382,33.0262336730957,-89.89425659179688,-23.64864730834961,0.9954286217689514,24.3072452545166,87.90888214111328,52.743858337402344,234.53744506835938,0.0,2.1195173263549805,8.59876537322998,20.339055061340332,2591.800048828125,4054.864501953125,75.84241485595703,3763.0,3996.75,4064.0,4117.0,4176.16650390625,101123.0
43a7386d,76.348724,23,0.03677709028124809,0.16079182922840118,0.0,3.383080183994025e-05,0.0020590906497091055,0.01590692810714245,3.81662654876709,-7.022318363189697,38.11115646362305,-89.5634536743164,-28.53325843811035,0.8307644724845886,11.1304349899292,89.30094146728516,26.88174819946289,100.85131072998047,0.0,0.8113006353378296,3.3302085399627686,10.114768981933594,2216.800048828125,3833.39599609375,161.43052673339844,3442.0,3782.0,3800.0,3859.0,4192.0,88053.0
43f44f6c,0.46087015,20,0.03166059032082558,0.06767359375953674,0.0,0.001741934334859252,0.010980170220136642,0.03341288026422262,2.654254198074341,4.531734943389893,38.479705810546875,-89.14395904541016,-22.049225330352783,1.616248369216919,30.127538204193115,89.94218444824219,11.644730567932129,43.12099075317383,0.0,1.7778842151165009,4.522797107696533,9.668846607208252,2523.800048828125,3886.440673828125,154.6604461669922,3135.0,3782.0,3847.0,3994.166748046875,4193.0,332666.0
43f5d3c5,0.0,40,0.047207608819007874,0.12631107866764069,0.0,0.003083708987105638,0.0127382418140769,0.03910945449024439,4.779216289520264,19.381126403808594,38.75557327270508,-89.61786651611328,-4.545333623886108,24.492687225341797,50.32555294036865,89.86137390136719,35.9566535949707,118.83013916015625,0.0,2.5,7.123810768127441,17.35710620880127,2544.199951171875,3858.506591796875,119.31067657470703,3663.0,3775.583251953125,3829.0,3942.583251953125,4181.0,229970.0
440acf4f,0.0,37,0.06899086385965347,0.1416003406047821,0.0,0.008107127156108618,0.026778233237564564,0.0724774431437254,3.5103373527526855,-13.373222351074219,32.06120300292969,-89.86251831054688,-34.78158092498779,-14.53156042098999,5.2147732973098755,89.03804016113281,86.93010711669922,304.6102600097656,0.0,4.714285850524902,12.201972961425781,30.85646963119507,2622.0,3903.257080078125,128.6094970703125,3734.666748046875,3790.5,3862.7083740234375,4000.0,4195.0,255404.0
4442c376,15.087475,23,0.045858509838581085,0.11357772350311279,0.0,0.0035436158068478107,0.0194406658411026,0.04219098016619682,4.109530448913574,0.9714811444282532,41.516727447509766,-89.76246643066406,-28.004776000976562,-1.8905627727508545,31.36188507080078,89.55213928222656,8.906221389770508,29.100873947143555,0.0,1.7466379404067993,4.092237949371338,8.918855667114258,2634.0,3857.41357421875,143.95347595214844,3431.0,3747.0,3806.0,3970.0,4174.0,324601.0
4570c8b8,0.0,35,0.0877930074930191,0.15785282850265503,0.0,0.0146289081312716,0.03900503180921078,0.09228899888694286,3.0553205013275146,-4.82289457321167,31.48339080810547,-89.62651062011719,-26.291841506958008,-7.085763692855835,15.177531480789185,89.68721771240234,18.218454360961914,77.76154327392578,0.0,2.287928521633148,5.340688943862915,13.056544542312622,2637.199951171875,3899.918212890625,131.32566833496094,3712.0,3788.0,3859.0,4000.0,4189.0,316914.0
464a75fb,0.0,42,0.04239942878484726,0.08987695723772049,0.0,0.007642567157745361,0.022574532777071,0.04578808695077896,3.5910637378692627,16.524335861206055,33.76478576660156,-89.74917602539062,-2.8672542572021484,19.194114685058594,40.54157638549805,89.67224884033203,39.34941864013672,186.21109008789062,0.0,1.6464967727661133,3.8867456912994385,10.395833015441895,2637.5,3889.792236328125,130.3749237060547,3653.0,3788.0,3853.0,3994.0,4189.0,283101.0
467c549f,59.549862,23,0.052230045199394226,0.08399184793233871,0.0,0.004081664606928825,0.031656812876462936,0.06835605204105377,3.258268117904663,-22.37891387939453,39.987831115722656,-89.9686050415039,-45.058841705322266,-17.04827308654785,3.058018922805786,88.34307861328125,38.03239822387695,202.30271911621094,0.0,1.8792756795883179,4.923734188079834,14.0,2649.25,3855.771240234375,159.06423950195312,3407.0,3747.0,3788.0,3970.0,4170.0,157889.0
47240aa3,5.17295,24,0.04933804273605347,0.13370442390441895,0.0,0.001972355821635574,0.011797520332038403,0.0367967514321208,3.5761585235595703,1.449153184890747,41.90728759765625,-89.89006042480469,-28.42529535293579,-0.08732424676418304,30.17448663711548,89.58015441894531,13.114229202270508,60.674842834472656,0.0,2.0701804757118225,4.75,10.267441511154175,2619.199951171875,3854.58251953125,155.42108154296875,3401.0,3741.0,3818.0,3976.0,4181.0,385558.0
47350ac6,90.47489,10,0.026103345677256584,0.0669105127453804,0.0,0.00119754986371845,0.0056661455892026424,0.020434502512216568,3.348221778869629,-19.0948543548584,33.87487030029297,-88.43070983886719,-45.59251403808594,-19.826183319091797,3.8890459537506104,85.70938873291016,68.16602325439453,283.1460266113281,0.0,1.0,3.050724744796753,27.26374053955078,2641.5,4123.27001953125,60.45112228393555,3794.0,4111.0,4140.0,4159.5,4193.0,37305.0
481a1861,63.270126,21,0.03191797807812691,0.09112917631864548,0.0,1.5856326172070112e-05,0.006747798062860966,0.0298509169369936,3.488752603530884,-27.98970603942871,38.896514892578125,-89.5562744140625,-55.45121097564697,-30.482857704162598,-5.726797461509705,87.9274673461914,103.7523422241211,379.3759765625,0.0,1.9955768585205078,7.301471471786499,17.5,2635.666748046875,3848.38916015625,161.62496948242188,3501.0,3730.0,3767.5,4018.4791870117188,4196.0,132122.0
4859a9f9,0.0,42,0.09070755541324615,0.21679848432540894,0.0,0.011570197762921453,0.032450441271066666,0.08544771373271942,5.17427396774292,2.4573569297790527,32.306297302246094,-89.50504302978516,-17.77461290359497,2.8129796981811523,22.57638645172119,89.545654296875,19.81376838684082,74.01029968261719,0.0,2.3333332538604736,5.776304483413696,15.904405355453491,2592.0,3887.9921875,135.02200317382812,3289.0,3782.0,3847.0,3994.0,4182.0,304148.0
48db8ecf,50.357628,21,0.06739765405654907,0.19728998839855194,0.0,0.001061102288076654,0.010626275092363358,0.04201110266149044,5.799036979675293,-7.550112247467041,41.66106414794922,-89.68609619140625,-36.039185523986816,-8.15708875656128,16.19679594039917,89.81462860107422,28.30425262451172,151.36610412597656,0.0,1.3485126495361328,3.7596553564071655,10.574536561965942,2601.0,3915.061767578125,125.11260223388672,3354.0,3818.0,3935.0,4005.0,4164.0,179662.0
48df987b,11.715997,25,0.05151061341166496,0.14453564584255219,0.0,0.0020862099481746554,0.012598761357367039,0.044301657006144524,5.2320451736450195,-3.7484636306762695,40.90734100341797,-89.8212661743164,-34.019582748413086,-5.926933765411377,23.54527187347412,89.2455825805664,10.177610397338867,42.287330627441406,0.0,1.7260412573814392,4.4008049964904785,10.279815673828125,2588.0,3850.9716796875,159.81324768066406,3098.166748046875,3741.0,3806.0,3982.0,4179.0,358823.0
48e69212,3.149509,24,0.05201416835188866,0.14626294374465942,0.0,0.0008784617821220309,0.010207791812717915,0.038309063762426376,4.439051628112793,-7.5245490074157715,38.52235794067383,-89.82300567626953,-35.79829216003418,-7.6759138107299805,17.583950996398926,89.49734497070312,14.501182556152344,47.32723617553711,0.0,2.625,6.8288469314575195,12.98151159286499,2634.75,3853.64697265625,149.01547241210938,3097.25,3753.0,3818.0,3964.0,4181.0,375139.0
4926b18a,91.741646,16,0.022910842671990395,0.06785392761230469,0.0,0.0,0.0,0.02379152597859502,1.3158808946609497,-30.28716468811035,64.79622650146484,-90.0,-88.1065902709961,-70.11688995361328,19.355973720550537,86.50898742675781,61.68788528442383,258.0860595703125,0.0,0.5,0.5,8.987499952316284,2594.39990234375,3929.87158203125,187.0406494140625,3213.0,3736.0,3941.0,4146.0,4171.0,25338.0
4940a214,86.86037,12,0.01355999056249857,0.030880587175488472,0.0,3.753701832920342e-06,0.0023178053088486195,0.010906739858910441,0.26439565420150757,1.707427978515625,32.56402587890625,-89.761962890625,-15.401344060897827,2.914715886116028,20.738341331481934,85.86542510986328,24.328062057495117,3.3789477348327637,0.0,24.5,24.5,24.5,121.0,4029.623779296875,94.70599365234375,3507.0,3951.25,4029.0,4111.0,4187.0,46290.0
4950e24c,88.17637,4,0.03060992993414402,0.008255967870354652,0.0,0.03192832041531801,0.0326567105948925,0.03290090337395668,0.14013807475566864,-78.34439086914062,34.90617752075195,-89.95659637451172,-87.40570259094238,-87.3366813659668,-86.26972770690918,59.594764709472656,19.571670532226562,12.991543769836426,0.0,7.599999904632568,17.5,25.245098114013672,59.0,4115.7880859375,24.828998565673828,4070.0,4087.0,4127.0,4129.0,4170.75,4144.0
49a1931d,7.4452147,23,0.04855819791555405,0.12654732167720795,0.0,0.0008072392083704472,0.014387759380042553,0.040445199236273766,3.7664051055908203,-5.336149215698242,38.92269515991211,-89.58353424072266,-34.50925064086914,-5.247909069061279,21.995969772338867,89.00250244140625,74.6481704711914,291.1899108886719,0.0,2.1875,5.706624984741211,19.5,2649.25,3830.017822265625,158.74903869628906,3098.166748046875,3736.0,3800.0,3947.0,4170.0,353103.0
49e4eade,4.5754075,23,0.05151484161615372,0.16517914831638336,0.0,0.00015625695959897712,0.009638627991080284,0.03545486927032471,4.725636959075928,-10.963505744934082,38.61143493652344,-89.03453063964844,-40.58378028869629,-11.572478294372559,14.405831336975098,89.77749633789062,61.08787536621094,274.4615173339844,0.0,2.536777973175049,6.415899753570557,19.56987762451172,2638.25,3852.3798828125,138.49801635742188,3302.0,3747.0,3812.0,3958.0,4164.0,370855.0
4a1440d9,67.4182,25,0.01821506768465042,0.07465849071741104,0.0,0.0,6.979147292440757e-05,0.0077826702035963535,3.2453153133392334,-43.206459045410156,57.31489562988281,-89.72673034667969,-85.4870834350586,-82.85610961914062,1.3339978456497192,88.2206802368164,17.351119995117188,89.25780487060547,0.0,1.355340600013733,6.4282660484313965,14.185672760009766,2605.60009765625,3806.95703125,137.07408142089844,3098.166748046875,3741.0,3794.0,3888.0,4183.0,121005.0
4a17b463,0.41785315,23,0.04302652180194855,0.09852474182844162,0.0,0.004478832706809044,0.020949019119143486,0.04360217787325382,3.820319890975952,6.9145989418029785,39.5231819152832,-90.0,-15.876888990402222,10.923296928405762,35.41059875488281,89.92536926269531,75.44569396972656,286.4613952636719,0.0,3.0542778968811035,9.511398792266846,23.024641036987305,2632.800048828125,3838.993896484375,165.37904357910156,3098.166748046875,3736.0,3812.0,3958.0,4184.0,385718.0
4a475a9f,94.45413,12,0.0075950478203594685,0.012199457734823227,0.0,0.0023032199824228883,0.007830462418496609,0.009955584537237883,0.7660301923751831,11.255087852478027,18.641334533691406,-87.93414306640625,8.748831033706665,10.393083095550537,17.89454984664917,83.68099975585938,2.9474430084228516,15.359366416931152,0.0,0.16647087410092354,0.5137596726417542,2.2457178235054016,396.79998779296875,4096.39697265625,57.607051849365234,3383.0,4070.0,4099.0,4134.0,4175.0,17282.0
4a4a0f78,0.0,23,0.034276366233825684,0.10605324059724808,0.0,0.0005861685785930604,0.013202269561588764,0.03102552844211459,6.937943935394287,10.249540328979492,43.68798065185547,-89.49633026123047,-24.68922519683838,13.942923545837402,45.931708335876465,89.64271545410156,22.919933319091797,112.22940826416016,0.0,3.4570441246032715,7.6991636753082275,17.74686288833618,2623.333251953125,3814.928466796875,142.06512451171875,3098.166748046875,3736.0,3794.0,3917.0,4120.0,380312.0
4a62661a,85.93851,24,0.012257508002221584,0.03571140021085739,0.0,0.0007731177320238203,0.002689637243747711,0.007893734145909548,1.166063904762268,29.473018646240234,49.08696365356445,-89.857177734375,-8.821442127227783,42.472740173339844,73.68560409545898,88.39933776855469,6.787139415740967,30.75193977355957,0.0,1.600000023841858,1.600000023841858,3.91609525680542,2431.800048828125,4024.462158203125,164.78811645507812,3489.0,3912.0,4111.0,4140.0,4187.0,48859.0
4a6af685,78.95083,35,0.0289116520434618,0.09843625128269196,0.0,0.00020776569726876915,0.004844994284212589,0.018404953181743622,3.347679376602173,2.893700122833252,50.96824645996094,-89.59907531738281,-29.568490982055664,4.774919033050537,39.89892387390137,89.83480072021484,12.913667678833008,74.23988342285156,0.0,0.6771998405456543,2.536893606185913,8.873886108398438,2573.0,4051.116943359375,160.08872985839844,3278.0,3985.083251953125,4134.0,4164.0,4191.0,99127.0
4a9f92ca,0.0,31,0.06792889535427094,0.1465737670660019,0.0,0.007019781973212957,0.025885735638439655,0.06976819224655628,4.236016273498535,-4.466040134429932,32.47085952758789,-89.83626556396484,-27.15856170654297,-4.7041120529174805,16.47804069519043,88.9621810913086,36.65900802612305,173.6692657470703,0.0,1.9357890486717224,5.516892671585083,16.292874336242676,2651.0,3832.537109375,120.5842056274414,3296.0,3741.0,3800.5,3929.0,4158.0,291460.0
4aa87859,3.4116323,23,0.0519864521920681,0.13732723891735077,0.0,0.0019582987297326326,0.01117831189185381,0.03344155475497246,4.937928199768066,-0.12881971895694733,40.444278717041016,-89.11944580078125,-28.419097900390625,-3.706693410873413,26.614843368530273,89.57776641845703,109.40492248535156,376.0411376953125,0.0,2.178468108177185,6.7926506996154785,20.650980949401855,2631.60009765625,3853.625732421875,153.7646026611328,3302.0,3747.0,3812.0,3970.0,4190.0,373723.0
4b0f961e,0.0,68,0.06927867978811264,0.20006069540977478,0.0,0.0060826195403933525,0.02305123768746853,0.05947009474039078,6.24392032623291,-20.03885269165039,31.62469482421875,-89.90619659423828,-43.00774383544922,-20.116873741149902,-0.486458957195282,89.59221649169922,121.65587615966797,417.5601501464844,0.0,2.9402005076408386,8.5,24.33333396911621,2641.75,3937.619140625,126.37577819824219,3736.0,3824.0,3927.25,4046.0,4196.0,463896.0
4b3c7594,3.110544,23,0.06673521548509598,0.16770754754543304,0.0,0.0024483552551828325,0.01449596369639039,0.05852098390460014,4.158957004547119,6.264828205108643,37.88673782348633,-88.9416732788086,-19.470224380493164,2.810297966003418,34.55165195465088,88.89832305908203,212.23838806152344,539.4675903320312,0.0,1.8781293034553528,6.0,47.79999923706055,2632.199951171875,3832.3125,131.25730895996094,3098.166748046875,3736.0,3800.0,3935.0,4151.0,364082.0
4b71830a,5.6572404,23,0.0445174016058445,0.12157260626554489,0.0,5.4272810302791186e-05,0.007984263822436333,0.03254605270922184,4.116191864013672,4.187778949737549,41.44406509399414,-90.0,-21.44342041015625,7.226197242736816,34.45790100097656,89.36566162109375,53.269683837890625,165.4861602783203,0.0,5.25,10.65999984741211,30.125962257385254,2555.800048828125,3855.679931640625,153.19259643554688,3360.0,3741.0,3818.0,3976.0,4175.0,363111.0
4bc2bee9,0.0,33,0.06161358207464218,0.13281750679016113,0.0,0.004925731802359223,0.02170282043516636,0.0677676722407341,4.32508659362793,-19.95962142944336,29.827857971191406,-89.58796691894531,-41.21126365661621,-21.250486373901367,-1.1666045784950256,89.63434600830078,46.1810302734375,229.97718811035156,0.0,2.434136152267456,6.429007530212402,15.3983736038208,2633.60009765625,3827.368408203125,117.38765716552734,3318.0,3741.0,3806.0,3923.0,4152.0,307527.0
4ca242ea,3.5894823,23,0.038630932569503784,0.08755035698413849,0.0,0.003876592905726284,0.016247790306806564,0.036838767118752,2.87778639793396,13.451000213623047,39.9650764465332,-89.27794647216797,-16.377405643463135,20.6644229888916,44.51810932159424,89.51370239257812,15.301874160766602,35.45168685913086,0.0,2.6121020317077637,6.853148460388184,15.507701873779297,2367.0,3858.09130859375,149.52841186523438,3425.0,3753.0,3823.416748046875,3971.0,4180.0,376982.0
4cabd7aa,0.0,38,0.048508286476135254,0.12864984571933746,0.0,0.004151245579123497,0.015454605221748352,0.04461781680583954,4.644543170928955,-5.804162979125977,32.613155364990234,-89.80406188964844,-27.75881862640381,-3.9983385801315308,14.825018405914307,88.67510223388672,14.61304759979248,44.66156005859375,0.0,2.0516721606254578,5.7328081130981445,15.197481632232666,2550.75,3927.398681640625,130.77658081054688,3736.0,3806.0,3917.0,4030.833251953125,4197.0,246130.0
4cde1e34,1.952673,23,0.017150206491351128,0.03700972720980644,0.0,0.0007475463789887726,0.007151288911700249,0.01735852099955082,3.2284812927246094,-3.277193546295166,37.89741897583008,-89.86080932617188,-32.51760292053223,-3.138040781021118,24.676156997680664,89.37393951416016,7.081115245819092,20.795324325561523,0.0,0.5,1.5370370149612427,6.735921859741211,1943.5999755859375,3849.410888671875,148.38433837890625,3413.0,3742.833251953125,3812.0,3958.0,4181.0,382443.0
4d19854c,71.30992,19,0.024509422481060028,0.08067438751459122,0.0,0.000502751674503088,0.009474310092628002,0.018644943833351135,3.3829987049102783,-0.17180198431015015,53.342254638671875,-89.00226593017578,-41.39033508300781,0.4178374111652374,50.95304870605469,87.55519104003906,50.557533264160156,149.58087158203125,0.0,0.0,4.1550726890563965,19.01211166381836,2495.39990234375,3916.166748046875,190.78115844726562,3260.0,3706.0,3953.0,4087.0,4176.0,107265.0
4d5a8ce7,0.0,38,0.04355694353580475,0.06961402297019958,0.0,0.008026020601391792,0.020417154766619205,0.05286205280572176,3.8728997707366943,19.229272842407227,39.38870620727539,-89.88925170898438,-2.36187207698822,20.606414794921875,47.65684795379639,89.78012084960938,37.28691101074219,173.05323791503906,0.0,2.3488267064094543,6.0177624225616455,13.802505254745483,2546.199951171875,3888.669677734375,122.67120361328125,3695.0,3794.0,3852.75,3988.666748046875,4168.0,262318.0
4d61a44e,0.0,31,0.05258706957101822,0.09998273849487305,0.0,0.008003164548426867,0.023542163893580437,0.057264383882284164,4.071290493011475,-2.8619494438171387,31.209136962890625,-89.9150161743164,-24.942851066589355,-1.8702700734138489,16.666102409362793,88.8011245727539,67.40637969970703,239.40362548828125,0.0,2.3823891282081604,7.5,23.375,2638.199951171875,3904.82470703125,126.93403625488281,3739.0,3795.666748046875,3865.0,3996.833251953125,4181.0,293640.0
4dc4ed56,0.0,27,0.1237545982003212,0.20399418473243713,0.0,0.014549422077834606,0.049813512712717056,0.14001081883907318,3.6519558429718018,-5.027835845947266,31.03690528869629,-89.90607452392578,-24.10795021057129,-3.966749906539917,13.526766300201416,89.070068359375,150.48875427246094,412.5005187988281,0.0,3.9037883281707764,12.866666793823242,55.79999923706055,2632.75,4048.365966796875,79.51139831542969,3835.0,3994.0,4052.0,4111.0,4184.0,98608.0
4decbcd8,65.170494,19,0.0022314167581498623,0.014328913763165474,0.0,0.0,0.00013017615128774196,0.0010352317476645112,1.1706334352493286,-68.83497619628906,50.15855407714844,-89.7048110961914,-88.59663009643555,-88.1593017578125,-87.23290634155273,89.37972259521484,3.468156576156616,19.478391647338867,0.0,0.5096807479858398,0.8609938025474548,4.693907260894775,1846.0,3913.811279296875,139.96116638183594,3695.0,3794.0,3829.0,4064.0,4184.0,117455.0
4dfb4e1d,0.0,38,0.029882583767175674,0.07011424750089645,0.0,0.006439747288823128,0.014852202497422695,0.027085162233561277,2.7719926834106445,-3.0197689533233643,48.58925247192383,-89.87579345703125,-39.68165397644043,-0.9477494060993195,33.57990646362305,89.837158203125,33.73706817626953,134.80276489257812,0.0,2.979543149471283,8.894879341125488,20.80300283432007,2640.0,3993.465087890625,120.15878295898438,3800.0,3876.0,3997.0416259765625,4099.0,4193.0,126134.0
4e6c7a75,0.0,47,0.06606889516115189,0.11537953466176987,0.0,0.009952889522537589,0.03150167688727379,0.07601414248347282,3.2028563022613525,-2.2083358764648438,28.53569221496582,-89.84315490722656,-20.884475708007812,-1.7411527037620544,15.260315656661987,89.6774673461914,25.2872371673584,100.4260482788086,0.0,2.264325439929962,6.107142925262451,18.071261882781982,2589.199951171875,3900.972412109375,132.9617462158203,3442.0,3788.0,3859.0,4000.0,4188.5,313622.0
4e85505f,29.9947,25,0.028137199580669403,0.06233048439025879,0.0,0.002148531435523182,0.010152425151318312,0.026544423773884773,2.2118210792541504,-16.649431228637695,41.74945831298828,-89.77754974365234,-47.9379768371582,-15.724601745605469,8.924754619598389,89.26811981201172,11.627471923828125,25.927688598632812,0.0,3.0049567222595215,7.0156333446502686,14.399999618530273,2559.199951171875,3837.8486328125,178.47898864746094,3098.166748046875,3741.0,3806.0,3958.0,4187.0,279166.0
4f059221,0.0,30,0.0707584097981453,0.1388041079044342,0.0,0.012131553143262863,0.030968930572271347,0.07429871708154678,3.8445346355438232,9.816594123840332,31.867416381835938,-89.74214935302734,-9.546286582946777,10.164030075073242,31.593416213989258,88.65443420410156,104.41657257080078,330.334716796875,0.0,3.0228796005249023,8.5,34.599998474121094,2607.0,4055.506591796875,62.7487678527832,3829.333251953125,4000.0,4058.0,4105.0,4185.0,84633.0
4f20b188,8.119216,22,0.041782449930906296,0.09510822594165802,0.0,0.003870488260872662,0.01715405471622944,0.041183494962751865,3.7110753059387207,-0.03619176894426346,35.96822738647461,-89.40040588378906,-23.932892322540283,-0.5468297302722931,22.143460273742676,88.23375701904297,62.64511489868164,212.7011260986328,0.0,3.795263648033142,10.161723136901855,30.395150184631348,2566.333251953125,3812.68896484375,150.16046142578125,3098.166748046875,3730.0,3788.5,3929.0,4109.0,328198.0
4fd7e043,0.0,23,0.07110045105218887,0.11839590966701508,0.0,0.011738486588001251,0.03380171209573746,0.08211998641490936,2.013634204864502,-11.197698593139648,32.000675201416016,-90.0,-31.3353328704834,-12.463168144226074,3.890601396560669,89.27638244628906,36.879486083984375,209.21035766601562,0.0,1.40625,3.6086957454681396,9.0,2652.199951171875,4064.36669921875,72.87181091308594,3900.0,4005.0,4093.0,4129.0,4175.0,54973.0
50707f1e,0.0,36,0.08612174540758133,0.18404871225357056,0.0,0.01608259230852127,0.0352324154227972,0.08107871189713478,5.307376861572266,0.7491409778594971,33.20637512207031,-89.58091735839844,-21.493009090423584,0.8656570911407471,21.591041088104248,89.83319854736328,149.619873046875,427.4031066894531,0.0,2.3916893005371094,7.445830583572388,28.447596549987793,2653.5,3840.03271484375,145.5030059814453,3202.0,3736.0,3806.0,3947.0,4164.0,351790.0
50b2b84b,0.0,31,0.04938638582825661,0.10545841604471207,0.0,0.006681435042992234,0.02033170498907566,0.059608036652207375,4.9117817878723145,2.671795129776001,42.090919494628906,-89.9034423828125,-29.406030654907227,2.081646680831909,32.97368049621582,89.7741470336914,14.139400482177734,73.97826385498047,0.0,1.2036343812942505,4.814371109008789,10.103518962860107,2544.39990234375,3961.802490234375,95.54461669921875,3812.0,3876.0,3964.0,4017.0,4167.0,101047.0
5124169c,95.36739,8,0.017247043550014496,0.04260450229048729,0.0,0.0,0.00014833072782494128,0.0006298224034253508,0.734386682510376,-64.90037536621094,33.10292053222656,-89.28179168701172,-87.24030685424805,-83.15493774414062,-52.40780830383301,80.65325164794922,32.65877151489258,108.39971923828125,0.0,0.6767677813768387,6.525287389755249,55.0,2564.199951171875,3949.88671875,279.4192199707031,3098.166748046875,3648.0,4062.166748046875,4150.0,4184.0,14948.0
5132511c,4.6437187,23,0.026483403518795967,0.06541301310062408,0.0,0.0014100027037784457,0.013391189277172089,0.026793302968144417,4.132200241088867,-10.589577674865723,37.46732711791992,-89.9042739868164,-39.36117172241211,-10.786408424377441,16.26873207092285,89.7195816040039,33.024784088134766,124.49369812011719,0.0,5.117851257324219,11.720723152160645,23.190290451049805,2636.0,3873.25439453125,143.7034454345703,3372.0,3765.0,3835.0,3988.0,4193.0,374865.0
51364c23,60.327995,23,0.05138970538973808,0.1352362036705017,0.0,0.00031867852521827444,0.003271332010626793,0.027938461862504482,2.7672119140625,-4.936850070953369,58.25880432128906,-89.52903747558594,-55.451273918151855,-1.0450732707977295,37.21534442901611,89.65638732910156,37.05574035644531,92.93074798583984,0.0,2.810345232486725,8.3125,21.340962409973145,2437.800048828125,3909.99267578125,156.5067901611328,3413.0,3794.0,3888.0,4063.666748046875,4181.0,144176.0
51f38b37,0.0,32,0.04959135875105858,0.09718277305364609,0.0,0.010174123104661703,0.02258908562362194,0.051204778254032135,5.660623073577881,11.493865013122559,46.34044647216797,-89.79045104980469,-19.227112770080566,4.713006973266602,55.271501541137695,89.23455047607422,39.14178466796875,163.0148468017578,0.0,7.113631725311279,10.6582612991333,19.366358757019043,2602.60009765625,4085.420166015625,95.04906463623047,3902.0,3976.0,4146.0,4164.0,4184.0,17003.0
5264bb0e,79.06881,25,0.015230199322104454,0.06519462913274765,0.0,0.00029585263109765947,0.0017558839172124863,0.008462951518595219,2.657776117324829,-11.159791946411133,50.08602523803711,-89.88521575927734,-55.53178691864014,-12.949694633483887,30.761502265930176,89.6087875366211,19.880002975463867,45.48054122924805,0.0,2.0448291301727295,12.148354053497314,24.90449571609497,1370.5999755859375,4009.886474609375,115.57112121582031,3413.0,3941.0,3994.0,4111.33349609375,4175.0,77086.0
526f719b,0.0,32,0.09701457619667053,0.20191285014152527,0.0,0.012810633052140474,0.03889770619571209,0.105333486571908,4.977797031402588,-4.012223720550537,31.263320922851562,-89.7623062133789,-24.81541395187378,-4.362126111984253,14.294310092926025,89.33390045166016,180.25631713867188,494.12274169921875,0.0,1.899999976158142,5.572885751724243,22.875,2622.39990234375,3888.716552734375,130.15513610839844,3706.0,3782.0,3847.0,3988.0,4188.0,288430.0
52ce9b8b,0.0,36,0.06756370514631271,0.14551465213298798,0.0,0.007904100231826305,0.024468639865517616,0.06903916597366333,4.308919906616211,3.055111885070801,33.770328521728516,-89.41128540039062,-19.5728816986084,5.583961009979248,26.472681045532227,89.43595123291016,20.75738525390625,128.93902587890625,0.0,1.4952515363693237,4.053435325622559,11.157954216003418,2605.5,3857.928955078125,141.21092224121094,3319.0,3753.0,3819.0,3970.0,4173.0,348069.0
52e9e467,60.070568,17,0.03858495503664017,0.11145110428333282,0.0,0.0006763537530787289,0.01547410897910595,0.03201035410165787,4.443930625915527,7.917511940002441,51.44996643066406,-89.28829956054688,-28.653398513793945,0.9909639954566956,57.866153717041016,89.28913116455078,24.942346572875977,144.26629638671875,0.0,0.839821457862854,2.566901445388794,9.773308753967285,2642.0,3947.2294921875,141.0771484375,3747.0,3788.0,3990.333251953125,4080.833251953125,4170.0,106801.0
537dc410,66.6732,20,0.014218791387975216,0.043108392506837845,0.0,6.89822427375475e-05,0.00066303153289482,0.004597680876031518,1.7853838205337524,-7.4952192306518555,59.80780792236328,-89.73130798339844,-64.88658714294434,1.8327182531356812,50.26736068725586,88.70488739013672,10.04939079284668,24.18931007385254,0.0,3.719122588634491,5.543489933013916,21.75,1152.5,3789.54833984375,145.98794555664062,3243.0,3698.416748046875,3806.0,3876.0,4022.0,101458.0
53814642,86.79525,24,0.010795182548463345,0.022863922640681267,0.0,0.0008856672939145938,0.003334066248498857,0.009293502429500222,0.42567959427833557,-17.95208168029785,54.62887191772461,-89.54838562011719,-61.89749526977539,-23.726953506469727,21.968843460083008,86.92142486572266,88.00631713867188,45.84758377075195,0.0,64.29952239990234,91.50714874267578,133.3333282470703,279.6000061035156,3981.5380859375,165.45266723632812,3290.0,3876.0,4029.0,4087.0,4197.0,43068.0
53905a2c,0.0,38,0.04972844198346138,0.09677644819021225,0.0,0.008740070275962353,0.022079726681113243,0.052411168813705444,4.459659099578857,-8.354151725769043,33.59049606323242,-89.91909790039062,-32.2542610168457,-10.373128890991211,10.492238998413086,89.6092300415039,32.536624908447266,145.9027862548828,0.0,3.531531572341919,9.763641357421875,22.714284896850586,2576.5,3854.28125,141.04312133789062,3143.0,3747.0,3812.0,3964.0,4171.0,352165.0
54391716,58.63447,25,0.021987231448292732,0.08688816428184509,0.0,0.00017924606436281465,0.005267695989459753,0.012578943744301796,4.378842353820801,-1.9173320531845093,41.49801254272461,-89.60338592529297,-25.770692825317383,-0.925696462392807,21.511914253234863,89.41043090820312,16.68006134033203,84.35247039794922,0.0,1.9040709137916565,3.9039894342422485,11.18377423286438,2607.0,3839.5361328125,202.46644592285156,3097.25,3683.0,3873.25,3994.0,4185.0,160744.0
54945f30,66.97574,24,0.045684345066547394,0.1303730458021164,0.0,0.0015652787405997515,0.009944368153810501,0.02837624028325081,4.185982704162598,-0.596347987651825,45.25763702392578,-89.55711364746094,-41.0914192199707,5.817615509033203,38.1809196472168,88.97303009033203,29.655237197875977,133.88108825683594,0.0,1.8834949731826782,11.5,13.0,2617.0,3974.357421875,140.92454528808594,3505.0,3859.0,3973.916748046875,4105.0,4175.0,127393.0
54fef303,1.9372098,24,0.02480388432741165,0.06399249285459518,0.0,0.00043500155879883096,0.008691530674695969,0.023843770381063223,2.3001224994659424,-17.131145477294922,32.29726791381836,-89.74766540527344,-40.574564933776855,-18.03811740875244,4.668689250946045,88.67974090576172,67.5514144897461,256.9815368652344,0.0,4.351935982704163,10.6732816696167,29.182342052459717,2634.25,3846.656494140625,167.623291015625,3098.166748046875,3744.333251953125,3818.0,3970.0,4187.0,381976.0
554e46e9,87.22696,18,0.007628478109836578,0.039791084825992584,0.0,0.000141425432957476,0.0021928627975285053,0.004483203520067036,1.9614648818969727,-75.24820709228516,33.10079574584961,-89.98174285888672,-88.55893516540527,-86.84845733642578,-81.69192314147949,89.15086364746094,5.093724250793457,41.027164459228516,0.0,0.5672799944877625,1.276246726512909,2.6589768528938293,1685.25,3910.186767578125,216.1991729736328,3419.0,3747.0,3976.0,4083.333251953125,4181.0,40830.0
55f9338e,1.234205,25,0.0350717268884182,0.10071323066949844,0.0,0.0008674557175254449,0.007820426486432552,0.030150228179991245,4.387882232666016,-24.058670043945312,35.88206481933594,-89.8062515258789,-51.672085762023926,-25.454540252685547,0.6537267565727234,89.57482147216797,87.71875762939453,328.0706481933594,0.0,2.352887809276581,5.851150751113892,18.200000762939453,2645.5,3840.95751953125,162.20091247558594,3098.166748046875,3741.0,3809.416748046875,3958.0,4175.0,402246.0
563ebc00,34.278038,22,0.039221007376909256,0.12916845083236694,0.0,0.0013305959000717849,0.013067941647022963,0.03252124693244696,6.173492431640625,-7.672713279724121,39.2234992980957,-89.86417388916016,-37.667856216430664,-7.39429497718811,19.468397617340088,89.15230560302734,18.837392807006836,69.89739227294922,0.0,2.5,6.666666507720947,17.5,2548.60009765625,3916.74560546875,145.5712432861328,3098.166748046875,3808.166748046875,3870.0,4046.0,4205.0,270482.0
56cb7161,9.801493,23,0.056875988841056824,0.15110868215560913,0.0,0.00039395807834807783,0.014866961631923914,0.04944749455899,4.896643161773682,-7.634005546569824,39.128170013427734,-89.73091125488281,-34.892884254455566,-6.82218861579895,17.749930381774902,88.56016540527344,69.69303894042969,263.3052673339844,0.0,3.6251367330551147,8.701994895935059,28.218777656555176,2639.333251953125,3854.47802734375,170.520263671875,3098.166748046875,3736.333251953125,3829.0,3982.0,4187.0,346648.0
56d9dead,0.0,26,0.08269137144088745,0.17190100252628326,0.0,0.00929869432002306,0.02928043156862259,0.09051569551229477,4.4409308433532715,-5.527480602264404,28.511516571044922,-89.59194946289062,-24.352066040039062,-5.321654319763184,11.371323585510254,89.70799255371094,36.924198150634766,190.60845947265625,0.0,1.5871559381484985,4.712631702423096,13.186827659606934,2641.5,3931.875244140625,125.3782730102539,3280.0,3818.0,3912.0,4029.0,4198.0,259973.0
56ef356c,0.0,36,0.07074742019176483,0.1504986733198166,0.0,0.006995765957981348,0.023723209276795387,0.07297247648239136,3.675485610961914,-14.791043281555176,31.676477432250977,-89.67372131347656,-36.82246398925781,-13.750629425048828,5.387529373168945,88.83075714111328,24.63420295715332,138.42318725585938,0.0,1.6363636255264282,4.714285850524902,13.333333015441895,2663.5,3847.179443359375,147.8506622314453,3260.0,3744.916748046875,3818.0,3958.0,4164.0,351977.0
5779f2e9,80.051025,22,0.04557392746210098,0.11256137490272522,0.0,0.0009037451236508787,0.011755880899727345,0.04231105372309685,2.6458725929260254,19.3456974029541,35.54616165161133,-89.81278228759766,-0.3400193452835083,16.422958374023438,45.82586669921875,88.83793640136719,15.879656791687012,66.67352294921875,0.0,2.0,3.865978240966797,15.49046802520752,2589.60009765625,4005.224365234375,200.49566650390625,3173.0,4017.0,4070.0,4105.0,4181.0,73709.0
579e50bd,73.270195,23,0.04023425653576851,0.1096501350402832,0.0,0.00010119358557858504,0.004527651704847813,0.03448810614645481,3.319525718688965,0.24576079845428467,44.39983367919922,-89.85073852539062,-24.310251235961914,-0.006321377120912075,27.625795364379883,89.44705963134766,31.89630889892578,142.79415893554688,0.0,2.4000000953674316,8.49646282196045,18.5,2624.333251953125,3902.43310546875,185.2913360595703,3098.166748046875,3788.0,3888.0,4078.833251953125,4173.0,98951.0
57c4f2b4,0.0,53,0.07085232436656952,0.15095683932304382,0.0,0.009482517139986157,0.025513295084238052,0.07088720612227917,4.204835414886475,-0.6455013155937195,31.12234878540039,-89.6628189086914,-20.99391269683838,-1.9579662680625916,16.878384590148926,88.85874938964844,61.30023193359375,242.82159423828125,0.0,2.7833908200263977,9.0,22.572877883911133,2645.60009765625,3898.599853515625,148.5330810546875,3111.833251953125,3800.0,3900.0,4005.0,4169.58349609375,263262.0
57de6095,33.96336,25,0.052155788987874985,0.13414603471755981,0.0,0.0009473679529037327,0.008951765485107899,0.04184949770569801,3.9319310188293457,-5.315602779388428,42.21979522705078,-89.84593200683594,-38.5880069732666,-7.891805171966553,22.281479835510254,89.23847961425781,10.877013206481934,28.49186134338379,0.0,2.305084705352783,5.883333206176758,12.724283218383789,2412.800048828125,3933.599365234375,142.29403686523438,3230.0,3829.0,3929.0,4035.0,4201.0,270275.0
57f6fa6c,0.0,29,0.05861908942461014,0.10381600260734558,0.0,0.009633238893002272,0.024105658754706383,0.06643836200237274,2.6838271617889404,-5.270646572113037,40.28190612792969,-89.2676773071289,-37.50859069824219,-10.8117036819458,24.65385341644287,88.67705535888672,19.921247482299805,96.9795150756836,0.0,1.7841778993606567,4.500269412994385,11.434223651885986,2554.199951171875,4081.88720703125,65.25221252441406,3853.0,4058.0,4087.0,4117.0,4203.0,54051.0
58391429,61.11827,23,0.005483260378241539,0.04434908553957939,0.0,0.0,0.0,0.0006092628609621897,4.4912238121032715,-38.8734245300293,58.28188705444336,-89.60517883300781,-88.5486831665039,-72.81546401977539,2.754169285297394,88.8011474609375,9.829655647277832,55.64208984375,0.0,1.6407667398452759,5.594921827316284,8.346324682235718,1069.75,3843.673583984375,129.71539306640625,3384.0,3789.25,3835.0,3946.6875610351562,4152.0,141608.0
58ada72e,81.49192,25,0.025113161653280258,0.1023673266172409,0.0,2.9513636945921462e-05,0.00194465002277866,0.009752739919349551,4.190023422241211,13.179282188415527,42.22896194458008,-89.44869232177734,1.2253520488739014,6.563882827758789,48.21163082122803,89.11815643310547,17.631223678588867,104.41987609863281,0.0,0.3105570822954178,3.2195626497268677,12.437306642532349,2548.800048828125,3993.486572265625,132.38050842285156,3536.0,3935.0,4029.0,4099.0,4181.0,66668.0
58dfccdb,0.0,36,0.09521348774433136,0.22557543218135834,0.0,0.005967475241050124,0.022629745304584503,0.07442199438810349,4.965960502624512,-12.398950576782227,29.806278228759766,-89.5050277709961,-35.374101638793945,-11.58281421661377,8.463396072387695,89.42671203613281,18.289588928222656,104.57830810546875,0.0,1.924328088760376,4.801843166351318,11.0,2629.199951171875,3864.807861328125,145.3074951171875,3354.0,3753.0,3824.0,3978.416748046875,4182.0,369235.0
5985f299,2.8544242,25,0.032122962176799774,0.08035322278738022,0.0,0.001004277088213712,0.01034008339047432,0.02933902945369482,3.0115842819213867,-3.5794177055358887,34.32675552368164,-89.97118377685547,-26.82154369354248,-1.4136507511138916,20.715474128723145,89.92436981201172,11.87850570678711,74.9169692993164,0.0,1.6785848736763,3.5,9.815326690673828,2625.0,3856.8955078125,154.07823181152344,3098.166748046875,3747.0,3818.0,3971.333251953125,4187.0,403063.0
5a313293,53.773582,2,0.03870031610131264,0.061205506324768066,0.0,0.0067092099925503135,0.029464291408658028,0.03286891244351864,1.153438925743103,-17.63175392150879,52.571590423583984,-89.26106262207031,-68.80166625976562,-23.104352951049805,18.32619047164917,88.74407196044922,22.57754135131836,85.7470703125,0.0,0.8238935321569443,5.666666507720947,17.129879474639893,2512.60009765625,3736.175048828125,265.0649719238281,3099.333251953125,3542.0,3800.0,3979.4583129882812,4134.0,8462.0
5af79adb,5.8176527,24,0.019348368048667908,0.04077978432178497,0.0,6.506512545456644e-05,0.006236009765416384,0.021197617053985596,2.277372360229492,-10.49744987487793,43.1531867980957,-89.76424407958984,-44.58842754364014,-10.179345607757568,22.952208995819092,89.7956314086914,54.64484405517578,228.90086364746094,0.0,2.335706651210785,5.655563116073608,15.745580673217773,2642.666748046875,3834.468017578125,162.24363708496094,3098.166748046875,3736.0,3802.583251953125,3949.2291870117188,4170.0,371206.0
5b2c9b83,16.091738,23,0.02582082338631153,0.05011172220110893,0.0,0.0003360148402862251,0.01030155923217535,0.027599278837442398,1.9502336978912354,-1.0190012454986572,41.267364501953125,-89.51982879638672,-31.82930564880371,-0.006547154393047094,30.517009735107422,89.73297119140625,25.32944679260254,43.83004379272461,0.0,5.393027305603027,11.989105224609375,26.24110221862793,2372.0,3889.626953125,138.24664306640625,3218.0,3782.0,3847.0,3994.0,4193.0,323613.0
5b66b6f2,0.0,13,0.07876872271299362,0.1428222805261612,0.0,0.010429039597511292,0.0340891107916832,0.0873761996626854,3.37046217918396,-6.640528202056885,32.367767333984375,-89.5120849609375,-29.709182739257812,-7.0528244972229,13.954830169677734,88.08287048339844,76.63462829589844,258.9843444824219,0.0,1.9285714626312256,7.75,28.200000762939453,2628.800048828125,3948.656982421875,145.9215850830078,3721.0,3820.666748046875,3870.0,4108.83349609375,4188.0,102837.0
5b9ff85e,71.93466,23,0.007994430139660835,0.017527753487229347,0.0,0.0,0.0032108144368976355,0.010627217590808868,1.2797188758850098,-12.586588859558105,45.55149459838867,-89.79582214355469,-37.77290344238281,-27.610292434692383,14.589344024658203,88.90595245361328,22.99360466003418,26.6658878326416,0.0,15.25,15.25,15.25,830.4000244140625,3903.39697265625,177.79751586914062,3583.0,3741.0,3782.0,4074.5,4181.0,105898.0
5c186496,50.615112,25,0.04104998707771301,0.07067733258008957,0.0,0.003427069867029786,0.020244838669896126,0.046881457790732384,1.863425850868225,-13.46276569366455,40.195228576660156,-89.89173889160156,-34.53329086303711,-10.842388153076172,8.79011583328247,89.46495056152344,13.03437328338623,50.73699951171875,0.0,2.6018877029418945,5.689922332763672,14.25,2130.199951171875,3853.63916015625,160.0406494140625,3098.166748046875,3759.0,3824.0,3966.833251953125,4187.0,196055.0
5c22f241,7.2551394,1,0.09958809614181519,0.2180522382259369,0.0,0.02580062672495842,0.041553057730197906,0.06283143907785416,3.6828131675720215,-18.843847274780273,34.82819747924805,-88.85204315185547,-38.26856994628906,-12.42497444152832,7.5284504890441895,69.29995727539062,74.69184112548828,230.84335327148438,0.0,1.2226890325546265,3.6763157844543457,15.627119064331055,2545.60009765625,3735.920654296875,190.8022918701172,3096.666748046875,3677.0,3750.833251953125,3853.0,4162.0,9025.0
5c2c136d,0.0,24,0.07421564310789108,0.14602001011371613,0.0,0.00604906480293721,0.0228838212788105,0.07689915783703327,4.089761734008789,-24.585628509521484,32.392818450927734,-89.85941314697266,-49.06296634674072,-26.861616134643555,-4.89399254322052,89.73880004882812,49.60843276977539,249.15155029296875,0.0,2.059691369533539,6.6798601150512695,13.723137855529785,2632.800048828125,4032.7119140625,79.9067153930664,3829.0,3970.0,4046.0,4099.0,4170.0,100786.0
5cd83147,1.3315008,25,0.04433946684002876,0.1070457175374031,0.0,1.851518936746288e-05,0.010494887828826904,0.04374277591705322,4.154691696166992,-16.321983337402344,34.492652893066406,-89.65966033935547,-43.28242492675781,-17.95901870727539,6.892554044723511,89.06451416015625,10.883164405822754,43.60406494140625,0.0,1.5,3.1850242614746094,7.793248653411865,2572.800048828125,3861.174072265625,165.50375366210938,3098.166748046875,3761.833251953125,3829.0,3982.0,4201.0,412243.0
5d3b6ea5,0.0,23,0.05131417512893677,0.17314724624156952,0.0,0.0003220352664357051,0.008621230721473694,0.034817494451999664,5.166176795959473,-13.203206062316895,38.21281814575195,-89.58397674560547,-42.818156242370605,-13.861635684967041,12.114579439163208,88.0632553100586,20.013336181640625,81.22457122802734,0.0,3.9436839818954468,9.378618240356445,18.479149341583252,2625.75,3847.62451171875,159.78237915039062,3098.166748046875,3752.833251953125,3819.833251953125,3964.0,4187.0,387564.0
5d762840,0.0,9,0.0194451455026865,0.027251893654465675,0.0,0.002749865234363824,0.010915941093116999,0.027643652632832527,0.5963067412376404,19.132265090942383,44.222232818603516,-86.91454315185547,-16.986399173736572,15.677330493927002,56.70167541503906,89.28887939453125,64.14507293701172,132.64915466308594,0.0,4.184002161026001,9.666666984558105,99.91286659240723,1803.199951171875,4097.18212890625,43.470542907714844,4041.0,4057.5,4099.0,4123.0,4175.0,11402.0
5d885b20,0.0,40,0.07412505149841309,0.1545039564371109,0.0,0.01532660610973835,0.03762918710708618,0.07069380581378937,3.8457536697387695,-3.6593127250671387,46.843345642089844,-89.87554168701172,-41.981170654296875,-6.299051284790039,37.5123405456543,88.8648452758789,17.799673080444336,20.429279327392578,0.0,2.7918753623962402,6.815279483795166,27.5296573638916,358.79998779296875,3972.788330078125,106.82968139648438,3777.0,3953.0,3970.0,3994.0,4187.0,51661.0
5ddbac80,0.0,26,0.05229031294584274,0.05933650955557823,0.0,0.015648788772523403,0.03731068968772888,0.06895425915718079,1.5846725702285767,-14.219915390014648,35.2022590637207,-89.30316925048828,-40.62745475769043,-13.355691909790039,6.931914210319519,89.45513916015625,13.190567016601562,30.216373443603516,0.0,2.5827826261520386,6.304706573486328,16.078474044799805,1354.4000244140625,4082.949951171875,77.8827896118164,3941.0,4000.0,4117.0,4146.0,4188.0,26932.0
5e359a08,95.399315,10,0.012752841226756573,0.021247247233986855,0.0,0.010151994414627552,0.010907948948442936,0.012185671366751194,1.1857784986495972,66.40461730957031,49.890785217285156,-89.38947296142578,87.30184936523438,87.67169952392578,88.0553207397461,89.20550537109375,32.14010238647461,37.093719482421875,0.0,33.612548828125,35.26021957397461,36.12998390197754,1607.0,3841.466064453125,163.52725219726562,3652.75,3753.0,3765.0,3777.0,4183.0,13351.0
5e55e9fd,55.384834,14,0.016933811828494072,0.053062018007040024,0.0,0.0002080481317534577,0.005039194133132696,0.014705272624269128,3.035290479660034,13.517950057983398,44.40473175048828,-89.77947998046875,-16.09535264968872,16.869301795959473,49.31258487701416,89.48088073730469,28.060636520385742,47.20994567871094,0.0,4.80586040019989,8.457771301269531,40.373000144958496,1822.199951171875,4025.23681640625,118.39134216308594,3788.0,3994.0,4052.0,4111.0,4193.0,110636.0
5e57bd12,96.882645,18,0.04842498525977135,0.015158696100115776,0.0004688088083639741,0.04594605416059494,0.04736219346523285,0.04933654144406319,0.6255505681037903,-84.82604217529297,13.220491409301758,-89.76541900634766,-89.66664123535156,-88.9239730834961,-88.7054443359375,6.2734575271606445,17.222124099731445,3.4609296321868896,0.0,18.0,18.0,18.0,111.0,3879.00927734375,284.33544921875,3098.166748046875,3753.0,3929.0,4087.0,4172.0,6945.0
5ea2c305,76.320465,16,0.012112073600292206,0.05500905588269234,0.0,0.0002338918056921102,0.002392083639279008,0.007801006198860705,2.910054922103882,10.724116325378418,74.64178466796875,-89.95650482177734,-86.27256774902344,18.28218173980713,89.22604942321777,89.78572082519531,1.5185346603393555,3.8577346801757812,0.0,0.3333333432674408,0.3333333432674408,0.3333333432674408,120.4000015258789,3791.267822265625,135.4302978515625,3098.166748046875,3695.0,3771.0,3906.1875610351562,4075.0,61776.0
5ed5f205,41.368607,24,0.02260708622634411,0.0774245411157608,0.0,6.99850916134892e-05,0.003425380797125399,0.018030331935733557,3.652433156967163,-1.2440192699432373,48.89288330078125,-89.62555694580078,-42.13176250457764,-2.5240100622177124,40.69847297668457,89.59510040283203,18.478450775146484,76.0111312866211,0.0,2.1437187790870667,6.026745080947876,13.345670700073242,2606.5,3833.523193359375,183.43043518066406,3098.166748046875,3711.083251953125,3798.916748046875,3985.25,4182.0,228712.0
5ee595e8,8.271822,25,0.05036332085728645,0.1085924580693245,0.0,9.636521281208843e-05,0.01242881454527378,0.05070459842681885,3.423159599304199,-0.6362515687942505,41.07666778564453,-89.8636245727539,-30.429546356201172,0.9684821963310242,30.53619384765625,89.84741973876953,37.27294921875,189.8359832763672,0.0,2.5,5.833333492279053,13.287018775939941,2648.0,3856.7744140625,170.17330932617188,3098.166748046875,3753.0,3829.0,3982.0,4187.0,381633.0
5ef3d64e,14.806667,25,0.02734251506626606,0.056114379316568375,0.0,0.0001829616194299888,0.009441540576517582,0.02488730661571026,2.250624418258667,6.755301475524902,43.79764938354492,-89.66120910644531,-21.687697887420654,10.987210750579834,40.084774017333984,89.78364562988281,13.622488975524902,50.15734100341797,0.0,2.3935539722442627,6.3212950229644775,11.024341821670532,2492.0,3851.926025390625,170.22035217285156,3099.083251953125,3765.0,3824.0,3976.0,4175.0,359978.0
5f099188,74.929016,19,0.006395649630576372,0.018010269850492477,0.0,0.0,9.453892562305555e-05,0.007166458992287517,1.0091042518615723,3.979094982147217,55.22003173828125,-89.40505981445312,-44.38863945007324,30.152084350585938,47.76092338562012,88.65296936035156,4.186474323272705,28.216903686523438,0.0,0.7338105738162994,1.5,3.206252336502075,1196.5999755859375,3922.42578125,141.67962646484375,3718.0,3788.0,3900.0,4057.625,4176.0,75263.0
5f1b07e1,0.0,36,0.0343463234603405,0.06269428879022598,0.0,0.003923182957805693,0.01632503140717745,0.0384469972923398,2.9502041339874268,-29.445728302001953,30.689268112182617,-89.64800262451172,-53.482802391052246,-31.770902633666992,-8.17420768737793,89.4534912109375,68.55321502685547,258.3009338378906,0.0,3.3306803703308105,9.672638893127441,25.702555656433105,2646.0,3947.148193359375,123.3836669921875,3776.0,3829.0,3935.0,4056.3541259765625,4193.0,205392.0
5f37ceb1,5.116988,23,0.03373947739601135,0.10264499485492706,0.0,0.0012829216429963708,0.011468562297523022,0.026639919728040695,3.6250007152557373,-11.366536140441895,38.06855773925781,-89.7965087890625,-39.33689880371094,-13.04411506652832,10.109314918518066,89.43781280517578,14.582072257995605,51.74312210083008,0.0,2.5714285373687744,6.917975425720215,15.011935234069824,2643.0,3867.4736328125,132.74427795410156,3677.0,3768.583251953125,3820.666748046875,3970.0,4177.0,357965.0
5f574f3d,1.9048505,23,0.03969067335128784,0.10933105647563934,0.0,0.0010501628275960684,0.010807096492499113,0.033980720676481724,3.843052864074707,-8.202502250671387,37.81288146972656,-89.80116271972656,-36.22534465789795,-8.151801109313965,16.801091194152832,88.72798156738281,16.29970359802246,38.040138244628906,0.0,2.8908682465553284,7.088457107543945,16.733288764953613,2614.0,3836.398193359375,167.9376678466797,3098.166748046875,3736.0,3806.0,3953.0,4175.0,379694.0
5f7537cf,1.5641758,24,0.043547093868255615,0.09089718759059906,0.0,0.0016252276545856148,0.015682833269238472,0.055975559167563915,4.28486442565918,-1.8958683013916016,35.17463302612305,-89.2879409790039,-25.673821926116943,-0.9309133589267731,20.004522800445557,89.45404815673828,48.1181640625,197.0817108154297,0.0,1.9774852395057678,6.0225608348846436,20.769636154174805,2636.0,3840.072998046875,157.96176147460938,3098.166748046875,3743.666748046875,3808.0,3953.0,4181.0,396110.0
5f78f7b9,73.278275,5,0.007187410723417997,0.01836557686328888,0.0,0.0005436440114863217,0.0014038479421287775,0.004928776994347572,0.39395129680633545,0.7282701134681702,66.6034164428711,-89.7237319946289,-73.04071044921875,-5.2678751945495605,71.70295715332031,89.68531036376953,66.57073974609375,61.276039123535156,0.0,14.227007865905762,25.82193374633789,130.24607849121094,189.39999389648438,4036.718017578125,45.229248046875,3976.0,4017.0,4035.0,4052.0,4174.0,21297.0
5f9dddb4,3.9551747,2,0.04650210589170456,0.15877188742160797,0.0,0.00011072318011429161,0.01283359806984663,0.0318722166121006,3.98844575881958,-4.068809509277344,43.21845626831055,-88.4792709350586,-35.193119049072266,-13.10981559753418,27.592308044433594,89.02043151855469,102.3651123046875,412.9317321777344,0.0,9.194552421569824,11.6130952835083,17.81818199157715,2624.60009765625,3714.46142578125,183.15061950683594,3097.25,3616.583251953125,3753.0,3841.0,4112.0,17305.0
60c1ff37,63.955273,23,0.11005617678165436,0.2626482844352722,0.0,0.009723351569846272,0.02716855052858591,0.08675224334001541,4.872289657592773,5.1733808517456055,42.886863708496094,-89.89537811279297,-16.453406810760498,3.780840754508972,30.68450164794922,89.06610107421875,211.118408203125,549.5043334960938,0.0,3.4166667461395264,10.5,33.75,2638.39990234375,3911.7158203125,135.45584106445312,3255.0,3782.0,3917.0,4023.0,4168.0,131672.0
613fc399,0.0,29,0.08217290043830872,0.17891618609428406,0.0,0.008633422199636698,0.02819148637354374,0.08524516969919205,5.010178089141846,-12.385910987854004,31.45619773864746,-89.88385772705078,-32.990739822387695,-13.608723640441895,4.110138416290283,89.73072052001953,139.96730041503906,439.7350158691406,0.0,2.1362860202789307,6.9059906005859375,23.799999237060547,2646.666748046875,3970.67919921875,112.5288314819336,3791.0,3861.75,3970.0,4064.0,4175.0,170315.0
6187d0dc,51.549866,12,0.024775754660367966,0.06997247785329819,0.0,7.644653669558465e-05,0.005047610029578209,0.02045143023133278,4.219656944274902,-13.71978759765625,39.318634033203125,-89.31355285644531,-44.71439743041992,-16.442649841308594,12.855459213256836,88.676025390625,8.492583274841309,18.53862762451172,0.0,1.5,2.939399242401123,7.0,553.6666870117188,3970.426513671875,106.99998474121094,3812.0,3870.0,3964.0,4064.0,4181.0,197401.0
6197a2ce,6.43934,22,0.04289098456501961,0.11685460060834885,0.0,0.0006750244938302785,0.010868212673813105,0.04110028129070997,5.380259990692139,-12.611300468444824,36.99177169799805,-89.93991088867188,-41.3040657043457,-15.500497817993164,11.851026058197021,89.82332611083984,30.47542953491211,89.62281036376953,0.0,5.732399582862854,15.0,33.5,2613.800048828125,3824.207763671875,110.02909088134766,3407.0,3744.833251953125,3800.25,3906.0,4113.0,340986.0
621066ff,0.0,35,0.08371175825595856,0.18173812329769135,0.0,0.01105395844206214,0.02810429036617279,0.07453824765980244,5.502636909484863,5.6467604637146,32.3272590637207,-89.82666778564453,-17.015223503112793,7.06280779838562,28.559739112854004,89.55821990966797,76.31549072265625,310.60174560546875,0.0,1.0740022361278534,3.3333332538604736,11.398976564407349,2636.800048828125,3916.674072265625,130.61477661132812,3741.0,3806.0,3876.0,3994.0,4188.0,235884.0
6247cc15,0.0,29,0.061733853071928024,0.12235888838768005,0.0,0.006803965196013451,0.02473854087293148,0.07475349307060242,3.990917444229126,-11.394224166870117,27.256608963012695,-89.75341796875,-28.027090072631836,-9.594460487365723,3.782678961753845,89.62504577636719,30.43482208251953,131.85865783691406,0.0,2.5681004524230957,7.315270900726318,20.164841651916504,2645.0,3891.435546875,125.06575775146484,3722.0,3788.0,3853.0,3988.0,4175.0,284671.0
6282e693,0.0,62,0.08639387786388397,0.16359345614910126,0.0,0.01346739660948515,0.038461025804281235,0.09024123102426529,3.413822650909424,-12.297555923461914,30.44222640991211,-89.8101806640625,-30.36425018310547,-10.904898643493652,3.8743672370910645,89.44849395751953,87.19259643554688,303.7868347167969,0.0,4.0,10.062856674194336,32.25,2634.39990234375,3991.940673828125,122.53910827636719,3684.333251953125,3941.0,4000.0,4084.833251953125,4181.0,137029.0
62b873a2,30.744875,23,0.05464574694633484,0.17474502325057983,0.0,0.0006149878026917577,0.01328588230535388,0.038179025053977966,5.241470813751221,-7.217692852020264,43.642974853515625,-89.85696411132812,-36.912713050842285,-6.810816049575806,22.796127319335938,89.76277923583984,37.518775939941406,182.9499969482422,0.0,2.8888888359069824,6.225750923156738,16.3739595413208,2623.0,3895.863525390625,153.0886688232422,3218.0,3788.0,3853.0,4017.0,4187.0,274116.0
62cd5c74,56.169342,21,0.027008991688489914,0.0768185630440712,0.0,0.0011485719587653875,0.007421433227136731,0.024072252213954926,3.150871992111206,-11.844996452331543,41.79713821411133,-89.94642639160156,-44.02139663696289,-11.932779312133789,15.452589273452759,89.06077575683594,16.556777954101562,38.22628402709961,0.0,3.0392516255378723,6.0,10.698710203170776,245.0,3897.134521484375,163.16661071777344,3519.0,3777.0,3812.0,4064.0,4175.0,175542.0
63d4ab9a,12.18349,25,0.03816797211766243,0.09814652055501938,0.0,0.002045075932983309,0.014207982923835516,0.034741513431072235,4.922180652618408,-4.3797993659973145,41.28193283081055,-89.90255737304688,-34.0073766708374,-7.6326024532318115,18.377657413482666,89.42295837402344,19.34564781188965,117.72504425048828,0.0,1.4448963701725006,4.0,10.800000190734863,2631.0,3861.470458984375,158.87831115722656,3098.166748046875,3753.0,3824.0,3979.833251953125,4187.0,362066.0
63fc9770,36.541603,23,0.021719256415963173,0.05010673776268959,0.0,9.316364776168484e-05,0.006403869483619928,0.02118537947535515,2.6253435611724854,-4.1430463790893555,45.19589614868164,-89.86495971679688,-39.811341285705566,-5.117120742797852,29.598665714263916,89.89842224121094,32.31840133666992,88.66938781738281,0.0,4.432628393173218,7.272013187408447,21.26256036758423,1301.5999755859375,3868.73291015625,138.60061645507812,3354.0,3771.0,3859.0,3976.0,4161.0,234508.0
641697e6,0.17497814,25,0.046419061720371246,0.10104595124721527,0.0,0.0038765673525631428,0.017472947016358376,0.045598000288009644,4.395920753479004,-0.7278644442558289,35.533843994140625,-89.87611389160156,-26.33234214782715,1.0225727558135986,24.15801429748535,89.34222412109375,25.927490234375,118.93186950683594,0.0,3.4493329524993896,8.076752662658691,18.699010848999023,2616.800048828125,3851.69580078125,167.63272094726562,3098.166748046875,3747.0,3818.0,3976.0,4187.0,410581.0
649ff6d9,0.0,37,0.06655795127153397,0.16512414813041687,0.0,0.007232303731143475,0.022386247292160988,0.06953439116477966,4.831987380981445,-6.999645709991455,30.156017303466797,-89.36039733886719,-28.298900604248047,-5.19251823425293,12.42202377319336,89.74270629882812,89.55461120605469,334.75238037109375,0.0,2.3167290687561035,6.694586753845215,21.899999618530273,2653.5,3881.036865234375,138.6385955810547,3689.0,3771.0,3836.166748046875,3988.0,4187.0,339257.0
64b4005d,73.771385,22,0.022777549922466278,0.061805859208106995,0.0,0.0016996153281070292,0.010132535360753536,0.019864867441356182,2.2378058433532715,-8.460511207580566,50.730831146240234,-89.6560287475586,-45.39745330810547,-1.3188351392745972,18.42927360534668,88.93768310546875,20.335935592651367,104.49722290039062,0.0,1.6893939971923828,4.591344833374023,7.666666507720947,2606.75,3942.549560546875,154.3705596923828,3548.0,3818.0,4005.0,4076.0,4163.0,84663.0
64ed48c4,92.27604,21,0.004405645653605461,0.036627691239118576,0.0,0.0,0.0,0.000608482732786797,2.4633476734161377,-77.61991119384766,32.200439453125,-89.78317260742188,-88.32363700866699,-88.06612777709961,-87.83531188964844,88.6089096069336,25.98841667175293,123.26917266845703,0.0,0.5,1.8132445216178894,9.5,2082.0,3757.4326171875,243.4752655029297,3169.5,3560.0,3659.0,4093.0,4162.0,24822.0
658e66ec,65.309296,24,0.020081011578440666,0.04587302729487419,0.0,1.4647841453552246e-05,0.003283375408500433,0.020186953246593475,2.1686294078826904,-12.195833206176758,48.8406867980957,-89.86726379394531,-55.81704139709473,-11.957958221435547,26.778841972351074,89.31470489501953,11.710283279418945,51.89632797241211,0.0,1.539774775505066,4.25,9.805253982543945,2499.199951171875,3980.98388671875,118.9532241821289,3098.166748046875,3923.0,3977.666748046875,4076.5,4169.0,135527.0
6595d479,14.725293,23,0.0328979417681694,0.09026281535625458,0.0,0.0002569447970017791,0.006678581470623612,0.027986512519419193,5.484592437744141,-23.23544692993164,41.70322036743164,-89.7096939086914,-58.36630344390869,-29.529584884643555,0.9852274656295776,89.10449981689453,34.55770492553711,176.80929565429688,0.0,1.5,4.814135551452637,13.276139259338379,2615.0,3875.282470703125,144.59902954101562,3099.083251953125,3771.0,3831.583251953125,3982.0,4177.0,371416.0
659fec57,27.099121,24,0.01891569048166275,0.05760679766535759,0.0,0.0002120568387908861,0.0037782147992402315,0.011910244589671493,2.3717896938323975,-18.376283645629883,46.88648223876953,-89.86388397216797,-51.973270416259766,-21.15570068359375,8.97350287437439,89.29419708251953,17.729522705078125,71.3670654296875,0.0,1.5918275117874146,4.864444255828857,11.666666984558105,2623.199951171875,3877.384765625,172.89793395996094,3098.166748046875,3800.0,3865.0,4000.0,4199.0,283588.0
65fe69c0,78.96071,25,0.004352260380983353,0.021694371476769447,0.0,0.0,0.0,0.000841598302940838,1.4055925607681274,15.44039249420166,68.09500122070312,-89.86474609375,-65.69452285766602,69.3539810180664,76.47308349609375,88.7690658569336,4.98490047454834,14.176300048828125,0.0,1.5,1.5,2.941285729408264,297.5,3914.35693359375,165.6370849609375,3239.0,3795.5,3865.0,4041.0,4205.0,70964.0
6699c999,0.0,35,0.06143596023321152,0.1328439563512802,0.0,0.010021367575973272,0.02799886092543602,0.0654127448797226,3.980809211730957,-8.733047485351562,30.326858520507812,-89.30435180664062,-29.23873996734619,-7.8143134117126465,10.41456413269043,89.70897674560547,18.87548828125,65.6966781616211,0.0,2.6437095403671265,6.804347991943359,16.340579986572266,2659.0,3873.75048828125,132.87815856933594,3683.0,3771.0,3835.0,3980.75,4181.0,332287.0
66f619e3,70.492714,7,0.053151603788137436,0.12509404122829437,0.0,0.0010153124458156526,0.009928516112267971,0.0564121138304472,3.5929179191589355,-19.532312393188477,36.291683197021484,-88.2420425415039,-46.186729431152344,-15.074735641479492,1.0587995052337646,89.15995025634766,33.65810775756836,183.73446655273438,0.0,1.7142857313156128,4.476521253585815,10.366659879684448,2591.0,4070.259033203125,107.64082336425781,3425.0,4023.666748046875,4088.333251953125,4146.0,4187.0,55258.0
677038b5,0.0,38,0.051468949764966965,0.09830732643604279,0.0,0.008906086906790733,0.023764593526721,0.058631062507629395,3.1032891273498535,8.143695831298828,33.92298126220703,-89.59508514404297,-15.481904029846191,7.607454776763916,33.716854095458984,89.1926498413086,117.36318969726562,397.7556457519531,0.0,3.31272554397583,9.75,27.014083862304688,2637.0,3920.79052734375,134.3831329345703,3730.0,3794.0,3894.0,4046.0,4193.0,229013.0
6774ba64,7.5307174,17,0.050287287682294846,0.1160588338971138,0.0,0.004974842420779169,0.01883481629192829,0.05097516439855099,4.222935676574707,3.2782583236694336,39.85111999511719,-89.8883056640625,-25.00549602508545,1.8786661624908447,30.575863361358643,89.5996322631836,59.50023651123047,243.30404663085938,0.0,1.7829954028129578,4.388888835906982,14.75,2640.39990234375,3920.77294921875,129.6831817626953,3097.25,3806.0,3906.0,4023.0,4184.0,250174.0
678598dd,0.0,35,0.07146070152521133,0.15214397013187408,0.0,0.009113233303651214,0.02762595284730196,0.07571128569543362,4.699880123138428,-11.787644386291504,36.124961853027344,-89.28984069824219,-37.87885665893555,-14.21828842163086,10.798218965530396,89.5306625366211,39.409149169921875,170.16810607910156,0.0,3.0,7.5714287757873535,16.246797561645508,2641.800048828125,3990.024658203125,111.43850708007812,3800.0,3907.0,3994.0,4093.0,4181.0,121048.0
6795027a,71.17781,25,0.032037705183029175,0.06874445825815201,0.0,0.0023718783631920815,0.015701694414019585,0.03163306415081024,3.783173084259033,2.2521185874938965,43.531005859375,-89.68209838867188,-21.60130786895752,6.603583335876465,26.36995029449463,89.10909271240234,55.0247688293457,226.21299743652344,0.0,3.5,3.5,11.0,2571.800048828125,3929.474853515625,195.1214141845703,3098.166748046875,3833.666748046875,3947.0,4093.0,4205.0,109631.0
6826f0be,0.0,35,0.07271448522806168,0.14743056893348694,0.0,0.010733590694144368,0.028614713810384274,0.07532310485839844,3.6929471492767334,7.426692962646484,31.764848709106445,-89.83486938476562,-13.480361938476562,8.585907936096191,29.795931816101074,89.15548706054688,82.94486999511719,317.3486328125,0.0,3.7521677017211914,9.86657190322876,24.53979778289795,2639.0,3875.294189453125,133.62014770507812,3672.0,3766.166748046875,3835.0,3988.0,4187.0,294112.0
685cc0f1,2.4887562,23,0.024447886273264885,0.049757543951272964,0.0,0.0002890578762162477,0.009282490238547325,0.024763628840446472,2.567072629928589,1.6397762298583984,41.29191207885742,-89.7245101928711,-29.182531356811523,3.1850011348724365,33.03342056274414,89.80941009521484,7.793989658355713,24.523223876953125,0.0,1.090976357460022,3.319145679473877,8.455801010131836,1975.5999755859375,3853.59228515625,147.60975646972656,3454.0,3746.416748046875,3818.0,3964.416748046875,4181.0,372889.0
687c85e7,0.0,3,0.03718315809965134,0.0646599605679512,0.0,0.00970233790576458,0.020774655044078827,0.039809878915548325,1.6739581823349,-17.535593032836914,32.59022521972656,-87.99844360351562,-41.51240921020508,-16.77302360534668,1.885406255722046,88.62954711914062,11.325676918029785,35.0176887512207,0.0,2.7482352256774902,5.729135990142822,10.699164390563965,1875.199951171875,4123.798828125,28.21900177001953,4073.0,4099.0,4123.0,4146.0,4183.0,40085.0
68be3d5c,89.87339,24,0.028754422441124916,0.02223820984363556,1.0613202903186902e-05,0.0226498581469059,0.02377534843981266,0.03347202576696873,1.219760775566101,-48.89057922363281,23.937232971191406,-87.39744567871094,-79.71514129638672,-40.54780960083008,-37.39580154418945,65.54766845703125,1.7394535541534424,4.387977123260498,0.0,0.0,0.0,1.0,164.39999389648438,3939.457763671875,159.0130157470703,3214.0,3812.0,3982.0,4076.0,4205.0,32803.0
68fa4631,18.135443,21,0.026824550703167915,0.07884190231561661,0.0,0.0005137870466569439,0.005739988759160042,0.022848965134471655,3.4291141033172607,-0.0695788711309433,41.327064514160156,-89.74256896972656,-28.33958911895752,-1.060846745967865,29.461995124816895,89.39765167236328,82.40415954589844,341.54998779296875,0.0,1.6979698240756989,5.934776544570923,20.0,2648.0,3839.32373046875,109.30248260498047,3565.0,3764.5,3818.0,3926.833251953125,4158.0,293000.0
697c41d7,33.869602,40,0.03944064676761627,0.10410959273576736,0.0,1.8382271719019627e-05,0.010584060568362474,0.038543617352843285,4.403822422027588,-24.209993362426758,37.20123291015625,-89.97232055664062,-49.54086208343506,-23.69697666168213,-1.0432573854923248,89.53997039794922,12.315832138061523,41.250404357910156,0.0,1.447906881570816,3.6655571460723877,7.970084190368652,2636.60009765625,3834.000244140625,164.16165161132812,3098.166748046875,3741.0,3812.0,3947.0,4175.0,436324.0
69b65679,70.74881,7,0.006613059435039759,0.018863411620259285,0.0,0.00042849103920161724,0.0020486339926719666,0.0049749272875487804,0.812259316444397,42.16777038574219,43.61567687988281,-85.73440551757812,50.36588668823242,61.381500244140625,62.80702590942383,84.07844543457031,8.545402526855469,4.149026870727539,0.0,10.5,10.5,10.5,70.0,3892.088134765625,145.44720458984375,3378.0,3794.0,3853.0,3982.0,4136.0,26265.0
6a16089d,7.4101224,23,0.02546221762895584,0.07463710755109787,0.0,0.0011101854033768177,0.0075179398991167545,0.01991201750934124,3.3435521125793457,-3.325204849243164,39.502403259277344,-89.60824584960938,-31.82465934753418,-2.792703628540039,26.641569137573242,89.79212188720703,34.493553161621094,195.9502716064453,0.0,2.189342737197876,5.098484992980957,14.714253425598145,2638.0,3849.449462890625,153.12057495117188,3098.166748046875,3761.833251953125,3818.0,3958.0,4177.0,347001.0
6a2fd807,26.63126,24,0.04433098062872887,0.13906246423721313,0.0,8.124629675876349e-05,0.005497164558619261,0.025059187784790993,6.183098793029785,-6.078255653381348,47.18370819091797,-89.89171600341797,-43.67876434326172,-8.552453994750977,23.512006759643555,89.68218994140625,85.579833984375,358.0225524902344,0.0,2.358865261077881,6.886252403259277,13.537189483642578,2655.5,3850.400390625,160.9876708984375,3098.166748046875,3724.0,3853.0,3976.0,4154.0,285625.0
6a4df6ff,0.0,41,0.05812952667474747,0.11458127200603485,0.0,0.00801945454441011,0.025843622162938118,0.05970941670238972,2.1417832374572754,-14.894189834594727,40.069793701171875,-89.69893646240234,-40.525410652160645,-17.919784545898438,1.8594447672367096,89.84077453613281,58.49972152709961,238.5845489501953,0.0,3.4509058594703674,10.963573932647705,23.0,2611.800048828125,4081.44091796875,141.3491973876953,3765.0,4123.0,4137.5,4158.0,4181.0,25624.0
6a864b11,2.1340187,23,0.028475338593125343,0.07645854353904724,0.0,0.0009588781831553206,0.007333418587222695,0.022961946669965982,2.9328126907348633,-8.123600006103516,40.12678527832031,-89.93302917480469,-39.06233310699463,-11.763094425201416,18.77906608581543,89.87084197998047,37.89678955078125,124.6746826171875,0.0,4.239999771118164,10.5,31.278949737548828,2635.25,3854.72216796875,150.40489196777344,3401.0,3747.0,3821.916748046875,3968.833251953125,4181.0,382648.0
6abd21d4,48.245346,26,0.011498595587909222,0.03086048550903797,0.0,0.0,0.0008382022497244179,0.009875161340460181,1.4460912942886353,-6.459814548492432,39.93648910522461,-89.02671813964844,-34.24584102630615,-7.5672314167022705,21.162691593170166,89.54591369628906,9.742313385009766,17.56247329711914,0.0,3.043607771396637,5.789937734603882,10.43420934677124,734.7999877929688,3911.821533203125,159.94284057617188,3378.0,3780.0,3929.0,4070.0,4187.0,208812.0
6ac5763a,42.253254,20,0.031789444386959076,0.08525436371564865,0.0,0.0008367635600734502,0.009347004815936089,0.028480312786996365,2.919327974319458,-6.7686381340026855,39.31880569458008,-89.63638305664062,-35.43729591369629,-7.222818851470947,15.914149761199951,88.2558822631836,110.45840454101562,377.4821472167969,0.0,2.5770797729492188,9.0,24.55186939239502,2613.5,3911.849853515625,158.38229370117188,3273.0,3741.0,3935.0,4041.0,4181.0,231279.0
6ac5eaaf,46.875,2,0.021947121247649193,0.03508367761969566,0.0,0.016599695198237896,0.017104942351579666,0.017592187505215406,1.4972540140151978,-57.34618377685547,53.69858169555664,-89.30432891845703,-88.26169204711914,-88.22147369384766,-57.33406925201416,89.49759674072266,7.780532360076904,9.366048812866211,0.0,9.0,9.0,9.0,514.7999877929688,3713.236328125,249.18399047851562,3099.333251953125,3753.0,3800.0,3875.7291870117188,4123.0,8414.0
6b6467f4,0.0,2,0.05312504991889,0.15517552196979523,0.0,0.007739149499684572,0.017695782706141472,0.05721312388777733,3.4292900562286377,-20.495256423950195,26.673158645629883,-86.91146850585938,-40.495853424072266,-17.607662200927734,-2.3972957134246826,80.67994689941406,10.545762062072754,15.383665084838867,0.0,2.5,5.333333492279053,10.424627304077148,266.0,4095.802734375,6.687519073486328,4086.0,4090.0,4095.416748046875,4099.0,4145.0,8181.0
6b773506,0.5570341,23,0.029967641457915306,0.0716717541217804,0.0,0.0010116740013472736,0.008836939930915833,0.030632263980805874,4.100893497467041,-14.050089836120605,39.245208740234375,-89.89617156982422,-44.85797882080078,-16.629146575927734,10.399589538574219,89.68987274169922,61.21064758300781,248.6183624267578,0.0,4.099999904632568,11.439678192138672,30.20436668395996,2659.39990234375,3825.871826171875,154.56549072265625,3098.166748046875,3732.0,3800.0,3941.0,4160.0,385071.0
6c0fe935,24.906416,24,0.02662939392030239,0.14975611865520477,0.0,1.518726321592112e-06,0.004220588598400354,0.02048243023455143,5.585268974304199,-21.046247482299805,42.809608459472656,-89.71418762207031,-52.83333969116211,-19.511219024658203,6.783554553985596,89.0433120727539,53.471134185791016,258.61578369140625,0.0,3.0,8.750492095947266,18.386730194091797,2644.5,3888.928466796875,147.49627685546875,3190.0,3782.0,3859.0,3994.0,4170.0,298613.0
6c2edc91,66.989494,24,0.020806817337870598,0.049959778785705566,0.0,0.0001521810845588334,0.012249170802533627,0.024891329929232597,2.4261577129364014,-3.7492425441741943,55.88217544555664,-89.48822021484375,-50.49943923950195,3.7251299619674683,36.26040744781494,89.47787475585938,13.226271629333496,40.24504089355469,0.0,1.215423732995987,4.746724843978882,11.002727508544922,2242.0,3969.745849609375,139.23878479003906,3098.166748046875,3859.0,3983.0,4082.0,4177.0,119378.0
6c6cd633,1.9404272,22,0.030917247757315636,0.08418576419353485,0.0,0.0014248366933315992,0.009347469545900822,0.02887093275785446,4.766746997833252,-8.714537620544434,38.6678352355957,-89.62937927246094,-38.092864990234375,-8.932502746582031,17.194072723388672,89.24634552001953,90.70791625976562,326.8951110839844,0.0,2.7141261100769043,7.392906188964844,16.59339141845703,2636.0,3824.40966796875,142.3072509765625,3098.166748046875,3753.0,3812.0,3929.0,4112.0,353145.0
6c737069,0.0,51,0.07933252304792404,0.16720233857631683,0.0,0.009997832821682096,0.028348304331302643,0.07815264165401459,4.454874038696289,-16.102689743041992,29.00234603881836,-89.89730072021484,-35.19236755371094,-16.667179107666016,0.7383838295936584,89.1753921508789,50.95001983642578,216.55575561523438,0.0,2.399507999420166,6.0,15.439228057861328,2642.0,3907.10302734375,125.60590362548828,3100.333251953125,3800.0,3886.5,4005.0,4179.0,258046.0
6d5944a9,21.706253,25,0.031354427337646484,0.08759837597608566,0.0,0.0005279464385239407,0.007735340390354395,0.024642716627568007,3.6120691299438477,-15.997852325439453,42.035560607910156,-89.87559509277344,-48.992597579956055,-18.904017448425293,9.155147314071655,89.43133544921875,23.9062557220459,122.76029205322266,0.0,3.086794078350067,7.5,16.923452854156494,2613.199951171875,3837.4296875,169.42576599121094,3098.166748046875,3747.0,3818.0,3929.0,4191.0,312182.0
6d707ac3,0.0,34,0.022632550448179245,0.04112799093127251,0.0,0.0032164757139980793,0.009842642582952976,0.026152610778808594,1.9014818668365479,-22.21095085144043,31.395130157470703,-89.96928405761719,-44.484622955322266,-25.394378662109375,-4.041416645050049,89.47313690185547,38.846107482910156,172.621826171875,0.0,2.763157844543457,8.453106880187988,24.98248291015625,2617.60009765625,3949.856201171875,111.01201629638672,3782.0,3841.0,3947.0,4046.0,4177.0,196157.0
6dfe4a75,2.45856,23,0.0202947910875082,0.03830619528889656,0.0,0.001373432925902307,0.008736310992389917,0.02179065253585577,4.082265853881836,-11.670562744140625,38.18851089477539,-89.68148040771484,-41.3681001663208,-13.28392505645752,10.066107511520386,88.82952117919922,12.398454666137695,80.24629211425781,0.0,1.264304131269455,3.5,7.694503664970398,2607.39990234375,3830.519775390625,165.20643615722656,3098.166748046875,3730.0,3806.0,3953.0,4164.0,377776.0
6e128c6b,88.272064,24,0.008762070909142494,0.023969892412424088,0.0,0.00139659084379673,0.004126031883060932,0.0058711920864880085,0.9478517770767212,-48.629947662353516,53.171382904052734,-89.95281982421875,-84.14326477050781,-82.48402404785156,-11.98807144165039,86.45433807373047,5.460745811462402,9.11059856414795,0.0,3.5,3.5,6.638888835906982,724.0,3935.507568359375,246.19737243652344,3255.0,3787.75,3992.416748046875,4154.83349609375,4183.0,36365.0
6e1d28b6,0.0,32,0.0967465490102768,0.23785321414470673,0.0,0.008778190007433295,0.025396217592060566,0.07905223220586777,4.579281330108643,-13.5868558883667,28.81776237487793,-89.80908966064453,-32.94365882873535,-12.385894298553467,4.14208984375,89.6678695678711,169.90438842773438,476.28717041015625,0.0,2.817307710647583,10.58297061920166,52.0,2641.60009765625,3851.555419921875,129.96420288085938,3657.0,3747.0,3812.0,3957.666748046875,4167.0,311994.0
6e85a624,0.0,2,0.023704906925559044,0.0586896613240242,0.0,0.0,0.008635092061012983,0.02160002291202545,1.0612467527389526,-8.076725006103516,45.4157829284668,-89.16171264648438,-47.40397834777832,-11.906323909759521,19.86112117767334,83.02265167236328,2.3316426277160645,9.537296295166016,0.0,0.0,0.0,5.087717771530151,566.25,3817.480224609375,166.64866638183594,3080.916748046875,3736.0,3800.0,3929.0,4176.0,10152.0
6e9beaee,63.300484,22,0.0332067534327507,0.07188297808170319,0.0,1.558144913360593e-05,0.005861810874193907,0.021677247248589993,2.711047887802124,2.3618509769439697,38.0707893371582,-89.57807159423828,-20.260557651519775,1.8730793595314026,30.674280643463135,89.0987319946289,12.115860939025879,66.1869125366211,0.0,1.0,2.452573776245117,7.030233979225159,2498.39990234375,3846.08203125,142.63780212402344,3524.0,3730.0,3806.0,3917.0,4166.0,139892.0
6ebfdc95,0.0,80,0.05539171025156975,0.07630252093076706,0.0,0.007328849285840988,0.02536347322165966,0.07835536822676659,1.9957835674285889,-0.8828584551811218,35.46097946166992,-89.88839721679688,-13.609813213348389,-1.3683874607086182,12.26024055480957,89.88680267333984,3.5449485778808594,6.540439605712891,0.0,1.2012436985969543,2.1626036167144775,3.6012524366378784,352.6000061035156,3873.686279296875,159.2712860107422,3260.0,3777.0,3829.0,3985.166748046875,4175.0,117259.0
6f49c8d0,0.0,21,0.06374559551477432,0.07188503444194794,0.0,0.03135762270539999,0.05249265022575855,0.07139100693166256,1.7557555437088013,-30.349843978881836,37.96229553222656,-89.78620910644531,-72.16517639160156,-24.64030361175537,-3.8911688327789307,88.8140640258789,64.26564025878906,120.79381561279297,0.0,2.0719111561775208,9.67052936553955,36.75,1173.800048828125,4126.66796875,57.09421920776367,3915.0,4129.0,4146.0,4158.0,4174.0,5330.0
6f5677b7,11.693271,24,0.035041145980358124,0.09445896744728088,0.0,2.2681554696646344e-06,0.00457349861972034,0.029277189634740353,3.69085693359375,-26.51896095275879,31.729402542114258,-89.87653350830078,-50.4779167175293,-29.12086772918701,-5.0666362047195435,88.60130310058594,49.225318908691406,253.1929931640625,0.0,0.6650676876306534,1.368392288684845,4.216367483139038,2646.0,3855.508056640625,146.38671875,3354.0,3753.0,3814.833251953125,3970.0,4158.0,356044.0
6fb28c2a,85.876015,20,0.029517943039536476,0.09735430032014847,0.0,0.0003789166730712168,0.0038686092011630535,0.02000020956620574,3.0877997875213623,6.127551078796387,44.499916076660156,-89.747802734375,-25.36109685897827,1.855544090270996,54.117032051086426,89.35248565673828,27.38809585571289,50.51542282104492,0.0,7.6916855573654175,21.03476905822754,49.25,2436.60009765625,4067.6787109375,145.00746154785156,3436.0,4093.0,4123.0,4146.0,4175.0,47124.0
6fcdcb2a,40.157364,23,0.0344475656747818,0.1043340340256691,0.0,0.0002147609047824517,0.006046668626368046,0.01977549958974123,3.25520658493042,-6.644384860992432,44.84795379638672,-89.81354522705078,-37.80376052856445,-7.85919713973999,20.3441104888916,89.75968170166016,54.41576385498047,244.46937561035156,0.0,2.256024956703186,5.666297912597656,13.349665641784668,2640.333251953125,3909.646484375,140.5553436279297,3442.0,3806.0,3906.0,4025.583251953125,4174.0,229559.0
7015528d,11.442867,4,0.042030949145555496,0.10953332483768463,0.0,0.001664874143898487,0.01832050271332264,0.03668343648314476,4.109472751617432,-9.245532989501953,42.00965881347656,-90.0,-36.431827545166016,-11.257863998413086,23.225936889648438,88.8938217163086,14.411382675170898,17.91100311279297,0.0,2.2636096477508545,9.026315689086914,20.539892196655273,404.0,4129.2978515625,52.746280670166016,3895.0,4111.0,4134.0,4164.0,4197.0,43005.0
709457f3,70.323235,22,0.006117668468505144,0.01999584399163723,0.0,0.0009307893051300198,0.001985830022022128,0.00478143198415637,0.8527812957763672,-24.024051666259766,35.75425720214844,-89.6500244140625,-57.45314598083496,-40.085853576660156,7.221147060394287,84.67683410644531,25.105390548706055,39.03488540649414,0.0,14.107821464538574,28.111957550048828,35.578908920288086,2497.199951171875,3792.26953125,192.24070739746094,3098.166748046875,3683.0,3809.75,3917.0,4144.0,97575.0
70de1c63,0.0,39,0.038396209478378296,0.08511974662542343,0.0,0.001123671536333859,0.009712880477309227,0.03711985424160957,3.2082958221435547,-14.335274696350098,27.35613250732422,-89.88546752929688,-33.72315979003906,-14.719107627868652,4.065164566040039,89.52471923828125,19.22066879272461,96.58627319335938,0.0,2.2867867946624756,6.666666507720947,16.35763168334961,2622.0,3868.563232421875,137.923583984375,3627.5,3759.0,3824.0,3976.0,4183.0,369261.0
71850348,0.0,31,0.0727970153093338,0.1430077701807022,0.0,0.01152679044753313,0.03171112388372421,0.07352402806282043,3.390528917312622,-14.20239543914795,28.73992156982422,-89.80892181396484,-33.61484909057617,-14.77005672454834,3.345390558242798,88.32081604003906,38.15092468261719,187.7928466796875,0.0,1.413139820098877,4.0802507400512695,13.421767234802246,2642.0,3868.9208984375,131.52215576171875,3683.0,3765.0,3829.0,3976.0,4185.0,320361.0
71852781,91.48721,9,0.037465982139110565,0.1407332569360733,0.0,0.000759193702833727,0.005344792269170284,0.017932690680027008,2.832930564880371,-8.804659843444824,42.547237396240234,-89.32368469238281,-39.887386322021484,-8.759564399719238,25.104710578918457,85.93889617919922,13.43973159790039,29.08052635192871,0.0,3.1601861715316772,7.333333492279053,13.534040927886963,1126.800048828125,4125.03515625,29.13555145263672,3565.0,4105.0,4129.0,4146.0,4172.0,32063.0
7187caec,42.944347,24,0.03406699746847153,0.1235446110367775,0.0,0.0009815973753575236,0.00502376165241003,0.025733932852745056,5.435277462005615,8.726151466369629,51.92945098876953,-89.62972259521484,-27.622429847717285,18.811009407043457,47.418410301208496,89.58576202392578,11.730928421020508,29.655597686767578,0.0,2.0,5.25,13.232176542282104,2136.60009765625,3865.387939453125,168.99063110351562,3360.0,3730.0,3845.75,3988.0,4181.0,223950.0
71c1b1d2,0.0,35,0.05978909134864807,0.12678736448287964,0.0,0.009531502611935139,0.026642151176929474,0.06198678910732269,4.9897027015686035,-10.019935607910156,30.01544761657715,-89.62580871582031,-28.830588340759277,-8.853630065917969,7.018303155899048,89.57881927490234,55.074554443359375,201.07635498046875,0.0,4.651925802230835,10.873785972595215,30.33333396911621,2628.800048828125,4046.397705078125,81.494873046875,3730.0,3982.0,4046.0,4111.0,4187.0,105771.0
71ee31f8,9.884751,25,0.04143724963068962,0.11048538237810135,0.0,0.0006425992760341614,0.00781240314245224,0.035818325355648994,4.140819549560547,-13.659759521484375,43.146636962890625,-89.8739242553711,-45.96967887878418,-16.64334487915039,11.598743438720703,89.65113830566406,17.086578369140625,60.3266716003418,0.0,2.0772509574890137,5.646509170532227,13.403131484985352,2575.60009765625,3843.45849609375,159.7469024658203,3098.166748046875,3741.0,3800.0,3958.0,4166.0,363255.0
721ea536,0.32471612,26,0.039074428379535675,0.09136956930160522,0.0,0.0017124767473433167,0.00829507876187563,0.03481384366750717,3.7323365211486816,-22.554183959960938,31.98622703552246,-89.84284973144531,-46.3131160736084,-24.293710708618164,-1.9471794962882996,89.25666809082031,8.202261924743652,23.20582389831543,0.0,1.2903225421905518,3.25,8.666666984558105,2307.800048828125,3841.00732421875,166.3702850341797,3098.166748046875,3736.0,3812.0,3964.0,4175.0,438876.0
7265f1e5,36.60223,22,0.04579488933086395,0.1424732655286789,0.0,0.00180211995029822,0.01349383033812046,0.03010915406048298,4.113985538482666,-0.03204502537846565,52.889892578125,-89.756103515625,-37.96525001525879,-1.4684978723526,34.850664138793945,89.64683532714844,19.39140510559082,128.6614990234375,0.0,0.780353382229805,1.3333333730697632,5.0,2619.39990234375,3897.2236328125,151.111328125,3202.0,3800.0,3912.0,4005.0,4189.0,224836.0
72a0c969,17.606209,23,0.05059937387704849,0.16252318024635315,0.0,9.465038783673663e-05,0.009625823702663183,0.03612408973276615,4.737236022949219,-13.480673789978027,45.6457405090332,-89.93079376220703,-47.68560981750488,-15.614153861999512,10.768661737442017,89.74535369873047,100.4822006225586,342.495361328125,0.0,3.095553457736969,8.199999809265137,28.488940715789795,2646.5,3864.9453125,134.2312774658203,3098.166748046875,3771.0,3835.0,3970.0,4165.0,308222.0
72c9c38d,2.2365224,24,0.03506588563323021,0.09374139457941055,0.0,0.0010907062678597867,0.008525586687028408,0.024938507936894894,3.1905033588409424,-16.34738540649414,42.930294036865234,-89.74307250976562,-51.877692222595215,-22.412590980529785,5.993273854255676,89.25286865234375,8.05235481262207,15.290919303894043,0.0,1.6666666269302368,3.8406596183776855,8.925565958023071,1326.0,3846.63232421875,143.05491638183594,3237.0,3741.0,3806.0,3955.833251953125,4170.0,389186.0
732b2327,0.0,27,0.06809288263320923,0.1436072736978531,0.0,0.010194450849667192,0.02678173128515482,0.06748342886567116,3.804708957672119,-14.16690444946289,30.38812255859375,-88.93035125732422,-35.27091979980469,-15.247233390808105,3.9880937933921814,89.5864486694336,23.41727066040039,104.43685150146484,0.0,2.0,5.556578636169434,13.064190864562988,2636.5,3841.95458984375,171.2421875,3098.166748046875,3736.0,3824.0,3971.333251953125,4178.0,267226.0
7347b54e,0.3737852,24,0.05132497102022171,0.14740493893623352,0.0,0.0010739286371972412,0.013200862798839808,0.04580537602305412,4.696793079376221,1.0563405752182007,39.069244384765625,-88.83833312988281,-30.154338836669922,-0.9381247460842133,29.62450933456421,89.47174072265625,9.521350860595703,52.58964538574219,0.0,0.75,1.6028406620025635,4.185964345932007,2620.0,3823.407958984375,152.8813018798828,3098.166748046875,3735.0,3800.0,3935.0,4149.0,383450.0
73ec551e,8.61705,24,0.039980582892894745,0.11239670217037201,0.0,0.0012895335676148534,0.010527337901294231,0.03467634320259094,4.248437404632568,-7.147275447845459,41.69967269897461,-89.94524383544922,-34.529197692871094,-6.661499977111816,19.590943336486816,89.78827667236328,18.312278747558594,82.44477844238281,0.0,2.785328984260559,6.947368621826172,14.679387092590332,2621.25,3853.9150390625,165.1777801513672,3225.0,3741.0,3824.0,3970.0,4181.0,357987.0
73ffa609,0.0,2,0.03643665835261345,0.081122025847435,0.0,0.004086095723323524,0.026337222196161747,0.034292981028556824,2.4029741287231445,7.704753875732422,47.90633010864258,-89.16630554199219,-27.114357471466064,8.402192115783691,42.03006172180176,89.32447814941406,54.34223937988281,236.97962951660156,0.0,1.938322365283966,7.477724313735962,19.990863800048828,2524.25,3826.119384765625,171.88648986816406,3096.083251953125,3730.0,3800.0,3947.0,4168.0,10428.0
745e6065,83.86962,23,0.022909531369805336,0.0745014101266861,0.0,8.02947051852243e-05,0.001209049194585532,0.007836360950022936,4.076156139373779,8.273942947387695,46.56599807739258,-89.81355285644531,-22.202430248260498,25.58431339263916,32.6317024230957,89.84516143798828,44.70082092285156,242.0308837890625,0.0,0.8396754264831543,1.3894248008728027,6.864562392234802,2654.0,3898.630126953125,208.68328857421875,3190.0,3815.833251953125,3970.0,3988.0,4173.0,55726.0
7494989e,63.06157,24,0.028540167957544327,0.11384288966655731,0.0,0.0,6.864468105050037e-06,0.00725519610568881,3.908520460128784,-53.045310974121094,42.74751281738281,-89.45706939697266,-80.67754364013672,-77.97538757324219,-32.46784591674805,89.70889282226562,44.981319427490234,260.5146484375,0.0,0.20576201379299164,0.991001546382904,4.5,2634.75,3909.871826171875,202.6435546875,3098.166748046875,3768.5,3935.0,4099.0,4190.0,136585.0
75ad73ee,27.483875,22,0.05589747428894043,0.19567391276359558,0.0,0.0005064706201665103,0.010995220392942429,0.031052473932504654,4.708902835845947,-9.3843355178833,42.66934585571289,-89.91449737548828,-40.4114990234375,-13.239005088806152,10.771382331848145,89.82752990722656,71.64281463623047,271.3935241699219,0.0,2.249732732772827,11.800823211669922,34.16436767578125,2672.5,3913.953369140625,133.9814910888672,3677.0,3794.0,3900.0,4023.0,4177.0,257445.0
75b0446f,60.314484,34,0.04460921883583069,0.12955309450626373,0.0,0.0005474684585351497,0.011133230291306973,0.04448995739221573,5.983063220977783,-18.31785774230957,41.895469665527344,-89.80326843261719,-50.0069694519043,-16.049442291259766,5.767016410827637,88.75730895996094,51.173072814941406,208.79754638671875,0.0,3.299999952316284,8.395411491394043,23.0,2634.666748046875,3895.738525390625,177.31858825683594,3319.0,3759.0,3800.0,4093.0,4193.0,224727.0
75b53bd4,78.89765,22,0.013729195110499859,0.015359942801296711,0.0,0.0009288624860346317,0.01292597409337759,0.024225670844316483,0.4942871630191803,18.26654815673828,53.98927307128906,-81.2586441040039,-12.915375709533691,14.670836448669434,77.64408111572266,87.34945678710938,2.7889726161956787,9.189624786376953,0.0,0.5130371451377869,1.145539402961731,2.9496726989746094,129.0,3870.969970703125,152.05364990234375,3276.0,3771.0,3829.833251953125,4017.0,4153.0,60541.0
75c13e08,19.71831,23,0.03351467847824097,0.07311452180147171,0.0,0.0020919397938996553,0.011561312712728977,0.032621387392282486,3.0757694244384766,-10.169514656066895,41.00912857055664,-89.8938217163086,-39.32504653930664,-13.145918846130371,17.248472213745117,89.59136199951172,72.30406188964844,267.6146545410156,0.0,3.5,9.25,28.25,2613.800048828125,3861.37744140625,150.6603546142578,3098.166748046875,3777.0,3835.0,3970.0,4172.0,295213.0
764d8b42,4.9340763,24,0.04653220623731613,0.12362974882125854,0.0,0.0008047980809351429,0.012133079580962658,0.04303235840052366,3.977731466293335,-7.97916841506958,37.73147201538086,-89.3051986694336,-34.43454551696777,-7.408945083618164,15.135684967041016,88.52456665039062,125.71817016601562,408.281982421875,0.0,2.980778455734253,8.399999618530273,24.0,2646.75,3864.502197265625,144.163330078125,3435.0,3759.0,3824.0,3976.0,4189.0,381306.0
76781cd8,38.25419,26,0.04343218356370926,0.12046471238136292,0.0,1.887838016045862e-05,0.010690574999898672,0.046828883700072765,3.8300673961639404,-15.036025047302246,43.78459548950195,-89.97303771972656,-45.20224571228027,-15.979367733001709,11.434420108795166,88.98921203613281,58.10523986816406,248.15618896484375,0.0,2.387096881866455,6.129536151885986,25.600000381469727,2637.60009765625,3882.74609375,143.61062622070312,3098.166748046875,3771.0,3841.0,3988.0,4178.0,257384.0
76fb4afb,19.002874,22,0.06984055042266846,0.24160471558570862,0.0,0.002140127355232835,0.013163760304450989,0.047416314482688904,7.085108757019043,3.7664127349853516,37.40503692626953,-89.65259552001953,-20.881181716918945,6.486210823059082,31.596437454223633,89.1175308227539,69.45225524902344,255.24392700195312,0.0,2.529411792755127,7.625848293304443,22.200000762939453,2654.5,3869.566650390625,126.77513885498047,3454.0,3782.0,3836.166748046875,3976.0,4180.0,296697.0
7800a084,1.0219933,27,0.03968147560954094,0.0817275419831276,0.0,0.0002890833275159821,0.011945657432079315,0.04299023747444153,4.322122097015381,-14.745452880859375,39.960880279541016,-89.7197036743164,-46.04422378540039,-13.910804748535156,12.63242483139038,89.41244506835938,37.17782974243164,163.65365600585938,0.0,1.4666666984558105,4.5,14.677893161773682,2617.75,3841.912841796875,169.83267211914062,3099.083251953125,3736.0,3810.166748046875,3970.0,4181.0,435279.0
7860b64c,16.97026,27,0.045000892132520676,0.1509944349527359,0.0,0.001728356524836272,0.009095736779272556,0.027719871141016483,4.694697856903076,-0.964213490486145,40.203617095947266,-89.7773666381836,-30.201515197753906,-2.5804250240325928,23.366252899169922,89.28131103515625,22.408676147460938,110.79476928710938,0.0,3.0,6.271407604217529,12.879984378814697,2633.60009765625,3828.01708984375,164.68695068359375,3296.0,3724.0,3784.666748046875,3925.75,4181.0,367951.0
78704d22,11.906104,24,0.017466288059949875,0.05494870990514755,0.0,0.00029061843088129535,0.0052295709028840065,0.01616316381841898,4.605094909667969,-0.9543629288673401,40.91282272338867,-89.57233428955078,-30.90230941772461,-3.1185455322265625,29.195573329925537,89.75676727294922,19.406476974487305,103.6747817993164,0.0,0.5,1.9516030550003052,11.100000381469727,2634.75,3872.767822265625,145.81497192382812,3348.0,3771.0,3835.0,3982.0,4176.0,357834.0
79bd36b6,43.87807,24,0.01845633238554001,0.024311890825629234,0.0,0.002318856364581734,0.010774193797260523,0.027691042982041836,0.8950951099395752,-13.387472152709961,47.921573638916016,-89.86748504638672,-52.135098457336426,-18.923036575317383,22.63741159439087,88.8109359741211,17.93173599243164,11.350835800170898,0.0,8.404435396194458,22.479061126708984,25.0,440.0,3861.93701171875,163.14462280273438,3098.166748046875,3766.0,3824.0,3988.0,4188.0,215880.0
7a0136e0,98.515526,9,0.05534577742218971,0.09990763664245605,0.0,0.001149872550740838,0.02047839853912592,0.06570596620440483,1.5909937620162964,-15.796346664428711,42.73241424560547,-89.20479583740234,-41.44038009643555,-5.00455379486084,13.501707077026367,81.62224578857422,12.555380821228027,20.010040283203125,0.0,2.75,7.599999904632568,13.498222827911377,171.1999969482422,4100.86474609375,110.0995101928711,3718.0,4146.0,4152.0,4152.0,4166.0,4258.0
7a6d26a2,39.60972,19,0.03012000396847725,0.08094022423028946,0.0,0.0005578430427704006,0.010472116991877556,0.028417760506272316,3.349151134490967,-10.479254722595215,42.959495544433594,-89.80386352539062,-41.9041748046875,-12.029356002807617,13.546499729156494,88.1606674194336,15.737591743469238,62.780181884765625,0.0,1.5,3.9732704162597656,12.088477611541748,2570.800048828125,3809.516357421875,168.59329223632812,3196.0,3731.583251953125,3794.0,3923.0,4163.0,187515.0
7b0a4060,0.0,37,0.07985983043909073,0.16146449744701385,0.0,0.008485542144626379,0.02981030009686947,0.0856592245399952,4.324766159057617,-3.7283718585968018,27.109621047973633,-89.4194564819336,-21.613856315612793,-2.9966514110565186,13.12285327911377,89.34208679199219,113.19111633300781,403.2707824707031,0.0,2.1666667461395264,6.039096832275391,18.0,2642.0,3857.1748046875,156.8712158203125,3098.166748046875,3759.0,3824.0,3970.0,4183.0,396751.0
7b543871,17.356037,24,0.03974339738488197,0.11151581257581711,0.0,0.0002189741499023512,0.011824287474155426,0.029275874607264996,3.083569049835205,-11.984260559082031,46.18458557128906,-89.78545379638672,-47.188941955566406,-19.75800323486328,13.408452987670898,89.83496856689453,11.89988899230957,24.740253448486328,0.0,2.7148605585098267,5.145803451538086,14.715487957000732,2127.0,3881.78369140625,145.26907348632812,3098.166748046875,3773.166748046875,3847.0,3982.0,4198.0,328439.0
7b8842c3,0.0,35,0.04039919376373291,0.09020064026117325,0.0,0.005364238517358899,0.024135349318385124,0.043689530342817307,2.7743821144104004,-11.009835243225098,47.93372344970703,-89.7702407836914,-46.34826374053955,-13.665492534637451,20.72622585296631,89.30003356933594,5.049156665802002,15.59077262878418,0.0,1.438377857208252,2.897436261177063,4.942200779914856,1046.800048828125,3992.34765625,126.12158966064453,3815.083251953125,3837.333251953125,4000.0,4087.0,4199.0,15420.0
7bdbf66f,0.0,38,0.07138652354478836,0.1616489440202713,0.0,0.00719058676622808,0.02302893716841936,0.054134332574903965,2.381498336791992,-0.9958272576332092,46.87709426879883,-89.99264526367188,-31.420011520385742,0.2530471086502075,31.78129768371582,89.7759017944336,20.020286560058594,20.77450180053711,0.0,3.43861323595047,12.30220079421997,34.66982555389404,210.3333282470703,4112.76904296875,116.95771789550781,3677.0,4146.0,4160.83349609375,4175.0,4187.0,15524.0
7c194077,20.981525,22,0.03081762045621872,0.12282779067754745,0.0,0.0003462753666099161,0.004529762081801891,0.01502093905583024,5.479445934295654,-10.763228416442871,43.67823791503906,-89.69599914550781,-45.47700119018555,-17.434885025024414,14.943807125091553,89.64091491699219,100.80584716796875,369.780029296875,0.0,3.056512475013733,9.357142448425293,21.29393768310547,2649.25,3863.943359375,148.07225036621094,3413.0,3741.0,3829.0,3973.5,4172.0,293055.0
7c21ad67,1.3020053,24,0.04146423935890198,0.10698791593313217,0.0,0.001699209795333445,0.012504407204687595,0.039427705109119415,4.165395259857178,17.17618751525879,35.086280822753906,-88.19865417480469,-3.8151532411575317,21.14179801940918,42.56009864807129,89.8450927734375,50.77861785888672,218.86668395996094,0.0,1.3990559577941895,3.599755048751831,8.923116683959961,2652.0,3846.198486328125,164.8166961669922,3098.166748046875,3741.0,3812.0,3964.0,4181.0,394447.0
7c39c8e5,39.71572,19,0.03938431665301323,0.121122807264328,0.0,0.0011128443875350058,0.00887998379766941,0.02960673626512289,4.03081750869751,13.064306259155273,41.64732360839844,-89.09159088134766,-14.208358764648438,17.676912307739258,44.272003173828125,89.25637817382812,23.652912139892578,104.40957641601562,0.0,2.4855048656463623,5.770491600036621,13.333333015441895,2559.5,3902.3916015625,180.46023559570312,3098.166748046875,3818.0,3923.0,4035.0,4175.0,256875.0
7ce36c38,7.944589,25,0.02828177809715271,0.09773323684930801,0.0,0.000501442831591703,0.006722118705511093,0.01956379320472479,3.8330509662628174,-3.8215959072113037,37.111263275146484,-89.57084655761719,-31.328693389892578,-5.487741470336914,23.77270793914795,89.53926086425781,34.624595642089844,147.6885986328125,0.0,4.202243804931641,12.30754566192627,25.572726249694824,2622.333251953125,3877.359375,139.3066864013672,3190.0,3777.0,3835.0,3982.0,4211.0,379906.0
7d8f1716,0.0,24,0.02578890137374401,0.0595586821436882,0.0,0.0006383016443578526,0.00840746145695448,0.025246330071240664,1.9273014068603516,-16.243938446044922,35.081275939941406,-89.69324493408203,-40.68597888946533,-19.000367164611816,4.8439377546310425,88.26953125,13.929976463317871,31.679224014282227,0.0,2.5,6.0,13.281700611114502,2523.0,3842.9365234375,165.08563232421875,3098.166748046875,3741.0,3818.0,3964.0,4179.0,403008.0
7dc65b92,3.685067,25,0.04408722743391991,0.1052887961268425,0.0,0.001031435327604413,0.012137743644416332,0.0380116980522871,4.678865909576416,-9.179803848266602,38.300865173339844,-89.8993148803711,-38.86767768859863,-7.767437934875488,16.07585334777832,88.0246810913086,114.38782501220703,374.9314270019531,0.0,2.217544198036194,6.481527328491211,21.07139778137207,2649.0,3874.214599609375,150.47779846191406,3272.0,3765.0,3829.0,3988.875,4209.0,396495.0
7e46b693,74.57553,17,0.01871400512754917,0.04166243225336075,0.0,0.0012488602951634675,0.007341865915805101,0.021352801471948624,2.980639696121216,-8.892138481140137,37.36537551879883,-89.31332397460938,-40.06986999511719,-11.717621326446533,12.812432527542114,88.17528533935547,16.210309982299805,89.40154266357422,0.0,0.9338119924068451,3.004043459892273,10.800000190734863,2604.0,4017.402587890625,87.31895446777344,3519.0,3941.0,4005.0,4087.0,4186.0,100584.0
7e87087b,3.647501,24,0.015268257819116116,0.04400433972477913,0.0,7.593303780595306e-05,0.006826937198638916,0.01455895765684545,3.524564743041992,1.1837702989578247,60.473846435546875,-89.69267272949219,-46.987364768981934,-1.4150517582893372,61.78861904144287,89.82294464111328,40.92509841918945,211.70973205566406,0.0,3.0905020236968994,7.226179361343384,14.917545795440674,2657.5,3858.396484375,147.56048583984375,3468.833251953125,3747.0,3818.0,3970.0,4183.0,396202.0
7f26f78c,0.0,40,0.02430352382361889,0.03562845662236214,0.0,0.005095202708616853,0.017810247838497162,0.030209533404558897,0.7088029980659485,11.066732406616211,50.67539596557617,-89.5156021118164,-21.23372745513916,23.528409004211426,60.09228992462158,88.74011993408203,39.26538848876953,40.27889633178711,0.0,1.6795909404754639,22.88811683654785,85.94210243225098,118.0,3934.91552734375,155.8979949951172,3812.0,3829.0,3835.0,4170.0,4175.0,11264.0
7f2715b4,0.0,22,0.05733996257185936,0.11151585727930069,0.0,0.007229280658066273,0.03147972375154495,0.0626161228865385,2.6766326427459717,7.368985652923584,40.66062927246094,-89.54196166992188,-21.82272720336914,7.93379282951355,39.25314712524414,89.29846954345703,29.159109115600586,147.24000549316406,0.0,2.387544870376587,5.679778337478638,13.616220474243164,2509.0,4109.46630859375,88.66803741455078,3882.0,4129.0,4146.0,4159.5626220703125,4185.0,20282.0
7f44236f,49.48667,24,0.013238728046417236,0.03765114024281502,0.0,0.0016806494677439332,0.003473463002592325,0.009781617671251297,2.007070302963257,-44.610538482666016,47.625213623046875,-89.90823364257812,-86.12821197509766,-64.92523956298828,-7.874915599822998,89.33956909179688,5.224087238311768,15.309067726135254,0.0,0.5,2.748192548751831,6.490119457244873,1356.5999755859375,3851.73974609375,184.3709259033203,3098.166748046875,3753.0,3800.0,3983.0,4185.0,191005.0
7fa51811,48.21298,24,0.019960753619670868,0.06558243930339813,0.0,0.0,0.0007795528508722782,0.013860709965229034,5.432241439819336,-37.153438568115234,46.763710021972656,-89.8041763305664,-77.53302383422852,-46.491737365722656,-11.74497127532959,88.4466781616211,30.639225006103516,132.68446350097656,0.0,2.299147367477417,6.248239517211914,19.671433448791504,2600.60009765625,3868.55517578125,146.84288024902344,3175.0,3777.0,3818.0,3982.0,4164.0,197367.0
7fa7ccc4,10.053336,23,0.0359044149518013,0.08724687248468399,0.0,0.0007712638471275568,0.01381719671189785,0.032540515065193176,3.464837074279785,-2.22460675239563,37.58970260620117,-89.732177734375,-29.481273651123047,-1.024140477180481,22.570655822753906,88.82305145263672,20.118776321411133,38.62748718261719,0.0,3.8709676265716553,9.795454978942871,20.471860885620117,2613.75,3871.26171875,148.23333740234375,3442.0,3754.5,3835.0,3988.0,4193.0,355117.0
806d877f,0.0,34,0.07635398954153061,0.17300939559936523,0.0,0.0064000769052654505,0.02227911725640297,0.07100829854607582,4.377437591552734,-10.202718734741211,34.13315963745117,-89.88327026367188,-33.655073165893555,-12.050621032714844,9.04533576965332,89.65608215332031,51.751670837402344,237.7911376953125,0.0,2.2957922220230103,7.0,20.75,2629.5,3841.331298828125,165.7615203857422,3098.166748046875,3736.0,3818.0,3964.0,4164.0,322171.0
8078b7de,4.323177,24,0.044718608260154724,0.12146196514368057,0.0,0.001730994787067175,0.011842643842101097,0.0399906225502491,4.460165977478027,16.150463104248047,37.15520477294922,-89.84745788574219,-5.7212910652160645,20.24968147277832,42.23966598510742,89.39195251464844,8.875823020935059,48.96771240234375,0.0,1.5,3.549649715423584,6.711340427398682,2608.60009765625,3871.606201171875,148.22508239746094,3331.0,3761.916748046875,3829.0,3982.0,4193.0,378105.0
807d8908,68.9799,23,0.008351277559995651,0.037684373557567596,0.0,0.00044245879689697176,0.0011298260651528835,0.00273337954422459,1.7785412073135376,-52.682857513427734,55.179527282714844,-89.95005798339844,-88.47816467285156,-84.07068634033203,-27.08661127090454,89.22823333740234,4.377125263214111,7.617426872253418,0.0,0.8607195168733597,2.3333332538604736,5.827202796936035,700.7999877929688,3894.967041015625,161.72793579101562,3595.0,3747.0,3853.0,4064.0,4193.0,118374.0
80b46ffb,91.392586,15,0.01900680549442768,0.05993193760514259,0.0,0.0004444662627065554,0.001181886182166636,0.004877764033153653,2.5781562328338623,-7.3119215965271,45.46157455444336,-88.63628387451172,-32.623023986816406,3.177785634994507,11.994706630706787,88.94891357421875,27.812925338745117,22.216320037841797,0.0,19.5,19.5,37.438812255859375,284.79998779296875,4047.112548828125,128.0354461669922,3372.0,4029.0,4076.0,4105.0,4156.0,28159.0
812f6873,1.8877136,17,0.07221977412700653,0.23369570076465607,0.0,1.242876078322297e-05,0.00854424387216568,0.04741023667156696,6.6731486320495605,-18.63433074951172,35.8401985168457,-89.55016326904297,-44.1784610748291,-20.234743118286133,0.8867213428020477,89.83724975585938,374.71630859375,717.4580078125,0.0,3.4621469974517822,12.5,232.8000030517578,2645.25,3912.762939453125,127.1832275390625,3724.0,3800.0,3876.0,4017.0,4184.0,270947.0
8148c785,86.56327,25,0.007086676079779863,0.03177229315042496,0.0,0.0,0.0,0.00011603782695601694,1.1144565343856812,-33.32215118408203,38.702415466308594,-89.35399627685547,-57.77437782287598,-49.62251663208008,-13.612266302108765,88.45640563964844,56.52290725708008,188.1922607421875,0.0,2.982452392578125,5.695406675338745,13.113759517669678,2571.5,3842.003173828125,139.6272430419922,3270.0,3779.916748046875,3806.0,3917.0,4193.0,43044.0
81a4b826,0.0,38,0.08175808936357498,0.17859958112239838,0.0,0.007865524850785732,0.028147079050540924,0.08181305602192879,4.396734714508057,-15.126700401306152,29.22334861755371,-89.32093048095703,-33.302873611450195,-14.104860305786133,1.2238755822181702,89.02029418945312,14.664909362792969,31.50532341003418,0.0,2.5,6.0,15.140358448028564,2462.60009765625,3847.71142578125,165.07508850097656,3101.166748046875,3741.0,3815.333251953125,3970.0,4183.33349609375,380339.0
81d3ab22,98.19803,11,0.007376234047114849,0.019351426512002945,0.0,0.0007248346228152514,0.0011340200435370207,0.005438497755676508,0.22222627699375153,-4.971206188201904,70.57838439941406,-89.38423919677734,-67.48211669921875,-61.339847564697266,69.2872543334961,86.50801849365234,21.87483787536621,47.63188552856445,0.0,0.37310656905174255,7.0830078125,25.33333396911621,1130.0,4178.1953125,28.61968994140625,3700.0,4187.0,4189.08349609375,4193.0,4199.0,4921.0
81feecad,17.122498,22,0.021986298263072968,0.05670727416872978,0.0,0.00037852913374081254,0.007360316347330809,0.02167182508856058,2.0212907791137695,-17.430431365966797,46.579063415527344,-89.62480926513672,-52.398322105407715,-25.44884967803955,7.089669227600098,88.85039520263672,46.22977828979492,229.68714904785156,0.0,2.7027077674865723,8.0,21.5,2651.199951171875,3848.166015625,154.4965057373047,3098.166748046875,3764.0,3818.0,3964.0,4164.0,296798.0
82ec9747,2.245437,23,0.040683671832084656,0.11906060576438904,0.0,9.95248556137085e-05,0.01124968659132719,0.037175051867961884,4.724036693572998,-12.059151649475098,37.08800506591797,-89.66183471679688,-41.37161445617676,-14.297331809997559,13.26343584060669,89.78681182861328,21.053316116333008,62.231239318847656,0.0,3.9274985790252686,10.379518508911133,22.76483154296875,2605.5,3849.25634765625,140.75711059570312,3407.0,3747.0,3812.0,3958.0,4169.0,384291.0
83379672,0.0,39,0.052514560520648956,0.12976424396038055,0.0,0.0075000927317887545,0.020953385159373283,0.05215539410710335,7.027994155883789,-5.488379955291748,28.99236488342285,-89.82887268066406,-23.44292640686035,-4.104004859924316,12.248308181762695,89.60149383544922,51.43806838989258,227.62060546875,0.0,2.75,7.9208598136901855,21.296022415161133,2647.39990234375,3855.889404296875,140.73968505859375,3401.0,3747.0,3818.0,3958.0,4175.0,328243.0
836b4de3,4.0619774,24,0.04746611788868904,0.1157839223742485,0.0,0.0027431559283286333,0.01833544857800007,0.04416426457464695,3.9130539894104004,-5.2016425132751465,36.004249572753906,-89.73067474365234,-32.994632720947266,-5.565439224243164,20.964089393615723,89.3918685913086,23.932619094848633,87.98273468017578,0.0,2.692484974861145,6.71829080581665,17.07421588897705,2615.39990234375,3874.042236328125,145.3610382080078,3466.0,3765.0,3835.0,3988.0,4199.0,385167.0
83711ef5,62.836624,19,0.017759500071406364,0.0548071525990963,0.0,0.0,0.0008451266912743449,0.015602774452418089,4.560973644256592,-31.312461853027344,58.69381332397461,-89.60070037841797,-84.27179718017578,-51.90996551513672,3.229135513305664,88.77225494384766,10.997430801391602,19.860883712768555,0.0,0.6835088431835175,4.938088893890381,13.375248908996582,1652.0,3901.9833984375,212.87921142578125,3098.166748046875,3747.0,3824.0,4091.5,4191.0,140627.0
8376acc5,0.0,39,0.07052431255578995,0.13791076838970184,0.0,0.011069966945797205,0.030362751334905624,0.07597408816218376,3.7429850101470947,-6.810703277587891,34.284217834472656,-89.7842025756836,-27.728190422058105,-7.001773357391357,13.835131168365479,88.69759368896484,167.10031127929688,440.5688171386719,0.0,2.834571361541748,9.44444465637207,39.400001525878906,2618.0,4059.3408203125,85.70014190673828,3812.0,3988.0,4080.0,4134.0,4198.33349609375,79827.0
83846d0c,3.612173,24,0.0804443210363388,0.23199869692325592,0.0,0.001973401755094528,0.0210628230124712,0.06383116543292999,7.0689897537231445,-2.208244800567627,42.35443878173828,-89.86751556396484,-32.63428497314453,0.7125130891799927,29.452138900756836,88.96031951904297,72.84992980957031,299.4501037597656,0.0,2.437063455581665,5.888888835906982,15.893746376037598,2640.199951171875,3853.133056640625,165.16973876953125,3098.166748046875,3753.0,3822.0,3974.666748046875,4188.0,383357.0
83912085,0.0,52,0.07420653849840164,0.1571427434682846,0.0,0.009650357300415635,0.03080016653984785,0.07474973611533642,4.724518775939941,3.8760111331939697,33.93781661987305,-89.8421401977539,-19.45975971221924,3.3455846309661865,26.499056339263916,89.84906768798828,46.24946594238281,184.0045928955078,0.0,3.0,7.673689365386963,20.487343311309814,2626.60009765625,3912.05224609375,138.501708984375,3377.0,3800.0,3888.0,4017.0,4187.0,298946.0
83eda373,82.11701,18,0.04037630930542946,0.1111408919095993,0.0,0.00046966881200205535,0.004731276771053672,0.031181682366877794,4.1321940422058105,-11.769990921020508,41.842830657958984,-89.84037780761719,-36.43314743041992,-5.5025129318237305,12.756744146347046,88.6321792602539,84.28487396240234,286.0067443847656,0.0,3.5,12.274945735931396,24.809220790863037,2619.800048828125,3950.941162109375,195.19140625,3513.0,3734.916748046875,4011.0,4129.0,4194.0,67582.0
84875079,12.444334,25,0.039223894476890564,0.11080576479434967,0.0,0.0021895485697314143,0.012840601615607738,0.03271191008388996,5.1525468826293945,-3.850898265838623,38.01090621948242,-89.1418685913086,-29.403721809387207,-5.855062007904053,21.636455535888672,89.6331787109375,15.21091079711914,49.920101165771484,0.0,2.4096975326538086,6.0,14.361273288726807,2599.800048828125,3868.134033203125,150.70054626464844,3384.0,3747.0,3824.0,3988.0,4187.0,361155.0
84b7d89d,46.457,24,0.015142968855798244,0.041207101196050644,0.0,0.0002975030802190304,0.003621727926656604,0.01295551098883152,1.7141749858856201,-23.59016227722168,49.0791015625,-89.70625305175781,-61.34299850463867,-29.104639053344727,8.632519721984863,89.70995330810547,28.73602867126465,125.45113372802734,0.0,3.7912323474884033,7.212698459625244,14.16711711883545,2632.5,3885.85302734375,165.1949005126953,3319.0,3753.0,3850.416748046875,4035.0,4181.0,206877.0
855c6099,15.0182705,23,0.035192955285310745,0.10087382048368454,0.0,0.00023694525589235127,0.01024122815579176,0.026647122111171484,3.110987663269043,-6.590574264526367,41.32691955566406,-89.58906555175781,-36.71620464324951,-7.409167289733887,21.63546657562256,89.4107437133789,29.785663604736328,102.67890930175781,0.0,3.19186794757843,8.081676959991455,19.29085063934326,2593.199951171875,3849.2216796875,137.3849639892578,3354.0,3741.0,3812.0,3958.0,4170.0,326992.0
857baaa6,39.732273,24,0.026748113334178925,0.07631618529558182,0.0,0.001040383125655353,0.0046170479618012905,0.021275585517287254,4.658349514007568,-7.145247459411621,46.8176383972168,-89.91097259521484,-39.27322006225586,-8.328340530395508,17.195890426635742,89.87073516845703,20.57139015197754,92.38105773925781,0.0,1.1411340236663818,2.9518966674804688,12.739259719848633,2607.5,3872.978515625,167.5247039794922,3408.0,3727.75,3841.0,4011.0,4175.0,237153.0
85d99199,0.67065334,26,0.026716824620962143,0.047143809497356415,0.0,0.00037951330887153745,0.016225945204496384,0.03743910789489746,2.7878549098968506,-6.595361232757568,38.1910285949707,-89.34169006347656,-35.514098167419434,-5.188283681869507,21.635245323181152,89.56927490234375,12.307307243347168,31.816673278808594,0.0,1.0,3.1382299661636353,12.149993896484375,1847.0,3868.45361328125,169.90086364746094,3098.166748046875,3765.0,3835.0,3994.0,4211.0,425836.0
85d9c915,0.0,41,0.06971782445907593,0.1277388036251068,0.0,0.009852944873273373,0.03170427121222019,0.07856746762990952,3.779366970062256,-25.751787185668945,29.967153549194336,-89.88327026367188,-47.79759120941162,-24.77465534210205,-6.046036124229431,89.78389739990234,17.264446258544922,51.135311126708984,0.0,2.245582401752472,6.531585216522217,15.942008972167969,2613.199951171875,3880.622314453125,132.64959716796875,3653.0,3781.0,3847.0,3988.0,4192.0,269700.0
860f4f9c,0.0,15,0.03832310438156128,0.0749029666185379,0.0,0.006751914625056088,0.016366484574973583,0.040298121981322765,3.3191354274749756,-8.38141918182373,31.648677825927734,-89.30418395996094,-30.20852565765381,-8.247234344482422,11.902320384979248,88.69512176513672,124.0286865234375,385.6513671875,0.0,3.524195969104767,11.983252048492432,42.66666793823242,2634.60009765625,3970.5029296875,140.52471923828125,3679.0,3824.0,4000.0,4097.33349609375,4185.5,134232.0
86335468,0.0,44,0.08614929020404816,0.186335027217865,0.0,0.007060666917823255,0.02411727886646986,0.08312820829451084,4.750875949859619,-24.036312103271484,29.038721084594727,-89.88897705078125,-47.17311477661133,-23.129883766174316,-3.868752419948578,87.89669799804688,287.1888427734375,669.2704467773438,0.0,3.0725513696670532,9.865344524383545,51.5,2637.39990234375,3894.517333984375,124.28485107421875,3681.0,3799.083251953125,3859.0,3994.0,4192.0,233712.0
863e40c7,0.0,31,0.04963816702365875,0.12030808627605438,0.0,0.006140514742583036,0.01740126684308052,0.04619612917304039,3.8475570678710938,-18.123550415039062,29.955209732055664,-89.79631805419922,-38.53436851501465,-18.858816146850586,0.6094335913658142,87.85018157958984,49.96172332763672,220.17698669433594,0.0,3.0,7.806857585906982,18.64936065673828,2646.0,3940.27197265625,121.96546936035156,3768.0,3829.0,3932.916748046875,4035.0,4187.0,219691.0
86a8e0d6,3.2825053,23,0.031838275492191315,0.09489952772855759,0.0,0.0002661458565853536,0.009700294584035873,0.02600767370313406,3.861618757247925,-20.786739349365234,36.741451263427734,-89.95066833496094,-51.44320869445801,-23.843711853027344,4.445507764816284,89.81060791015625,17.888912200927734,51.20227813720703,0.0,2.9395527839660645,7.041284561157227,18.0,2337.800048828125,3838.9619140625,151.40914916992188,3266.833251953125,3741.0,3812.0,3953.0,4178.0,371487.0
86bd716a,75.67105,19,0.034903090447187424,0.09319078177213669,0.0,0.000866393544129096,0.006812696112319827,0.025818574242293835,2.8618054389953613,-1.9574555158615112,40.573936462402344,-89.31964874267578,-29.537115573883057,-1.9882912635803223,25.189260005950928,88.91216278076172,88.05486297607422,350.07183837890625,0.0,1.6428571939468384,5.5,18.26076602935791,2617.25,3977.623779296875,132.33778381347656,3431.0,3900.0,4007.416748046875,4093.0,4181.0,93428.0
87050a09,0.0,30,0.059540700167417526,0.14351589977741241,0.0,0.006428335560485721,0.02148551680147648,0.059034235775470734,4.790980815887451,-12.114232063293457,30.24549102783203,-89.77561950683594,-33.37172508239746,-12.019538879394531,7.040097713470459,89.60124969482422,101.5538101196289,348.141357421875,0.0,3.8888888359069824,10.5115385055542,31.5,2617.0,4003.788818359375,102.92578887939453,3800.0,3941.083251953125,4000.0,4082.0,4193.0,135719.0
87af775e,4.4805684,23,0.03666859492659569,0.14268392324447632,0.0,0.0005771832802565768,0.005887739593163133,0.017130441032350063,3.96720552444458,-1.455199956893921,36.210758209228516,-89.75399017333984,-26.7652587890625,-1.9160326719284058,20.440961360931396,89.25695037841797,27.714988708496094,141.39590454101562,0.0,2.130060374736786,5.270658254623413,12.245186805725098,2635.0,3847.840087890625,159.04193115234375,3098.166748046875,3753.0,3824.0,3964.0,4157.0,363116.0
8823b020,1.2372457,24,0.02824588119983673,0.06762943416833878,0.0,0.000649605892249383,0.009652393870055676,0.026740009430795908,3.5918333530426025,-18.261423110961914,33.441959381103516,-89.83502197265625,-42.65076923370361,-20.247446060180664,3.076726198196411,89.40336608886719,19.762386322021484,132.38937377929688,0.0,1.2333067059516907,3.0,8.0,2658.333251953125,3852.395751953125,169.6702880859375,3098.166748046875,3747.0,3820.333251953125,3976.0,4193.0,387590.0
8875387b,0.0,36,0.038823436945676804,0.054031722247600555,0.0,0.004271326120942831,0.020877089351415634,0.05351370573043823,1.7479324340820312,-1.9899563789367676,25.49897575378418,-89.79428100585938,-18.487707138061523,-1.6759865283966064,13.95422077178955,89.75383758544922,24.201662063598633,113.682373046875,0.0,2.595238208770752,7.183333396911621,17.913366317749023,2620.199951171875,3829.795166015625,163.10455322265625,3098.166748046875,3733.333251953125,3800.0,3947.0,4170.0,347869.0
893293dd,83.684105,23,0.012518606148660183,0.046024903655052185,0.0,1.1321306374156848e-05,0.0006191356806084514,0.0025853971019387245,2.2423267364501953,17.028289794921875,57.215919494628906,-88.2799072265625,-27.331806182861328,10.599651336669922,78.16447448730469,88.61499786376953,16.793190002441406,19.56768035888672,0.0,1.388921856880188,4.095562934875488,44.173702239990234,174.39999389648438,3809.38818359375,154.64915466308594,3630.0,3689.0,3759.0,3888.0,4162.0,51869.0
89739b1a,34.369072,24,0.040610961616039276,0.11541067063808441,0.0,0.00021483013915712945,0.009922465775161982,0.03289224673062563,3.694699764251709,-7.820781230926514,45.29214096069336,-89.95452880859375,-39.62870788574219,-8.93699598312378,19.92766523361206,89.3973159790039,20.25115394592285,86.7149887084961,0.0,2.1270106434822083,6.0,13.523910999298096,2606.0,3900.37646484375,143.72389221191406,3098.166748046875,3802.666748046875,3894.0,4000.0,4173.0,254774.0
897da2c8,0.0,52,0.10089390724897385,0.21632151305675507,0.0,0.018696384970098734,0.04074198380112648,0.09312203899025917,3.22771954536438,-14.474398612976074,34.13590621948242,-89.86125183105469,-38.42066764831543,-14.63535213470459,6.34877610206604,89.26647186279297,113.7495346069336,403.1856689453125,0.0,3.0,7.240942716598511,18.747983932495117,2616.199951171875,4131.71875,63.442386627197266,3777.0,4117.0,4146.0,4164.0,4187.0,31870.0
898096eb,0.0,37,0.08866135030984879,0.20948033034801483,0.0,0.007326748222112656,0.026556042954325676,0.08085370808839798,5.612322807312012,-12.638017654418945,29.726478576660156,-89.82884216308594,-32.55669021606445,-11.880375862121582,6.2025322914123535,88.98357391357422,56.244266510009766,230.653076171875,0.0,3.221311569213867,8.92261028289795,25.600000381469727,2634.800048828125,3871.6416015625,130.90386962890625,3659.0,3771.0,3829.0,3976.0,4170.0,307941.0
89a26502,0.0,39,0.04467136412858963,0.09059695154428482,0.0,0.0061043743044137955,0.024799179285764694,0.04459885694086552,1.0728495121002197,-18.786752700805664,52.01743698120117,-90.0,-62.80649375915527,-32.907073974609375,10.43686294555664,89.51398468017578,6.287079334259033,24.710220336914062,0.0,0.8492059111595154,1.602199912071228,3.842223048210144,668.4000244140625,3940.888427734375,175.3919219970703,3747.0,3794.0,3796.25,4152.0,4171.0,7843.0
8a44ea3a,33.474644,23,0.04527420550584793,0.13094788789749146,0.0,0.00010014106919697952,0.009523652493953705,0.038470313884317875,4.199014663696289,-20.129188537597656,47.880897521972656,-89.80859375,-62.128737449645996,-21.078335762023926,9.28712248802185,89.79962921142578,156.02565002441406,445.4367370605469,0.0,2.9297640323638916,9.663000106811523,51.31632137298584,2632.39990234375,3886.095458984375,158.03489685058594,3295.0,3791.416748046875,3859.0,4000.0,4172.0,252038.0
8a4e5d1a,77.37905,19,0.019495386630296707,0.08936960995197296,0.0,0.00022408346558222547,0.004547209944576025,0.016120586544275284,4.713749408721924,-1.6994959115982056,54.50104904174805,-89.83921813964844,-37.588199615478516,-0.7911680936813354,46.96557807922363,88.83348846435547,17.83024024963379,133.43862915039062,0.0,1.0,1.4517520666122437,8.164563179016113,2589.39990234375,3842.048583984375,259.53582763671875,3098.166748046875,3683.666748046875,3771.0,4129.0,4187.0,86927.0
8a645723,0.0,27,0.02801608294248581,0.04690716043114662,0.0,0.005571611924096942,0.015305307693779469,0.029596662148833275,1.4253664016723633,-16.11789894104004,35.87437057495117,-89.83087158203125,-46.796125411987305,-15.579206466674805,8.89678430557251,88.9195556640625,17.428335189819336,18.437355041503906,0.0,3.75,9.629047393798828,27.66666603088379,166.0,4121.31689453125,59.176658630371094,3876.0,4111.0,4127.25,4152.0,4187.0,16087.0
8a6b6912,0.0,30,0.04302288964390755,0.09749969094991684,0.0,0.005964345298707485,0.017661428079009056,0.04306374862790108,3.1530838012695312,4.506076812744141,32.2220344543457,-89.75788879394531,-14.495538711547852,5.84733772277832,25.57255744934082,89.1819076538086,10.135391235351562,28.242006301879883,0.0,1.5398321151733398,3.905874490737915,9.67744255065918,2565.199951171875,3991.9033203125,60.51617431640625,3747.5,3947.0,3986.0,4046.0,4158.0,89565.0
8a77c3e9,19.756428,24,0.040539368987083435,0.09691613912582397,0.0,0.0003212653537048027,0.012624193914234638,0.03837569151073694,3.397059202194214,-15.918119430541992,36.08281707763672,-89.84912872314453,-38.45400619506836,-18.679232597351074,2.3173580169677734,89.85903930664062,75.70113372802734,284.0449523925781,0.0,3.3415207862854004,10.666666984558105,37.78496074676514,2641.25,3849.5068359375,181.79403686523438,3098.166748046875,3729.25,3806.0,3994.0,4182.0,315208.0
8a9e653f,0.56436944,23,0.03849245607852936,0.09384910762310028,0.0,0.0005461963010020554,0.01013372652232647,0.03741980344057083,3.9123036861419678,-8.529672622680664,37.17770004272461,-89.7046890258789,-37.32294845581055,-10.229185104370117,15.127714157104492,89.14828491210938,24.309982299804688,115.5127182006836,0.0,2.579067349433899,6.82330846786499,15.873037338256836,2642.39990234375,3839.591064453125,165.08609008789062,3098.166748046875,3736.0,3808.166748046875,3961.0,4170.0,380031.0
8abbbc38,0.0,37,0.08105245977640152,0.1543964296579361,0.0,0.015741470269858837,0.037993885576725006,0.09022817015647888,4.926455497741699,17.197263717651367,32.330467224121094,-89.30778503417969,-2.6851946115493774,19.37649917602539,40.177608489990234,89.89969635009766,29.534517288208008,127.16122436523438,0.0,2.651416301727295,6.800000190734863,19.537392616271973,2596.0,3863.52783203125,158.35386657714844,3106.166748046875,3765.0,3829.0,3982.0,4179.0,346131.0
8ba98f12,91.9925,19,0.012389416806399822,0.05509216710925102,0.0,0.0008789335406618193,0.001596387242898345,0.009994336171075702,2.697009325027466,-17.94572639465332,54.15541458129883,-89.68647766113281,-89.05332946777344,-11.663044452667236,19.196182250976562,87.72828674316406,3.71565580368042,4.109272480010986,0.0,0.7091099917888641,1.4575281143188477,6.1621270179748535,117.0,3920.826416015625,127.3272705078125,3384.0,3788.0,3970.0,4029.0,4096.0,22504.0
8c0ca955,0.0,28,0.03101799264550209,0.056642625480890274,0.0,0.002870152413379401,0.012682121247053146,0.03089935053139925,2.9514083862304688,0.19344604015350342,37.94524383544922,-89.24295806884766,-27.398251056671143,0.3752409666776657,27.521609783172607,89.66178894042969,48.264854431152344,168.90110778808594,0.0,3.026656985282898,10.366172313690186,30.041903972625732,2603.75,3794.150634765625,130.1823272705078,3100.166748046875,3724.0,3800.0,3870.0,4068.0,297400.0
8c1f9196,7.8835764,23,0.02429954893887043,0.04698321223258972,0.0,0.0016153486794792116,0.009676296263933182,0.025748235173523426,2.480839967727661,-11.459031105041504,37.05353546142578,-89.91175079345703,-37.3945894241333,-11.362890720367432,11.085138320922852,89.21804809570312,62.040523529052734,251.05902099609375,0.0,2.5423877835273743,6.983333110809326,19.81916856765747,2637.39990234375,3881.66748046875,144.96824645996094,3595.0,3768.1875610351562,3835.333251953125,3998.583251953125,4199.0,370650.0
8c6c52a2,0.0,32,0.05939604341983795,0.11967279016971588,0.0,0.010809729574248195,0.02703759539872408,0.06408906914293766,4.24082612991333,-10.465401649475098,30.729520797729492,-89.80875396728516,-30.422300338745117,-9.847165584564209,8.10442066192627,89.64501190185547,15.339041709899902,40.751800537109375,0.0,2.857859790325165,8.25,19.019577503204346,2618.0,3911.4873046875,127.7246322631836,3730.0,3795.333251953125,3859.0,4017.0,4177.0,249876.0
8cab7bc4,0.0,41,0.034127768129110336,0.0722673237323761,0.0,0.0007835387950763106,0.020600514486432076,0.039074819535017014,1.3047714233398438,20.682649612426758,49.09611511230469,-89.33676147460938,-19.86192512512207,26.133344650268555,71.23780059814453,89.78410339355469,64.77212524414062,268.7646484375,0.0,3.345994710922241,11.936311721801758,11.996440887451172,2596.199951171875,4016.293212890625,165.1050262451172,3812.0,3812.0,4105.75,4175.0,4180.0,4117.0
8d8b8553,15.404536,24,0.03649767488241196,0.11865679919719696,0.0,0.0015657746698707342,0.016948968172073364,0.02570684254169464,4.190112590789795,11.231975555419922,45.97095489501953,-89.74923706054688,-27.887401580810547,11.563526153564453,49.668067932128906,89.90132141113281,8.556356430053711,25.31284523010254,0.0,1.8565060496330261,5.545083045959473,9.85773515701294,2439.0,3861.94970703125,157.91236877441406,3098.166748046875,3773.833251953125,3833.916748046875,3976.0,4173.0,337627.0
8ddb6b8d,5.6418605,22,0.055313121527433395,0.15559691190719604,0.0,0.0008617508574388921,0.007656923960894346,0.03989283740520477,4.6235032081604,2.0208840370178223,41.367469787597656,-89.66526794433594,-27.77774429321289,3.5352537631988525,33.40496826171875,89.65335083007812,146.7110595703125,456.69842529296875,0.0,0.9522303342819214,2.878486394882202,18.0,2672.0,3826.2265625,130.0894317626953,3259.0,3736.0,3801.0,3929.0,4124.0,342677.0
8e59a69a,33.041546,20,0.028574250638484955,0.07105060666799545,0.0,9.976168439607136e-05,0.005485408008098602,0.024739203043282032,3.0934271812438965,-4.6905198097229,47.72403335571289,-89.85070037841797,-39.7170295715332,-4.976343631744385,29.40221405029297,89.66621398925781,21.024860382080078,59.394718170166016,0.0,3.890189528465271,10.0,20.51041603088379,2600.0,3927.86669921875,129.24851989746094,3736.0,3812.0,3917.0,4029.0,4190.0,271919.0
8e749c85,33.21646,23,0.027696557343006134,0.06098894029855728,0.0,0.0006051945965737104,0.008883995935320854,0.027345698326826096,2.3087360858917236,-24.26850128173828,37.78267288208008,-89.78433990478516,-52.020015716552734,-27.02724266052246,-2.169435977935791,88.80780792236328,13.56978988647461,71.2020034790039,0.0,1.971048355102539,4.699530601501465,11.666666984558105,2616.0,3894.3173828125,132.5667724609375,3098.166748046875,3800.0,3876.0,3988.0,4177.0,256093.0
8e80deb7,4.6078043,24,0.02826647087931633,0.06341440975666046,0.0,0.0009674044558778405,0.010097535327076912,0.028395341709256172,3.210819959640503,-14.912308692932129,36.6636848449707,-89.83914184570312,-41.42534637451172,-16.799983978271484,7.0414533615112305,89.93482971191406,22.759693145751953,88.56451416015625,0.0,2.9649429321289062,7.234890937805176,17.71900749206543,2638.800048828125,3826.855712890625,154.40103149414062,3098.166748046875,3736.0,3806.0,3941.0,4159.0,374757.0
8ec2cc63,0.0,20,0.056544460356235504,0.14059419929981232,0.0,0.005643323762342334,0.018467452377080917,0.04828209802508354,5.066333770751953,-11.934992790222168,27.36751365661621,-89.54017639160156,-30.154541969299316,-11.570900917053223,5.009753227233887,86.98726654052734,77.30513000488281,274.84814453125,0.0,2.918125867843628,7.863636493682861,21.02293300628662,2618.199951171875,4106.42578125,50.734317779541016,3853.0,4089.625,4111.0,4140.0,4183.0,40003.0
8f015125,36.221157,23,0.02682744897902012,0.09372768551111221,0.0,3.3299127153441077e-06,0.005030639935284853,0.019415078684687614,4.5785932540893555,-15.106351852416992,43.551902770996094,-89.83748626708984,-46.37562561035156,-12.409460067749023,12.990686416625977,89.76799011230469,50.209556579589844,205.44578552246094,0.0,2.969228982925415,8.28113842010498,21.742826461791992,2620.199951171875,3914.14501953125,161.6287841796875,3216.0,3788.0,3935.0,4041.0,4200.0,251997.0
8f21c613,0.0,34,0.05581207200884819,0.13224725425243378,0.0,0.004756338777951896,0.01575215719640255,0.05342623870819807,4.5316948890686035,-9.028069496154785,28.10276985168457,-89.4957504272461,-27.671890258789062,-7.891169786453247,9.4597487449646,88.90453338623047,50.74127960205078,221.01698303222656,0.0,2.67877459526062,6.46942663192749,16.0,2650.39990234375,3830.150390625,161.80593872070312,3098.166748046875,3733.5,3804.833251953125,3953.0,4164.0,355606.0
8f2d131f,10.35394,22,0.052122414112091064,0.14966106414794922,0.0,0.0004529337020358071,0.014426487497985363,0.0473745446652174,5.2233991622924805,-3.9951329231262207,39.921775817871094,-89.91258239746094,-32.35433864593506,-0.15175386518239975,25.041335582733154,89.24190521240234,52.698482513427734,206.895263671875,0.0,3.1933363676071167,8.878811359405518,22.344366550445557,2628.5,3866.668701171875,140.55197143554688,3564.0,3765.0,3824.0,3982.0,4179.0,337366.0
8f753551,0.0,56,0.05865985527634621,0.11222390830516815,0.0,0.010220787022262812,0.029366588220000267,0.06747366115450859,4.269576549530029,1.9584097862243652,32.0875129699707,-89.5200424194336,-19.96503496170044,2.5838500261306763,21.309616565704346,89.68666076660156,13.631961822509766,29.863449096679688,0.0,4.349629521369934,8.17678165435791,17.69285011291504,2171.800048828125,4049.79248046875,93.41444396972656,3753.0,3970.0,4076.0,4123.0,4196.0,93062.0
8f9c03c6,0.0,36,0.05884793400764465,0.12158472836017609,0.0,0.008413184434175491,0.02614959143102169,0.06650839000940323,4.276994705200195,-14.247236251831055,30.341205596923828,-89.77023315429688,-36.362239837646484,-13.325377464294434,7.187543869018555,89.80146789550781,36.5201530456543,164.0736083984375,0.0,3.133333444595337,7.931034564971924,20.700000762939453,2618.800048828125,3846.79443359375,161.07960510253906,3098.166748046875,3744.916748046875,3818.0,3970.0,4175.0,362873.0
90161e10,85.33174,23,0.01327056996524334,0.06495518237352371,0.0,0.00013475447849486955,0.0011255783028900623,0.0036968186614103615,2.3365225791931152,-30.403762817382812,68.67820739746094,-89.86355590820312,-88.42317390441895,-58.16617965698242,22.796886444091797,89.3921890258789,31.783447265625,114.55933380126953,0.0,2.428915798664093,10.238008975982666,33.63058948516846,2637.199951171875,3968.52099609375,209.9751739501953,3098.166748046875,3818.3124389648438,4058.0,4099.0,4177.0,49136.0
9027c805,0.0,44,0.05667101591825485,0.10995392501354218,0.0,0.008159531280398369,0.02578597143292427,0.06520214676856995,3.2255120277404785,-13.825250625610352,29.764827728271484,-89.80339813232422,-34.35327911376953,-13.940641403198242,4.266260623931885,89.4602279663086,11.313279151916504,33.14210891723633,0.0,1.773439645767212,4.650000095367432,10.96680736541748,2458.39990234375,3857.927978515625,151.8258819580078,3098.166748046875,3747.0,3824.0,3976.0,4173.0,324785.0
9052579b,6.844825,24,0.046526625752449036,0.11982674151659012,0.0,0.0003724120033439249,0.010757974348962307,0.04088572412729263,3.9161365032196045,-11.195300102233887,38.53465270996094,-89.55039978027344,-39.52224922180176,-14.233392715454102,10.903938293457031,89.41390991210938,16.57809066772461,37.6378059387207,0.0,1.5916569232940674,5.13519811630249,15.510953903198242,1907.4000244140625,3859.159912109375,143.42884826660156,3278.0,3747.0,3818.0,3970.0,4175.0,368267.0
9061cc9c,0.0,35,0.0652368813753128,0.12573885917663574,0.0,0.01183604821562767,0.031288376078009605,0.06769203580915928,3.1941604614257812,-4.554305553436279,29.666629791259766,-89.79083251953125,-23.035645484924316,-4.5683839321136475,13.151013851165771,89.31027221679688,16.714702606201172,58.54711151123047,0.0,2.9000000953674316,6.699999809265137,15.15200924873352,2585.39990234375,3924.0302734375,120.21314239501953,3747.0,3814.666748046875,3894.0,4011.0,4183.0,245682.0
9105b812,82.66867,22,0.0153200076892972,0.044425152242183685,0.0,1.3775030765827978e-05,0.0005472635966725647,0.010010101366788149,0.9025895595550537,31.23055076599121,49.809165954589844,-88.79188537597656,-4.488377332687378,31.215463638305664,81.68624114990234,89.72542572021484,2.991462469100952,8.008993148803711,0.0,0.0,0.0,0.9922921657562256,75.80000305175781,3911.30126953125,184.6731719970703,3098.166748046875,3777.5,3881.0,4099.0,4175.0,53783.0
9130a22e,21.628307,24,0.03771750628948212,0.11178868263959885,0.0,0.0007435971492668614,0.007015690207481384,0.03571446239948273,3.6760177612304688,-7.865820407867432,44.786808013916016,-89.9123764038086,-39.31977558135986,-7.612351179122925,22.86298656463623,89.53284454345703,48.209754943847656,218.78402709960938,0.0,2.297451972961426,6.326380968093872,16.10814094543457,2643.666748046875,3825.73486328125,163.06996154785156,3097.25,3736.0,3800.0,3935.0,4166.0,307476.0
913bea9f,82.35911,20,0.01617676392197609,0.04214426502585411,0.0,2.719233452808112e-05,0.0009946302743628621,0.01168194622732699,1.3357278108596802,-40.69633865356445,46.024288177490234,-89.87744140625,-88.90250396728516,-49.04063415527344,-7.353733777999878,89.1679458618164,7.775341033935547,19.504194259643555,0.0,0.5249896943569183,1.5833333730697632,5.197763919830322,949.2000122070312,3956.505615234375,148.91567993164062,3098.166748046875,3882.0,3970.0,4076.0,4172.0,59320.0
91656d27,0.0,37,0.0493081659078598,0.09042807668447495,0.0,0.005300252232700586,0.02006244659423828,0.060934294015169144,1.9020826816558838,-18.024900436401367,35.90576934814453,-89.68348693847656,-45.797428131103516,-21.08400535583496,5.531320571899414,89.33637237548828,9.9159517288208,10.102937698364258,0.0,2.8947367668151855,7.529411792755127,14.777777671813965,265.20001220703125,4108.96826171875,59.07195281982422,3870.0,4093.0,4108.25,4152.0,4172.0,17641.0
92293b06,19.428747,24,0.025671565905213356,0.06505339592695236,0.0,0.00011683056982292328,0.007185816764831543,0.025851621758192778,3.0583841800689697,-19.484731674194336,35.287872314453125,-89.91839599609375,-46.465654373168945,-20.445199012756348,3.046968460083008,89.5005874633789,21.34484100341797,94.6245346069336,0.0,2.0847285985946655,5.180851459503174,15.520303964614868,2630.199951171875,3866.5068359375,142.422607421875,3098.166748046875,3771.0,3841.0,3976.0,4180.0,312920.0
92622443,1.1748831,24,0.03923456743359566,0.0932193249464035,0.0,0.002316381025593728,0.014383296016603708,0.03663487732410431,3.632164239883423,-0.254276305437088,41.669189453125,-89.60890197753906,-31.61532974243164,-2.7955936193466187,29.112066745758057,89.29939270019531,14.785064697265625,54.217506408691406,0.0,2.3119484186172485,7.1563334465026855,15.3425452709198,2605.199951171875,3847.548583984375,153.07391357421875,3243.0,3741.0,3812.0,3964.0,4173.0,386786.0
9271574b,3.272493,24,0.022324038669466972,0.05025387555360794,0.0,0.0005786901747342199,0.007374584674835205,0.020687769167125225,2.4791829586029053,-11.625004768371582,36.458656311035156,-89.96156311035156,-39.09247398376465,-12.994830131530762,14.396301746368408,89.63460540771484,20.4011287689209,115.48511505126953,0.0,2.70926034450531,7.120813846588135,14.399999618530273,2662.39990234375,3827.113525390625,157.36866760253906,3098.166748046875,3736.0,3800.0,3935.0,4161.0,376495.0
92bb8516,0.0,35,0.06725811213254929,0.16659961640834808,0.0,0.007560926373116672,0.02437417209148407,0.06737303175032139,5.037907123565674,5.6632466316223145,38.52136993408203,-89.64424133300781,-21.266761779785156,7.889233350753784,32.99674701690674,89.40931701660156,62.39985656738281,265.83721923828125,0.0,2.0,6.5,19.280611038208008,2615.199951171875,3948.139404296875,91.99264526367188,3818.0,3859.0,3964.0,3994.0,4187.0,85692.0
930c567c,74.25445,12,0.03359796106815338,0.10700491070747375,0.0,0.0006910119554959238,0.007752343313768506,0.0275116846896708,5.064913749694824,-14.016938209533691,41.631561279296875,-89.75101470947266,-45.26694583892822,-16.52102565765381,7.6493154764175415,89.61659240722656,26.837688446044922,134.0825653076172,0.0,1.1206991970539093,7.56222128868103,16.69499158859253,2594.0,3996.512939453125,161.34034729003906,3098.166748046875,3970.0,4024.333251953125,4082.0,4170.0,105338.0
93559639,0.0,5,0.0972532406449318,0.24510297179222107,0.0,0.018332899548113346,0.03800542838871479,0.08784026093780994,4.103983402252197,-14.855854034423828,29.166292190551758,-89.22132110595703,-34.564194679260254,-14.156349658966064,2.1514828205108643,89.77350616455078,209.5122528076172,469.9916687011719,0.0,2.936689794063568,12.248233795166016,122.95000076293945,2650.5,4109.2275390625,32.4609375,3948.916748046875,4082.0,4111.0,4134.0,4173.0,39970.0
93904b23,0.0,38,0.04218297451734543,0.09934163838624954,0.0,0.005507373949512839,0.016186673194169998,0.04230950865894556,3.978400468826294,-13.68094539642334,31.927701950073242,-89.89671325683594,-36.22883319854736,-10.888140678405762,7.382317543029785,89.46856689453125,13.902400016784668,41.76499938964844,0.0,2.7337371110916138,6.224344730377197,13.481734037399292,2413.39990234375,3867.475341796875,146.88438415527344,3243.0,3753.0,3826.333251953125,3982.0,4189.0,342742.0
93c06d4c,16.645767,15,0.03724312037229538,0.10598891228437424,0.0,0.0012924565526191145,0.010036692954599857,0.03391564544290304,4.680356502532959,-8.017210960388184,41.75021743774414,-89.16500854492188,-40.49599266052246,-14.291594982147217,20.982670783996582,88.6227035522461,45.81282424926758,193.33616638183594,0.0,3.0450976490974426,8.049635887145996,20.559186935424805,2624.39990234375,3845.0625,131.40318298339844,3538.0,3759.0,3800.0,3934.166748046875,4182.0,208040.0
93c72a97,0.0,31,0.02982698567211628,0.05442221462726593,0.0,0.0023992552305571735,0.011326908133924007,0.034425344318151474,3.3629322052001953,-7.310518741607666,33.32555389404297,-89.74129486083984,-29.06667184829712,-7.923987150192261,13.05602765083313,89.12757110595703,31.239206314086914,107.70838165283203,0.0,5.203735589981079,11.776318073272705,23.654359340667725,2539.0,4054.19970703125,74.94900512695312,3818.0,3994.0,4058.0,4117.0,4187.0,101836.0
93c93585,0.0,37,0.05169945955276489,0.13341470062732697,0.0,0.005810767412185669,0.018013235181570053,0.043885769322514534,3.755112648010254,10.374723434448242,34.228485107421875,-89.62112426757812,-13.119227409362793,10.099712371826172,35.31382751464844,89.66365814208984,7.328418254852295,13.720490455627441,0.0,1.644681453704834,3.7024314403533936,9.137606143951416,929.2000122070312,3834.4521484375,136.91746520996094,3256.0,3736.0,3806.0,3935.0,4181.0,312055.0
93fd93c4,0.0,29,0.06371267884969711,0.09641699492931366,0.0,0.010524294339120388,0.030046219006180763,0.08502112329006195,2.3318564891815186,-17.28602409362793,34.51995086669922,-90.0,-38.11849021911621,-18.19738006591797,-0.08235584571957588,89.40283203125,122.46772003173828,379.3889465332031,0.0,19.090227127075195,33.758724212646484,54.744245529174805,2569.60009765625,4128.40283203125,58.112709045410156,3888.0,4137.25,4149.0,4152.0,4171.0,6403.0
93fda84a,0.0,38,0.07500436902046204,0.1354033201932907,0.0,0.013646561652421951,0.03493600711226463,0.08156652003526688,4.862224578857422,-7.994574069976807,29.063756942749023,-89.50862121582031,-27.148561477661133,-8.140201568603516,9.676109313964844,89.72967529296875,42.92727279663086,195.3496551513672,0.0,2.481355905532837,6.276397228240967,16.396739959716797,2639.0,3853.165771484375,133.35440063476562,3630.0,3747.0,3812.0,3958.0,4153.0,354265.0
9402b885,10.735474,23,0.052764683961868286,0.17121104896068573,0.0,0.00026016333868028596,0.010062304325401783,0.03887245152145624,4.724704265594482,-10.315666198730469,36.28504180908203,-89.96045684814453,-34.886457443237305,-9.15095043182373,11.641174554824829,89.046142578125,89.33971405029297,316.12286376953125,0.0,2.681277334690094,6.7228028774261475,20.278234004974365,2637.25,3854.276123046875,166.52731323242188,3098.166748046875,3749.5,3824.5,3982.0,4181.0,339096.0
948a7025,0.0,23,0.07619430869817734,0.12326258420944214,0.0,0.015101175056770444,0.040953679010272026,0.09283060394227505,3.9420647621154785,2.853736400604248,31.9937686920166,-89.83486938476562,-18.56177568435669,2.6497881412506104,24.226776599884033,89.13373565673828,66.26981353759766,277.1919860839844,0.0,2.7013663053512573,7.299449682235718,18.25,2618.0,3933.00830078125,124.54825592041016,3771.0,3815.083251953125,3920.666748046875,4041.0,4187.0,251340.0
948e1435,10.507468,22,0.026233220472931862,0.0626574456691742,0.0,0.00024116705390042625,0.006781978765502572,0.02124156430363655,3.5790250301361084,-16.762012481689453,42.49909210205078,-89.75675201416016,-50.522151947021484,-20.73713207244873,10.253311395645142,89.98114013671875,29.669893264770508,155.98153686523438,0.0,2.6749098896980286,5.519956588745117,16.19153881072998,2625.5,3823.775634765625,117.04108428955078,3272.0,3741.0,3800.0,3917.0,4125.0,321618.0
949f94e5,0.0,34,0.0727047473192215,0.1345876157283783,0.0,0.01187814911827445,0.03401509299874306,0.08061248064041138,3.4085729122161865,-10.126749992370605,31.711395263671875,-89.84420013427734,-31.525594234466553,-9.501394748687744,7.883690714836121,89.7604751586914,21.827245712280273,58.4301643371582,0.0,2.0898054242134094,6.25,20.0,2566.60009765625,3855.52783203125,133.1257781982422,3642.0,3759.0,3812.0,3935.0,4174.0,291128.0
94a1053b,28.431671,26,0.03126036748290062,0.0628996267914772,0.0,0.0008755331364227459,0.010193522553890944,0.03025016887113452,4.257654190063477,-9.25402545928955,37.90471267700195,-89.17457580566406,-41.223002433776855,-6.254295349121094,19.55114984512329,88.16119384765625,20.33245277404785,104.10963439941406,0.0,1.4998885989189148,4.987307786941528,10.833333015441895,2615.39990234375,3912.691650390625,153.42771911621094,3098.166748046875,3806.0,3912.0,4023.0,4199.0,305432.0
9540fa8e,0.53020704,25,0.07926128059625626,0.19220058619976044,0.0,0.0036583140026777983,0.016771137714385986,0.0640740916132927,3.8814878463745117,22.54570770263672,35.09830093383789,-89.8273696899414,4.596619367599487,29.10418701171875,47.74127006530762,89.67861938476562,65.56266021728516,248.33792114257812,0.0,1.0243902206420898,3.25,13.624198913574219,2653.800048828125,3838.078857421875,161.05784606933594,3098.166748046875,3741.0,3812.0,3958.0,4173.0,404691.0
954a4c2e,76.81297,16,0.010285419411957264,0.02454824000597,0.0,0.0037590371794067323,0.005431632278487086,0.010666780173778534,0.5327982902526855,-36.34013366699219,60.85867691040039,-89.50919342041016,-79.23751831054688,-75.67916870117188,7.811599493026733,88.55326080322266,5.648390769958496,50.40616226196289,0.0,0.5,0.75,3.6196925044059753,2080.0,3860.21044921875,94.84332275390625,3753.0,3806.0,3828.25,3888.0,4181.0,60008.0
9570bfb7,70.17597,19,0.037034060806035995,0.09501015394926071,0.0,0.0017158369300886989,0.019802715629339218,0.0305359261110425,3.002762794494629,4.0273566246032715,45.78858184814453,-89.50376892089844,-34.64628982543945,4.50355339050293,43.07313537597656,89.11705780029297,48.06067657470703,209.27223205566406,0.0,6.0,11.0,13.574279308319092,2625.60009765625,3828.384521484375,145.796875,3401.0,3740.0,3790.666748046875,3964.0,4108.0,98875.0
95cc96cc,9.902313,25,0.041204847395420074,0.11103177070617676,0.0,0.0008643974870210513,0.012752112466841936,0.04017891362309456,3.7055835723876953,-10.60543441772461,39.27863693237305,-89.90081024169922,-37.30134391784668,-12.394100666046143,14.947470426559448,89.334228515625,24.23847770690918,89.99657440185547,0.0,3.9466609954833984,9.38041877746582,17.43617582321167,2599.0,3875.618896484375,156.9257354736328,3231.0,3771.0,3835.0,3994.0,4196.0,371776.0
95d57ff9,0.0,31,0.049311358481645584,0.09874344617128372,0.0,0.008984901942312717,0.02810725010931492,0.052369389683008194,2.8381173610687256,-12.806995391845703,51.41328430175781,-89.37966918945312,-61.195526123046875,-11.344464302062988,12.650550842285156,89.77143859863281,32.82413864135742,134.33856201171875,0.0,2.5,6.5580267906188965,13.0,2531.0,4056.455810546875,144.08477783203125,3853.0,3882.0,4158.0,4170.0,4192.41650390625,23413.0
966161e7,3.9949377,25,0.03813891112804413,0.09282461553812027,0.0,0.0010197496740147471,0.01266339048743248,0.03543254733085632,3.045635223388672,3.6690328121185303,36.919857025146484,-89.7100601196289,-22.70061683654785,4.04235315322876,29.228439331054688,89.06745147705078,15.55041217803955,98.78802490234375,0.0,1.38034188747406,3.459183692932129,10.15842342376709,2617.0,3865.30810546875,143.2649383544922,3247.0,3759.0,3824.0,3976.0,4193.0,395561.0
96de5f57,75.0541,23,0.005208210088312626,0.021482476964592934,0.0,0.0013509078416973352,0.0024798072408884764,0.0036364670377224684,1.5832351446151733,-56.42667770385742,49.3227424621582,-89.84956359863281,-87.34844207763672,-84.81046295166016,-34.98735427856445,89.46454620361328,29.644243240356445,67.33113861083984,0.0,1.695467472076416,5.77317476272583,26.737377166748047,2286.199951171875,3862.23388671875,145.5668487548828,3444.166748046875,3745.5,3835.0,3972.083251953125,4146.0,81857.0
97bb0cc0,38.02182,21,0.04342947155237198,0.14181795716285706,0.0,0.0014926621806807816,0.013507583178579807,0.02831445960327983,4.364948749542236,-18.52476692199707,48.38709259033203,-89.71031188964844,-59.24011039733887,-26.66637897491455,6.430954575538635,89.34031677246094,43.74237823486328,231.47860717773438,0.0,2.2636300325393677,5.649549961090088,11.990200757980347,2636.333251953125,3843.5791015625,193.01187133789062,3098.166748046875,3712.0,3800.0,4023.0,4181.0,222676.0
98413061,73.31105,24,0.050735123455524445,0.16437412798404694,0.0,6.422579099307768e-05,0.009497666731476784,0.04195353202521801,5.275728702545166,-18.785539627075195,44.85952377319336,-89.54019165039062,-51.90966987609863,-18.075090408325195,9.07335376739502,89.68546295166016,58.92632293701172,234.6495819091797,0.0,3.25,8.079402923583984,24.39760398864746,2623.333251953125,3990.97216796875,142.99815368652344,3601.0,3912.0,4052.0,4117.0,4185.0,102271.0
98ed2153,22.97669,25,0.03353605419397354,0.10049750655889511,0.0,1.8371740225120448e-05,0.0038793806452304125,0.02565840631723404,4.4184956550598145,-13.56005573272705,43.05282974243164,-89.9065933227539,-48.1329460144043,-13.124711036682129,13.812280654907227,88.9588394165039,24.00173568725586,96.69696807861328,0.0,2.4936635494232178,6.298245429992676,16.308870315551758,2611.0,3879.945068359375,176.77577209472656,3098.166748046875,3765.0,3860.333251953125,4011.0,4193.0,311145.0
994ee014,61.234516,24,0.0094375591725111,0.06923601776361465,0.0,0.0,0.0006827354663982987,0.003040126175619662,5.928215503692627,-38.692012786865234,52.7901725769043,-89.99417877197266,-78.93096160888672,-58.99760818481445,-2.205014705657959,89.13871002197266,15.441243171691895,31.863595962524414,0.0,0.5,3.796217441558838,17.935434341430664,2218.199951171875,3888.189208984375,187.0673370361328,3098.166748046875,3753.0,3865.0,4047.625,4196.0,140655.0
99b15811,2.5083613,23,0.03827913850545883,0.10767681151628494,0.0,0.0011447809520177543,0.0102914460003376,0.026772260665893555,3.350677967071533,-15.853697776794434,41.72954559326172,-89.87548065185547,-50.16741752624512,-18.682771682739258,10.127070426940918,89.78593444824219,11.932304382324219,33.42633819580078,0.0,1.5968928933143616,4.576677322387695,11.591948509216309,2520.0,3846.762451171875,148.7566375732422,3098.166748046875,3743.166748046875,3818.0,3958.0,4174.0,370251.0
9a2082cf,0.0,29,0.05164353922009468,0.11869807541370392,0.0,0.005586489802226424,0.019378211349248886,0.050486285239458084,3.539747953414917,-21.23150062561035,30.327484130859375,-89.9162826538086,-42.92353057861328,-21.06392478942871,-2.592470645904541,89.70398712158203,82.9969711303711,322.46173095703125,0.0,1.5208333730697632,5.264102458953857,27.0,2665.0,3833.3740234375,175.84317016601562,3098.25,3730.0,3800.0,3961.333251953125,4195.0,233051.0
9a5aed6c,0.17514668,25,0.040634751319885254,0.11401282995939255,0.0,0.0005502196145243943,0.008323625661432743,0.030516719445586205,3.4731762409210205,-9.120721817016602,39.21441650390625,-89.82080841064453,-40.39220428466797,-7.720414638519287,18.86640739440918,88.87619018554688,11.126520156860352,78.16780090332031,0.0,0.9980000257492065,2.6546146869659424,6.88857364654541,2640.800048828125,3844.490234375,166.55799865722656,3098.166748046875,3741.0,3818.0,3970.0,4183.0,410185.0
9a7e4c38,0.0,28,0.07434380054473877,0.13627266883850098,0.0,0.012464928440749645,0.033537887036800385,0.08423537015914917,4.494797229766846,2.378882884979248,37.490901947021484,-89.39967346191406,-26.00172233581543,1.094947099685669,30.438613891601562,89.64745330810547,92.83502197265625,306.2998046875,0.0,4.341463565826416,11.384614944458008,35.20000076293945,2639.333251953125,3944.988037109375,119.34093475341797,3788.0,3829.0,3929.0,4041.916748046875,4184.0,210381.0
9aa1a2ae,82.98578,7,0.01528384629637003,0.06394269317388535,0.0,0.0005664247291861102,0.0015645063249394298,0.0027275722241029143,2.9324147701263428,-36.92072677612305,58.194766998291016,-88.70545959472656,-82.80887031555176,-72.80898666381836,23.51244592666626,85.12956237792969,26.117902755737305,24.256261825561523,0.0,0.7152014821767807,14.0,41.48724174499512,506.25,3926.699951171875,176.95196533203125,3425.0,3800.0,3953.0,4111.0,4166.0,13114.0
9ab4909f,0.0,29,0.06282102316617966,0.15628384053707123,0.0,0.0097104178275913,0.024470270611345768,0.05118611827492714,4.458896636962891,21.21206283569336,33.02025604248047,-89.78301239013672,-0.39546897262334824,22.12393093109131,45.80324935913086,89.64186096191406,26.12054443359375,76.58453369140625,0.0,2.3399322032928467,8.721973896026611,21.664414405822754,1925.800048828125,4057.33935546875,125.8501205444336,3870.0,3912.0,4134.0,4164.0,4196.0,44132.0
9b328d6c,25.007168,20,0.0196843221783638,0.037835560739040375,0.0,0.0015804065333213657,0.00861410703510046,0.021237336564809084,1.990094780921936,18.314695358276367,42.32473373413086,-89.88253021240234,-3.23641300201416,25.86729907989502,50.861867904663086,89.57201385498047,17.37160301208496,62.833465576171875,0.0,3.7827529311180115,6.175589323043823,11.940762042999268,2359.199951171875,3920.296630859375,124.89511108398438,3624.0,3812.0,3894.0,4017.0,4186.0,270266.0
9b96b0e4,7.600143,23,0.03743719309568405,0.1184183731675148,0.0,0.0004292939120205119,0.008790876716375351,0.03281315043568611,4.397425651550293,-18.79548454284668,40.76860427856445,-89.70380401611328,-51.31113815307617,-23.64653968811035,0.9316199123859406,88.97177124023438,47.76740264892578,230.63429260253906,0.0,1.3746107816696167,4.0,11.647397518157959,2651.666748046875,3865.781494140625,141.92701721191406,3401.0,3758.916748046875,3824.0,3976.0,4184.0,357943.0
9bdd6964,12.766343,24,0.05462847277522087,0.20000003278255463,0.0,0.0011648567160591483,0.01278339046984911,0.03910581395030022,5.599034309387207,-8.125894546508789,38.31494140625,-89.90361022949219,-35.62772750854492,-10.813820838928223,16.05509376525879,88.91110229492188,141.01197814941406,409.7412414550781,0.0,5.120802402496338,11.971174240112305,51.599998474121094,2645.0,3872.24560546875,148.85887145996094,3098.166748046875,3770.25,3829.0,3984.416748046875,4197.0,344521.0
9c1ea003,13.701532,25,0.04246513172984123,0.11278922110795975,0.0,0.001362182607408613,0.010943856555968523,0.03390461765229702,3.82193660736084,1.0074602365493774,42.90206527709961,-89.8927230834961,-28.324991703033447,0.47030265629291534,30.215768814086914,89.44121551513672,16.53011131286621,109.83564758300781,0.0,1.0,2.4683737754821777,6.358678936958313,2629.25,3873.0048828125,140.03927612304688,3098.166748046875,3765.0,3829.0,3982.0,4190.0,346382.0
9cba0d0e,4.011903,23,0.03684442117810249,0.1418314427137375,0.0,0.0004470284766284749,0.0051827202551066875,0.018513277173042297,5.241054534912109,-14.145149230957031,40.904571533203125,-89.81444549560547,-45.44564628601074,-22.062976837158203,9.733537197113037,89.6353530883789,27.09674072265625,151.38897705078125,0.0,2.3055466413497925,5.642056465148926,12.548792839050293,2620.75,3859.51708984375,159.10848999023438,3255.0,3765.0,3824.0,3976.0,4195.0,372211.0
9ce139d3,0.0,36,0.06451858580112457,0.13357128202915192,0.0,0.005749020492658019,0.022521456703543663,0.06933556497097015,2.9059557914733887,-13.85593318939209,30.880558013916016,-89.8675308227539,-34.432973861694336,-13.230810165405273,4.211125373840332,89.868408203125,21.425586700439453,88.08515930175781,0.0,1.5,4.5,14.199999809265137,2640.800048828125,3930.39404296875,130.74537658691406,3747.0,3812.0,3894.0,4029.0,4211.0,294487.0
9cee3c19,0.0,36,0.08215701580047607,0.20031008124351501,0.0,0.0031215728959068656,0.021324784494936466,0.07190531864762306,4.684038162231445,-8.156523704528809,26.875415802001953,-89.7278060913086,-24.917121410369873,-6.395031213760376,7.908769965171814,89.08367156982422,84.46090698242188,305.5548400878906,0.0,3.0,8.191406726837158,24.781403064727783,2646.25,3930.25048828125,123.97908020019531,3717.083251953125,3812.0,3923.0,4035.0,4170.0,208800.0
9cf04c41,10.066981,24,0.03069615177810192,0.07094188034534454,0.0,0.00039472043863497674,0.010471669025719166,0.031253645196557045,3.040301561355591,0.5737932920455933,42.738372802734375,-89.54202270507812,-30.869114875793457,-0.3059312105178833,34.8681526184082,89.98086547851562,19.111045837402344,98.85418701171875,0.0,2.838683009147644,7.1083149909973145,16.561667442321777,2628.39990234375,3855.797607421875,145.8905029296875,3237.0,3741.0,3818.0,3962.0,4187.0,362475.0
9d0670dd,0.0,39,0.10474894195795059,0.22561432421207428,0.0,0.015766245778650045,0.0410738829523325,0.100943922996521,5.018912315368652,14.901213645935059,37.20354461669922,-89.72525787353516,-10.106529951095581,16.61809730529785,43.08762454986572,89.60698699951172,55.464378356933594,231.8291778564453,0.0,3.252314329147339,8.569842338562012,22.953179359436035,2638.0,3942.171142578125,122.38069915771484,3753.0,3818.0,3937.25,4064.0,4158.0,157914.0
9d1b2d2c,8.313641,25,0.038309916853904724,0.10273431241512299,0.0,0.0015963288024067879,0.010599428787827492,0.033655133098363876,3.964590549468994,-6.573280334472656,34.45307159423828,-89.6492691040039,-31.865053176879883,-6.2419915199279785,16.440521240234375,88.4243392944336,13.748001098632812,38.89822006225586,0.0,1.9546599388122559,5.678469657897949,14.195956230163574,2524.800048828125,3844.20263671875,157.95925903320312,3214.0,3747.0,3812.0,3958.0,4175.0,381877.0
9d65adbf,80.752014,23,0.004809882026165724,0.05573340132832527,0.0,0.0,3.159046286782541e-07,0.0009412142680957913,3.1410367488861084,13.224834442138672,40.08860778808594,-79.85749816894531,-9.177990674972534,25.45934772491455,31.123491287231445,86.93810272216797,0.38541579246520996,1.5067094564437866,0.0,0.0,0.0,0.5853438526391983,77.0,3813.6943359375,211.52157592773438,3098.166748046875,3695.0,3794.0,3964.0,4189.0,66660.0
9d6b1410,13.241184,17,0.06881770491600037,0.19008797407150269,0.0,0.0007184820133261383,0.015824253670871258,0.04858411010354757,4.794266223907471,4.937564373016357,40.188602447509766,-89.86888122558594,-18.91796636581421,6.900747299194336,32.70578479766846,89.62461853027344,138.74276733398438,406.33062744140625,0.0,3.972222328186035,10.324759483337402,28.0,2636.75,3853.0576171875,167.48143005371094,3098.166748046875,3724.0,3835.0,4000.0,4158.0,239986.0
9dc74359,0.0,31,0.056045081466436386,0.0958937406539917,0.0,0.007073375396430492,0.023915300145745277,0.06682511046528816,2.445638418197632,-11.501041412353516,32.97216796875,-89.84551239013672,-34.23746681213379,-13.573755264282227,7.117081880569458,89.81547546386719,116.33512115478516,383.9708251953125,0.0,4.0,12.178470611572266,34.40998649597168,2651.666748046875,3969.27587890625,120.81238555908203,3800.0,3841.0,3979.0,4064.0,4193.0,158647.0
9ddb06db,0.0,32,0.04830436035990715,0.0910128802061081,0.0,0.01347335777245462,0.029776012524962425,0.056122626177966595,3.807569980621338,11.19912052154541,44.865089416503906,-89.50093078613281,-13.906063079833984,18.588740348815918,45.25916385650635,89.30756378173828,20.499176025390625,61.37791442871094,0.0,1.1367174983024597,1.777940034866333,14.731592178344727,965.0,4126.56689453125,103.5636978149414,3876.0,4170.0,4175.0,4177.58349609375,4183.0,5986.0
9ddfb9e6,2.670148,24,0.028020182624459267,0.07496756315231323,0.0,0.0004631572955986485,0.004191362066194415,0.02089211205020547,3.2886946201324463,-18.770126342773438,34.453575134277344,-89.8928451538086,-44.708428382873535,-16.109926223754883,2.514094114303589,89.8027114868164,41.68513870239258,143.44227600097656,0.0,3.4630876183509827,11.0,37.38161659240723,2643.5,3847.286865234375,163.815673828125,3098.166748046875,3743.416748046875,3812.0,3970.0,4177.0,393314.0
9e027e04,80.7938,23,0.011210386641323566,0.044118743389844894,0.0,8.503595694264732e-08,0.0004504334938246757,0.006624872563406825,2.6535632610321045,24.246681213378906,54.470481872558594,-89.22699737548828,-18.153738021850586,41.37415313720703,72.12651062011719,89.58460235595703,6.795677185058594,23.159908294677734,0.0,1.3811862468719482,3.616438388824463,6.779979944229126,2562.0,3859.831298828125,148.412353515625,3098.166748046875,3782.916748046875,3831.75,3894.0,4175.0,65751.0
9e052412,0.18032639,24,0.0530795156955719,0.1485762745141983,0.0,0.0025018497835844755,0.016452820971608162,0.04721049964427948,3.8834774494171143,-2.4976720809936523,39.019474029541016,-88.36164093017578,-30.370573043823242,-4.770600318908691,23.113126754760742,89.80384826660156,126.78526306152344,414.6715393066406,0.0,2.4454782009124756,7.7016072273254395,26.464462280273438,2657.5,3847.922607421875,164.95401000976562,3098.166748046875,3745.583251953125,3818.0,3964.0,4187.0,398377.0
9e171735,74.16706,23,0.06609021872282028,0.15840373933315277,0.0,0.00046187202678993344,0.014985647983849049,0.06846515089273453,3.995587110519409,-5.806034088134766,42.197265625,-89.7452163696289,-27.553010940551758,-3.670013904571533,15.618253707885742,88.09375762939453,23.017807006835938,99.79191589355469,0.0,2.75,7.846153736114502,14.166666984558105,2551.800048828125,3905.2109375,223.10946655273438,3098.166748046875,3747.0,3988.0,4079.0,4180.0,99045.0
9e4385f7,0.8005235,23,0.032092925161123276,0.10227196663618088,0.0,0.0005627330392599106,0.010144066996872425,0.027268441393971443,3.264686107635498,-8.692414283752441,36.961429595947266,-89.62588500976562,-39.18388366699219,-6.4276442527771,16.738283157348633,89.31707000732422,38.028350830078125,169.73211669921875,0.0,1.7637795209884644,4.583333492279053,11.74474811553955,2642.800048828125,3847.249267578125,152.37977600097656,3326.0,3743.916748046875,3812.0,3958.0,4182.0,387217.0
9e964060,92.554436,17,0.014520184136927128,0.04121975228190422,0.0,0.008322219364345074,0.009036130271852016,0.011158443056046963,2.2266619205474854,-55.64120101928711,64.41411590576172,-89.70785522460938,-89.51250267028809,-89.06024932861328,-80.82213592529297,88.68930053710938,25.96619987487793,27.180198669433594,0.0,2.8362876772880554,12.168393611907959,65.33333587646484,142.39999389648438,4077.84033203125,108.37803649902344,3683.0,4060.583251953125,4102.16650390625,4140.0,4193.0,23110.0
9eb283e4,0.0,37,0.039057839661836624,0.05738294869661331,0.0,0.005633886088617146,0.021459289826452732,0.0479967026039958,0.9631201028823853,-5.39102840423584,43.527503967285156,-89.77111053466797,-36.7154426574707,-6.634300470352173,23.398852348327637,89.81317138671875,17.02371597290039,98.6919937133789,0.0,2.3468522429466248,4.089323043823242,10.564406633377075,2463.0,4116.5615234375,75.59989929199219,3824.0,4087.0,4146.41650390625,4164.0,4177.0,10670.0
9ebb73c7,0.0,20,0.08964554965496063,0.19497886300086975,0.0,0.018063451163470745,0.03923884779214859,0.08444251865148544,4.105392932891846,-17.835308074951172,35.139652252197266,-89.98558807373047,-42.30900001525879,-18.787211418151855,-0.015200582100078464,88.44078826904297,25.06583595275879,62.40116500854492,0.0,4.692835807800293,10.83799934387207,24.15096139907837,2606.333251953125,4095.033935546875,51.045188903808594,3466.0,4058.0,4105.0,4134.0,4181.08349609375,52796.0
9f3ca269,38.35933,24,0.02048705518245697,0.17654967308044434,0.0,0.0006883270689286292,0.004879329586401582,0.0150136798620224,8.265105247497559,5.386389255523682,44.44547653198242,-89.59986877441406,-24.346705436706543,3.8128225803375244,36.081543922424316,89.4688720703125,24.036537170410156,93.71826934814453,0.0,3.1295348405838013,9.969765186309814,23.219282150268555,2630.800048828125,3901.989990234375,162.79429626464844,3098.166748046875,3800.0,3900.0,4011.0,4187.0,247438.0
9f70688f,0.5485372,22,0.03967570140957832,0.07984001189470291,0.0,0.003497007244732231,0.018619978800415993,0.040560110472142696,2.5044174194335938,6.835450172424316,35.558902740478516,-89.40478515625,-16.047098636627197,6.340087890625,30.86351728439331,89.56936645507812,8.83157730102539,58.33073806762695,0.0,0.6959106773138046,1.75,5.734410762786865,2604.39990234375,3808.74072265625,131.80776977539062,3098.166748046875,3736.0,3794.0,3906.0,4091.0,358622.0
9f9be55c,6.825007,24,0.03937250375747681,0.12204371392726898,0.0,0.0006812559440732002,0.008002993185073137,0.02812707331031561,4.660411834716797,-8.408537864685059,42.83742141723633,-89.87396240234375,-42.59732913970947,-11.066831111907959,22.616270065307617,89.62359619140625,26.535947799682617,71.5057144165039,0.0,3.161913752555847,9.364321231842041,23.402844429016113,2581.60009765625,3850.290283203125,170.02565002441406,3098.166748046875,3745.083251953125,3824.0,3976.0,4190.0,367530.0
9fa5cdfd,7.0561943,21,0.03764370456337929,0.10040927678346634,0.0,0.0011162456357851624,0.009843151085078716,0.031644027680158615,4.208338737487793,4.790218353271484,39.446170806884766,-89.89332580566406,-22.519102096557617,7.075198173522949,34.10989761352539,89.44340515136719,22.491979598999023,96.85592651367188,0.0,2.9918031692504883,7.0,14.600000381469727,2621.39990234375,3872.64794921875,144.97352600097656,3389.0,3765.0,3847.0,3988.0,4184.0,328113.0
9fa68512,89.59858,22,0.02980932779610157,0.12126483768224716,0.0,0.0004333765245974064,0.0025163241662085056,0.021125503815710545,4.128734111785889,-23.089170455932617,63.3381233215332,-89.66693115234375,-85.13440132141113,-37.041879653930664,25.06362247467041,89.47697448730469,19.730573654174805,123.80272674560547,0.0,1.07050821185112,2.1005637645721436,7.170760631561279,2484.0,4009.2529296875,150.5543670654297,3642.0,3847.0,4070.0,4146.0,4195.0,32740.0
9fb96ae3,0.57594466,23,0.031057333573698997,0.07181915640830994,0.0,0.0014775588060729206,0.010191171430051327,0.031681330874562263,4.146104335784912,-10.944172859191895,38.03679656982422,-89.48155212402344,-39.169260025024414,-11.401347160339355,11.837743282318115,89.22236633300781,59.08136749267578,227.89453125,0.0,2.5301947593688965,7.375,25.73007869720459,2638.199951171875,3829.25,160.77488708496094,3098.166748046875,3730.0,3795.666748046875,3944.0,4170.0,372339.0
9ff73d95,0.0,41,0.06696877628564835,0.1504322737455368,0.0,0.014035743195563555,0.02918832376599312,0.07097084820270538,5.4288153648376465,-13.710947036743164,30.834226608276367,-89.77534484863281,-32.946144104003906,-10.766237258911133,6.415289402008057,88.96513366699219,154.57672119140625,407.10186767578125,0.0,4.163325309753418,11.89902400970459,41.7972297668457,2574.25,4069.3173828125,129.00086975097656,3818.0,4111.0,4124.16650390625,4146.0,4177.0,12759.0
a00c85e7,5.060493,25,0.02199489437043667,0.04244028404355049,0.0,0.0001893269072752446,0.006174181587994099,0.02377506298944354,3.5686230659484863,-20.643260955810547,36.85257339477539,-89.82614135742188,-49.87294006347656,-21.041173934936523,2.524396598339081,89.18222045898438,17.125661849975586,74.09867858886719,0.0,2.1756707429885864,5.892857074737549,12.333333015441895,2528.60009765625,3861.2939453125,149.59291076660156,3098.166748046875,3759.0,3828.166748046875,3976.0,4182.0,390296.0
a0182b17,38.562923,24,0.03556802123785019,0.12210394442081451,0.0,0.00023986101587070152,0.004950921982526779,0.02293315250426531,4.677635669708252,15.526165962219238,45.56040573120117,-89.8060073852539,-12.66932725906372,22.386417388916016,51.733110427856445,89.79851531982422,46.23572540283203,205.796875,0.0,2.0270215272903442,6.611111164093018,17.766864776611328,2593.0,3896.92822265625,171.00994873046875,3098.166748046875,3788.0,3865.0,4046.0,4206.0,242651.0
a0522c83,3.1899598,24,0.02585584484040737,0.07819484919309616,0.0,0.0019829266821034253,0.00934745417907834,0.021470001433044672,4.724081993103027,-1.1787618398666382,32.67388153076172,-88.94163513183594,-20.306968688964844,-2.1642966270446777,12.628275871276855,89.72557067871094,22.02939796447754,90.11505126953125,0.0,2.922765612602234,7.184145927429199,17.0,2587.199951171875,3849.786376953125,166.76458740234375,3098.166748046875,3741.0,3812.0,3974.6041259765625,4187.0,387136.0
a08ebf6e,0.0,32,0.09619437903165817,0.260023832321167,0.0,0.009984161239117384,0.025561582297086716,0.06509509310126305,5.452982425689697,0.856822669506073,31.280155181884766,-89.81541442871094,-19.27490234375,2.2238495349884033,20.99284267425537,89.11863708496094,130.13894653320312,392.73431396484375,0.0,3.0,9.0,39.0,2648.199951171875,3904.4716796875,123.73988342285156,3736.0,3794.0,3882.0,4000.0,4172.0,236603.0
a148b46f,34.29473,26,0.037261925637722015,0.07246926426887512,0.0,0.0023867927957326174,0.009484234265983105,0.04308883473277092,2.2451465129852295,-2.525322914123535,55.84602737426758,-89.56523895263672,-49.655799865722656,-4.750916481018066,48.89182662963867,89.04225158691406,39.57026290893555,172.72549438476562,0.0,2.4829328060150146,6.64884614944458,22.42544937133789,2631.0,3840.33935546875,146.89715576171875,3098.166748046875,3737.0,3805.5,3941.0,4172.0,272505.0
a1942b0b,0.0,32,0.08302336931228638,0.17182673513889313,0.0,0.013225587783381343,0.03483123518526554,0.08560355752706528,4.663106918334961,-3.716341972351074,29.08622932434082,-89.62236785888672,-22.98758363723755,-1.467305839061737,13.186033964157104,89.50859832763672,21.134363174438477,88.05457305908203,0.0,2.97634357213974,6.69460654258728,16.44001293182373,2602.0,3882.964599609375,126.66741180419922,3706.0,3777.0,3841.0,3978.666748046875,4158.0,296496.0
a1ab89aa,76.47094,24,0.013105674646794796,0.04509975388646126,0.0,0.0011247210786677897,0.004987576510757208,0.007280247751623392,2.1051151752471924,-5.811370849609375,72.48035430908203,-89.80162048339844,-84.35303497314453,-1.5979055166244507,76.1845817565918,88.84120178222656,26.690593719482422,28.026294708251953,0.0,8.0,8.0,39.534173011779785,176.0,3882.00732421875,164.9937286376953,3098.166748046875,3765.0,3841.0,4011.0,4181.0,79832.0
a221c60c,37.244385,23,0.025773484259843826,0.08494162559509277,0.0,6.143907739897259e-05,0.003461629617959261,0.01821119710803032,4.277348518371582,-10.282373428344727,45.881282806396484,-89.81318664550781,-45.90755271911621,-9.913146018981934,19.61057186126709,89.47217559814453,11.622303009033203,34.0730094909668,0.0,1.6154319047927856,3.3025062084198,10.399999618530273,2408.199951171875,3843.345703125,140.96176147460938,3366.0,3741.0,3806.0,3941.0,4187.0,249543.0
a26c3e8f,0.45965743,24,0.04334098473191261,0.1177917942404747,0.0,0.0005048434977652505,0.008184739854186773,0.040291111916303635,3.8945446014404297,-9.411128997802734,37.35383605957031,-89.23721313476562,-36.70003032684326,-9.695069313049316,13.300955295562744,89.20621490478516,47.373477935791016,233.4512176513672,0.0,1.5,4.4169018268585205,10.5,2641.0,3836.55078125,164.21458435058594,3098.166748046875,3736.0,3806.0,3958.0,4170.0,389438.0
a28c7891,5.964215,24,0.07267409563064575,0.22858639061450958,0.0,0.0007049333944451064,0.009830063208937645,0.04850746691226959,4.211162567138672,13.855592727661133,37.01502227783203,-89.47381591796875,-9.51277494430542,16.849374771118164,41.75741958618164,89.55130767822266,27.253604888916016,104.0294418334961,0.0,3.4374653100967407,7.4303460121154785,16.45336151123047,2630.0,3828.443359375,160.12754821777344,3098.166748046875,3736.0,3800.0,3958.0,4162.0,368403.0
a297d1b9,0.0,34,0.07365409284830093,0.16727299988269806,0.0,0.01084581296890974,0.03067316859960556,0.07152566313743591,4.703854084014893,-6.1749267578125,34.26718521118164,-89.84660339355469,-28.541887283325195,-5.064842700958252,15.62099552154541,89.66634368896484,68.54650115966797,281.8637390136719,0.0,1.6666666269302368,5.363636493682861,17.16153907775879,2633.0,3924.7587890625,122.0582046508789,3747.0,3818.0,3888.0,4029.0,4180.0,230457.0
a2994e55,15.282268,23,0.03638732433319092,0.07983708381652832,0.0,0.0016892460407689214,0.012782447040081024,0.035465892404317856,3.9691162109375,-5.7056989669799805,40.22209167480469,-89.60491943359375,-32.53448486328125,-6.647209167480469,20.57697105407715,89.3212661743164,15.243874549865723,50.532562255859375,0.0,2.408653736114502,4.90126371383667,12.666666984558105,2578.60009765625,3867.322998046875,155.60231018066406,3218.0,3765.0,3835.0,3988.0,4175.0,324101.0
a302a015,82.21241,24,0.008166279643774033,0.01736566238105297,0.0,0.0005434006452560425,0.00616951659321785,0.010852858191356063,0.9053671956062317,-16.329832077026367,73.67402648925781,-89.89887237548828,-88.87237548828125,-70.7231559753418,55.01170349121094,88.84184265136719,15.171109199523926,41.77201843261719,0.0,3.5999999046325684,3.5999999046325684,14.43087100982666,1102.800048828125,3833.44091796875,171.1660919189453,3313.0,3689.0,3742.25,3988.0,4175.0,66388.0
a3391798,5.075458,24,0.03964410722255707,0.09847695380449295,0.0,0.0032378467731177807,0.013226120732724667,0.03680272772908211,4.5924177169799805,-11.923141479492188,35.82353591918945,-89.85636138916016,-39.146392822265625,-13.605986595153809,9.973349571228027,88.4335708618164,25.49455451965332,108.58460235595703,0.0,3.4000000953674316,7.507730484008789,18.404884338378906,2643.0,3842.373779296875,166.8328094482422,3098.166748046875,3741.0,3812.0,3958.0,4175.0,378801.0
a3858c6a,90.847244,16,0.0162862166762352,0.02112446166574955,0.0,0.001468743896111846,0.012143759988248348,0.020401254296302795,0.5342797636985779,-3.074558973312378,47.4610595703125,-89.12478637695312,-20.439912796020508,1.9775265455245972,24.313241958618164,87.04212188720703,8.029815673828125,8.986934661865234,0.0,1.0,6.458024978637695,9.208098888397217,152.5,3999.33544921875,135.95632934570312,3595.0,3947.0,3982.0,4105.0,4186.0,32331.0
a3b146ca,7.9113455,25,0.0367395356297493,0.08882363885641098,0.0,0.0015622952487319708,0.010000133886933327,0.03388299513608217,3.508882522583008,1.8010753393173218,43.6807975769043,-89.80294036865234,-31.63767147064209,8.089883804321289,34.09738063812256,89.75840759277344,18.321975708007812,69.52384948730469,0.0,1.4649141728878021,4.978954792022705,13.231885194778442,2596.39990234375,3814.106201171875,159.950927734375,3098.166748046875,3719.25,3788.0,3919.333251953125,4151.0,371516.0
a3bd8858,81.33587,20,0.014561409130692482,0.07715931534767151,0.0,0.00012894909013994038,0.0005255834548734128,0.006659148260951042,3.0431132316589355,-26.37271499633789,58.70766830444336,-89.71969604492188,-85.08221817016602,-32.40352249145508,8.169962882995605,87.49114227294922,10.020686149597168,19.371713638305664,0.0,3.0897738933563232,5.852518081665039,14.299100875854492,2217.39990234375,3888.6806640625,157.34596252441406,3436.0,3800.0,3835.0,4023.0,4163.0,60651.0
a402c6c8,2.5658455,25,0.065266452729702,0.30902794003486633,0.0,0.00031931012199493125,0.008928956929594278,0.05154749006032944,7.236734390258789,-16.03510284423828,34.8553581237793,-89.46778106689453,-40.66275978088379,-17.273133277893066,4.905493140220642,89.70657348632812,70.19001770019531,277.1839294433594,0.0,1.8356111645698547,5.969473838806152,20.25,2641.60009765625,3848.20703125,157.1709747314453,3177.0,3747.0,3812.0,3960.833251953125,4193.0,392836.0
a40c8316,52.55517,23,0.028067223727703094,0.09151669591665268,0.0,0.001273748610401526,0.006647899281233549,0.025052253622561693,4.978874206542969,-0.7645459175109863,54.399864196777344,-89.92520141601562,-34.29688358306885,8.913979053497314,40.905293464660645,89.74832153320312,49.17470169067383,214.57421875,0.0,1.928210437297821,6.057478427886963,22.980725288391113,2639.199951171875,3913.12939453125,137.547607421875,3460.0,3829.0,3929.0,4017.0,4190.0,176674.0
a4481101,2.2049365,3,0.01683853007853031,0.05749573931097984,0.0,0.0,0.0015420368872582912,0.015458489768207073,2.9032115936279297,-31.34624481201172,37.149356842041016,-90.0,-56.836448669433594,-39.481361389160156,-9.75287675857544,89.95207214355469,15.550162315368652,28.541759490966797,0.0,1.29606693983078,2.8218514919281006,10.0,537.5,3789.80078125,159.29385375976562,3092.666748046875,3724.0,3777.0,3870.0,4175.0,31755.0
a4530b41,4.807031,24,0.04948243871331215,0.12206754833459854,0.0,0.00200505432439968,0.018337600864470005,0.04893319308757782,7.026162624359131,10.78683090209961,39.486793518066406,-89.71369934082031,-16.350110054016113,13.219685077667236,41.927772521972656,89.6553726196289,17.63768196105957,65.62684631347656,0.0,2.8333332538604736,6.296659469604492,13.874502897262573,2573.39990234375,3852.479736328125,145.19476318359375,3431.0,3741.0,3812.0,3964.0,4175.0,385632.0
a49eda7f,0.0,23,0.07687922567129135,0.183554008603096,0.0,0.002025847032200545,0.011064104735851288,0.061897676438093185,4.526126861572266,-12.566817283630371,33.822235107421875,-89.66707611083984,-36.89058876037598,-12.424973487854004,6.678925514221191,89.52509307861328,8.819374084472656,25.27164077758789,0.0,1.848062664270401,3.9862964153289795,7.599999904632568,1573.0,3849.480224609375,169.87045288085938,3098.166748046875,3741.0,3827.916748046875,3976.0,4184.0,370692.0
a4e0447e,34.516087,22,0.028006216511130333,0.09060030430555344,0.0,0.0005847465945407748,0.005348635837435722,0.01855981908738613,4.3230366706848145,-3.2128801345825195,51.14846420288086,-89.12377166748047,-49.764434814453125,2.2456328868865967,34.48454284667969,89.25982666015625,20.050168991088867,114.27940368652344,0.0,1.0,4.317755222320557,10.097929000854492,2624.5,3858.054443359375,151.33827209472656,3196.0,3759.166748046875,3818.0,3950.25,4191.0,233733.0
a4f13c0d,38.644836,20,0.0629725456237793,0.16936276853084564,0.0,0.001301095704548061,0.012076900340616703,0.054014600813388824,3.995441198348999,2.4960100650787354,43.624290466308594,-89.78096008300781,-25.943614959716797,7.694896221160889,34.64975929260254,89.06643676757812,70.0447006225586,280.5709533691406,0.0,1.9190245270729065,5.0,11.188005924224854,2642.39990234375,3831.95263671875,94.5436019897461,3296.0,3753.0,3824.0,3900.0,4053.0,191139.0
a5078c62,71.94239,20,0.02025638334453106,0.08053085952997208,0.0,0.001369640463963151,0.003503304556943476,0.005925456411205232,3.4970953464508057,34.99427032470703,48.35221481323242,-89.82185363769531,0.4127956032752991,31.846460342407227,81.0618667602539,89.65418243408203,7.660437107086182,55.72362518310547,0.0,0.5,2.6666667461395264,9.871515989303589,2589.0,3913.021240234375,68.2359619140625,3204.0,3876.0,3929.0,3964.0,4037.0,92396.0
a5099438,79.81193,11,0.028728781268000603,0.07754170149564743,0.0,0.0010977907804772258,0.007748187519609928,0.02169680781662464,6.2721052169799805,-4.452895641326904,43.7353515625,-89.9152603149414,-32.54682540893555,-6.560793876647949,21.865633010864258,89.51651000976562,13.387238502502441,43.0872688293457,0.0,1.4650472402572632,5.439034938812256,11.004695892333984,2207.0,4071.415771484375,76.12171173095703,3425.0,4035.0,4087.0,4129.0,4184.0,78893.0
a5710c0a,17.121326,23,0.03148353099822998,0.08080743998289108,0.0,0.0016530149732716382,0.0099794901907444,0.031466785818338394,3.339277744293213,-11.911767959594727,43.11680603027344,-89.75344848632812,-45.84196662902832,-14.44243335723877,15.711209058761597,89.19766235351562,50.81848907470703,238.00067138671875,0.0,2.270377039909363,6.483649492263794,15.320913076400757,2607.0,3859.63427734375,153.3719940185547,3332.0,3736.0,3819.5,3970.0,4175.0,318006.0
a5974a7d,77.42339,19,0.03296951577067375,0.0859110876917839,0.0,0.0015322500839829445,0.00878671370446682,0.027720012702047825,3.7909133434295654,-2.46449875831604,41.68479537963867,-89.6852035522461,-32.643415451049805,-1.8997220993041992,19.322083473205566,88.26363372802734,37.52610397338867,152.05409240722656,0.0,3.232013463973999,7.785521030426025,12.5,2580.199951171875,3973.888916015625,130.47129821777344,3300.666748046875,3959.0,3994.0,4052.0,4130.0,80107.0
a5dbb00a,0.0,35,0.04439171776175499,0.08145059645175934,0.0,0.006845126394182444,0.019533811137080193,0.05160471796989441,3.0431368350982666,-6.657837867736816,31.52371597290039,-89.89911651611328,-28.216096878051758,-6.528247356414795,13.148876667022705,89.26351928710938,29.10208511352539,145.3216094970703,0.0,2.155172348022461,5.525996685028076,14.12396240234375,2625.25,3879.713623046875,145.05380249023438,3372.0,3765.0,3841.0,3996.75,4198.0,351003.0
a614af1b,0.0,27,0.04964037612080574,0.09966449439525604,0.0,0.007902397308498621,0.024876130744814873,0.05709061026573181,3.6603920459747314,-12.776700019836426,31.917037963867188,-89.43675994873047,-34.958919525146484,-15.042055130004883,6.442533731460571,89.75113677978516,74.7139892578125,284.0455017089844,0.0,3.0,10.0,28.518607139587402,2622.0,3968.957275390625,107.79971313476562,3790.0,3865.0,3964.0,4064.0,4178.0,181576.0
a65b2226,5.2693205,24,0.03703247383236885,0.11091826111078262,0.0,0.00033608555531827733,0.007281966274604201,0.030307115986943245,4.300164699554443,-5.1127028465271,38.34131622314453,-89.75820922851562,-32.585883140563965,-6.591033458709717,19.656505584716797,88.73040771484375,23.778165817260742,106.08707427978516,0.0,3.3386892080307007,7.547816038131714,19.6623797416687,2627.199951171875,3852.086669921875,159.53688049316406,3098.166748046875,3747.0,3818.0,3970.0,4184.0,376822.0
a6969e1a,2.6102445,22,0.03690336272120476,0.11163514107465744,0.0,0.002217488712631166,0.01299897488206625,0.03074075188487768,4.4888434410095215,-1.3717620372772217,38.38127899169922,-89.70158386230469,-30.413925170898438,-2.2453372478485107,24.04309844970703,89.72721862792969,26.766695022583008,89.01821899414062,0.0,4.256460428237915,11.953125,28.600000381469727,2542.39990234375,3851.4296875,169.50254821777344,3098.166748046875,3741.0,3829.0,3976.875,4187.0,354511.0
a6fbb2e7,52.56829,22,0.03035922162234783,0.08351454138755798,0.0,0.0015089113730937243,0.009434283711016178,0.026876951567828655,3.4065229892730713,3.415343761444092,40.36539077758789,-89.42469024658203,-23.491342544555664,3.263434410095215,32.032050132751465,89.60398864746094,40.93400955200195,188.65135192871094,0.0,2.8581788539886475,6.49362587928772,17.49875831604004,2632.75,3852.03662109375,226.36764526367188,3098.166748046875,3671.833251953125,3948.833251953125,4053.5,4173.0,201188.0
a774c63b,0.0,39,0.06448360532522202,0.142926886677742,0.0,0.006133925169706345,0.02106393128633499,0.06760105490684509,4.053136348724365,-15.716593742370605,27.96157455444336,-89.93556213378906,-33.67011260986328,-12.921093940734863,0.20344940572977066,89.03498077392578,202.6366424560547,524.9034423828125,0.0,2.4583332538604736,8.454050064086914,50.20000076293945,2645.333251953125,3831.59033203125,163.57858276367188,3098.166748046875,3730.0,3800.0,3947.0,4175.0,370271.0
a7b9546a,2.5928123,23,0.044180650264024734,0.13721808791160583,0.0,0.00011745383017114364,0.010913531761616468,0.028852934017777443,3.7600414752960205,-5.621428966522217,38.082786560058594,-89.82640838623047,-36.49488925933838,-2.9576940536499023,21.122902393341064,89.47969818115234,18.1250057220459,68.1438980102539,0.0,2.8108108043670654,6.4622132778167725,15.169191122055054,2609.666748046875,3845.751708984375,143.40408325195312,3296.0,3741.0,3812.0,3958.0,4164.0,369158.0
a808ad0a,59.74918,21,0.021058056503534317,0.07081833481788635,0.0,0.0,0.0025934053119271994,0.011650008149445057,3.534264326095581,-15.5435209274292,63.3956184387207,-89.8026351928711,-81.47919464111328,-11.86401081085205,34.82059860229492,89.14936065673828,51.77685546875,193.07591247558594,0.0,4.414285659790039,11.083333015441895,30.536592483520508,2629.333251953125,3804.828125,172.06680297851562,3098.166748046875,3730.0,3765.0,3804.0,4181.0,152989.0
a814e825,0.0,51,0.07265733182430267,0.14268961548805237,0.0,0.009659189963713288,0.028595000505447388,0.08123672381043434,4.35260534286499,-9.78227424621582,32.81975555419922,-89.50186157226562,-30.727355480194092,-5.34032130241394,7.509289383888245,89.81382751464844,189.7766571044922,450.84661865234375,0.0,5.5,19.0,75.8393611907959,2613.5,3967.54296875,108.42757415771484,3736.0,3882.0,3970.0,4064.0,4187.0,88724.0
a8926a86,98.449745,8,0.03250321000814438,0.03034142777323723,1.2174050425528549e-05,0.015820046421140432,0.02232440374791622,0.039025869220495224,0.2642476260662079,-26.047624588012695,36.70145034790039,-86.97994995117188,-45.71116828918457,-21.255359649658203,1.526580810546875,75.90412139892578,53.4005012512207,71.88478088378906,0.0,0.011275355238467455,16.76870822906494,92.21195411682129,241.6666717529297,4127.0263671875,104.25988006591797,3677.0,4158.0,4162.958251953125,4164.0,4171.0,4332.0
a8b0428d,0.0,23,0.029914723709225655,0.043166764080524445,0.0,0.008417148608714342,0.01633600238710642,0.03145545348525047,0.3523269593715668,20.62398338317871,43.982666015625,-89.00025939941406,-13.881980180740356,49.51091194152832,55.38497734069824,85.80525970458984,25.377674102783203,14.972039222717285,0.0,9.565765619277954,36.58022880554199,36.587565422058105,88.4000015258789,3887.100341796875,232.576171875,3686.0,3689.0,3689.0,4175.0,4181.0,1386.0
a8c1aab5,0.0,40,0.1568301022052765,0.36163899302482605,0.0,0.01469564763829112,0.04929026588797569,0.13817673176527023,6.578832149505615,-9.038420677185059,29.670989990234375,-89.81891632080078,-29.56047534942627,-7.912847995758057,9.614461898803711,89.38111877441406,157.2870330810547,428.781982421875,0.0,2.0,7.166666507720947,39.0,2656.75,3888.615478515625,143.9927215576172,3524.0,3778.083251953125,3847.0,4000.0,4206.0,353099.0
a8d9de72,26.960716,24,0.04012434184551239,0.1367543786764145,0.0,0.00035998860403196886,0.0069151828065514565,0.02601173846051097,4.811988830566406,-11.11637020111084,39.828773498535156,-89.97215270996094,-37.51301670074463,-13.600383758544922,8.499470472335815,89.62384033203125,64.31275939941406,269.8868713378906,0.0,1.912869244813919,4.3541271686553955,16.522475719451904,2622.333251953125,3876.8232421875,160.0770263671875,3348.0,3757.916748046875,3841.0,4005.0,4193.0,295764.0
a922ef3f,59.138668,19,0.02138831466436386,0.059970322996377945,0.0,9.734631021274254e-06,0.0031827446073293686,0.01791698858141899,2.3982722759246826,-13.915862083435059,49.72701644897461,-89.70536041259766,-55.09212875366211,-13.587545394897461,20.447792053222656,89.28338623046875,4.391909122467041,7.223029613494873,0.0,0.9959134459495544,2.3371055126190186,3.500105142593384,174.0,3863.711669921875,162.20584106445312,3098.166748046875,3747.0,3941.0,3994.0,4096.0,133353.0
a95b4487,72.48548,18,0.01254800520837307,0.053708262741565704,0.0,0.0,1.5171765880950261e-05,0.004587578354403377,3.4118402004241943,-16.203588485717773,57.8489875793457,-89.80726623535156,-82.21023559570312,-10.983878135681152,21.98500919342041,89.33118438720703,10.486620903015137,23.69957160949707,0.0,2.055449604988098,4.5,12.127761363983154,1073.5999755859375,3942.396240234375,187.0813446044922,3325.0,3788.0,3976.0,4117.0,4190.0,107895.0
a9b84b96,3.8944676,23,0.04380157217383385,0.09951385855674744,0.0,0.001845385180786252,0.011674173176288605,0.04210612550377846,3.579495668411255,15.227744102478027,34.78815460205078,-89.63386535644531,-5.192048072814941,19.279489517211914,39.659732818603516,89.49079132080078,13.417096138000488,32.57737350463867,0.0,2.151309013366699,5.7103729248046875,12.096702575683594,2520.800048828125,3852.375,128.13296508789062,3249.0,3753.333251953125,3819.0,3953.0,4148.0,362681.0
a9c53cdb,16.781256,24,0.05845528095960617,0.18196627497673035,0.0,0.0009122439078055322,0.007720205467194319,0.034274596720933914,10.257126808166504,-9.059191703796387,39.17263412475586,-89.92581176757812,-39.71472930908203,-10.535628318786621,16.813859939575195,89.55521392822266,27.22093963623047,86.70675659179688,0.0,4.061361789703369,9.709178924560547,19.045337677001953,2613.199951171875,3878.912109375,146.46710205078125,3225.0,3782.0,3853.0,3988.0,4181.0,325677.0
aa1700c7,56.86437,23,0.03819607198238373,0.09384942799806595,0.0,4.677375272876816e-06,0.00669535412453115,0.04294853936880827,3.811023473739624,-27.927602767944336,44.96479034423828,-89.73651123046875,-68.82855033874512,-22.347612380981445,-0.2651646211743355,89.16281127929688,15.987001419067383,58.061622619628906,0.0,1.9577166736125946,6.685096740722656,13.55555534362793,2534.199951171875,3865.295166015625,137.37049865722656,3230.0,3777.0,3847.0,3976.0,4126.0,154904.0
aae9800e,0.0,24,0.025596322491765022,0.06520234793424606,0.0,0.00016837427756399848,0.006646744441241026,0.024843278340995312,2.4657676219940186,-19.880935668945312,31.41289520263672,-89.72405242919922,-45.346055030822754,-15.51593828201294,2.518365442752838,88.14091491699219,6.529322624206543,27.217971801757812,0.0,0.554347813129425,1.449047327041626,3.7232435941696167,2489.199951171875,3837.62548828125,163.01974487304688,3098.166748046875,3736.0,3806.0,3957.083251953125,4170.0,400368.0
aaefeff0,0.0,22,0.03906659036874771,0.04532730579376221,0.0,0.004372997675091028,0.027912739664316177,0.056499235332012177,0.7634838819503784,-10.581079483032227,28.07457733154297,-90.0,-30.01343059539795,-11.558575630187988,7.465109944343567,81.97126007080078,75.60569763183594,233.26229858398438,0.0,4.0,17.799999237060547,45.33333206176758,2554.800048828125,4140.267578125,79.71675872802734,3844.0,4146.0,4159.41650390625,4170.0,4187.0,14442.0
ab16a20d,68.05718,19,0.06518345326185226,0.18629123270511627,0.0,0.0009348914900328964,0.02075369842350483,0.06473501399159431,4.661675930023193,-22.85170555114746,38.10797119140625,-89.77974700927734,-44.23487854003906,-17.163454055786133,1.5049693584442139,89.19825744628906,212.4447784423828,508.2633361816406,0.0,2.0269330739974976,8.260869979858398,79.0,2654.39990234375,3934.6103515625,130.61215209960938,3296.0,3832.916748046875,3914.5,4056.0,4175.0,118091.0
ab2ad965,2.3017368,21,0.0600726455450058,0.15745890140533447,0.0,0.0009516644640825689,0.013902457430958748,0.05477426201105118,5.377817153930664,-6.483640193939209,38.58831024169922,-89.72173309326172,-34.63159942626953,-8.296819686889648,18.00141143798828,89.21285247802734,92.92180633544922,327.2604064941406,0.0,3.0363035202026367,7.006666660308838,17.3125,2642.666748046875,3815.555419921875,142.04415893554688,3098.166748046875,3741.0,3800.0,3917.0,4103.0,335989.0
ab36aa48,0.0,19,0.08513807505369186,0.1696222573518753,0.0,0.020164878573268652,0.04247996769845486,0.08934608474373817,4.272528648376465,-15.037610054016113,28.67130470275879,-89.78080749511719,-32.420270919799805,-14.50284719467163,0.7627057135105133,88.83023834228516,46.19253921508789,203.54098510742188,0.0,4.647114276885986,13.063448429107666,21.252037048339844,2538.5,4150.337890625,52.21390151977539,3917.0,4158.0,4159.291748046875,4168.75,4181.0,10186.0
ab54c39e,0.0,27,0.04682345315814018,0.059973616153001785,0.0,0.01317692082375288,0.032297682017087936,0.05797227844595909,1.6262407302856445,-12.340046882629395,30.148284912109375,-89.42890930175781,-30.768850326538086,-9.77131462097168,4.59035587310791,87.55122375488281,74.38973999023438,161.8897247314453,0.0,9.354873657226562,27.899999618530273,34.435604095458984,2049.60009765625,4119.93994140625,90.71111297607422,3859.0,4140.0,4146.0,4158.0,4181.0,9933.0
ab987c75,8.794202,22,0.03533061221241951,0.0983893945813179,0.0,0.00014354576342157088,0.009756145998835564,0.027047221548855305,3.888969659805298,-5.552962303161621,40.283164978027344,-89.7018051147461,-36.11241817474365,-7.538938522338867,20.300323963165283,89.48624420166016,52.867435455322266,239.0531005859375,0.0,2.695361316204071,6.818181991577148,15.196382999420166,2644.5,3840.654052734375,148.97349548339844,3284.0,3739.0,3806.0,3960.166748046875,4162.0,334630.0
abac67cc,0.0,23,0.01610707864165306,0.02994708903133869,0.0,0.001091340061975643,0.007527843117713928,0.017079347744584084,1.4861505031585693,-15.878508567810059,31.404251098632812,-89.50603485107422,-39.435776710510254,-16.162779808044434,5.4806214570999146,88.39718627929688,14.848036766052246,68.12582397460938,0.0,2.6113463044166565,6.91058087348938,13.975310564041138,2531.800048828125,3847.410888671875,161.24476623535156,3098.166748046875,3747.0,3818.0,3964.0,4179.0,381504.0
abaf745c,13.013545,6,0.036514293402433395,0.09925343096256256,0.0,0.0015523222973570228,0.011151719838380814,0.03469264321029186,4.797413349151611,-4.037384033203125,37.550045013427734,-89.83658599853516,-30.598322868347168,-3.7942392826080322,19.720043182373047,86.94451141357422,16.696678161621094,54.71589660644531,0.0,2.4304583072662354,4.449010848999023,17.014294624328613,1746.0,4074.79443359375,96.68175506591797,3091.0,4041.0,4082.0,4123.0,4177.0,73695.0
ac1ad4a7,22.185825,23,0.04008983448147774,0.0878051370382309,0.0,0.0011962441494688392,0.01034926250576973,0.04487507417798042,3.360935688018799,-15.036447525024414,44.263671875,-89.88233184814453,-46.386253356933594,-14.670093536376953,11.830570220947266,89.67786407470703,40.032501220703125,168.8744659423828,0.0,2.6754214763641357,6.311458110809326,19.399999618530273,2652.666748046875,3859.04931640625,155.81600952148438,3337.0,3736.0,3829.0,3970.0,4189.0,289581.0
ac3ba541,0.0,36,0.0946410596370697,0.19268475472927094,0.0,0.013711397536098957,0.03789312392473221,0.10218936949968338,7.003215789794922,12.619979858398438,32.14529800415039,-89.6561508178711,-8.52896499633789,12.488533020019531,35.62333679199219,89.6148681640625,39.048892974853516,174.23170471191406,0.0,2.46875,6.492703914642334,19.450000762939453,2623.39990234375,3854.02490234375,129.91094970703125,3595.0,3753.0,3824.0,3947.0,4171.0,385873.0
ac66c144,61.522144,21,0.05257781222462654,0.1522718220949173,0.0,0.0010721923026721925,0.010911734774708748,0.0470564104616642,4.000519752502441,0.9424641132354736,43.33245849609375,-89.97972869873047,-28.503726482391357,-2.954576253890991,31.976276397705078,89.40699005126953,21.785799026489258,93.30290222167969,0.0,2.6615166664123535,6.482820510864258,17.233489990234375,2531.39990234375,3855.38916015625,169.4807891845703,3272.0,3731.0,3835.0,4000.0,4141.0,136278.0
ad0bbf35,0.0,30,0.05532832071185112,0.11886370182037354,0.0,0.007853367365896702,0.024636302143335342,0.06332699581980705,4.451458930969238,-10.758718490600586,29.78117561340332,-89.6773681640625,-30.11567449569702,-11.351377487182617,6.0847965478897095,89.31698608398438,94.09380340576172,333.4440002441406,0.0,2.1682060956954956,6.8155906200408936,24.49422597885132,2624.5,3951.051025390625,111.82075500488281,3782.0,3841.0,3945.875,4045.0,4181.0,209564.0
ad380962,1.5012524,24,0.047536298632621765,0.14347873628139496,0.0,0.0007198954554041848,0.00865589315071702,0.041194609366357327,5.388269424438477,-6.283796310424805,39.507469177246094,-89.80680847167969,-37.45362663269043,-8.537558555603027,20.081894397735596,89.33268737792969,19.400056838989258,88.33602905273438,0.0,2.4051024317741394,6.862340211868286,15.017798900604248,2616.60009765625,3849.149169921875,141.1621551513672,3401.0,3753.0,3816.666748046875,3958.0,4174.0,389822.0
ad536dea,0.0,33,0.12321929633617401,0.32429584860801697,0.0,0.013277809601277113,0.03143101558089256,0.08680970594286919,6.527248382568359,12.25439167022705,36.5854377746582,-89.84788513183594,-10.394061088562012,12.95649242401123,39.81476020812988,89.48381042480469,65.19511413574219,275.13311767578125,0.0,2.1528356075286865,5.25,14.47848892211914,2640.0,3964.36669921875,114.69316864013672,3753.0,3847.0,3953.0,4065.666748046875,4175.0,165531.0
ad9f821d,0.0,15,0.09371120482683182,0.23694641888141632,0.0,0.015319227240979671,0.03490421175956726,0.08250434696674347,6.277187824249268,-6.8829755783081055,29.850309371948242,-89.96968841552734,-26.996118545532227,-6.3618950843811035,11.581218719482422,89.26223754882812,144.3742218017578,434.603759765625,0.0,3.5999999046325684,12.0,40.75,2649.800048828125,3997.476318359375,113.62352752685547,3093.416748046875,3941.0,4000.0,4082.0,4173.0,138889.0
adaf7461,0.0,44,0.07022430002689362,0.1481378972530365,0.0,0.011034181341528893,0.02708909846842289,0.06779083609580994,4.255324840545654,-1.106128454208374,32.84602355957031,-89.9604721069336,-22.81258201599121,-2.575772762298584,18.93266487121582,89.25505828857422,21.0267391204834,82.66505432128906,0.0,3.0,8.5,19.12635040283203,2556.60009765625,3870.46484375,153.66253662109375,3226.5,3753.0,3835.0,3990.666748046875,4200.0,350285.0
adba23f0,13.845405,15,0.04248481243848801,0.11715005338191986,0.0,0.002036169287748635,0.016168151050806046,0.034954795613884926,4.443764686584473,13.989153861999512,38.42090606689453,-89.1585922241211,-5.378734588623047,19.84811019897461,41.04349327087402,89.41554260253906,25.861251831054688,116.10440063476562,0.0,1.7856122851371765,4.25,12.461538314819336,2577.60009765625,3965.54931640625,119.85151672363281,3806.0,3853.0,3943.916748046875,4082.0,4201.0,205423.0
adbd6839,0.0,23,0.09298519790172577,0.17454326152801514,0.0,0.013875228120014071,0.04093701392412186,0.09616288170218468,3.047445058822632,-8.884008407592773,31.07143783569336,-89.80615234375,-30.57414150238037,-9.127637386322021,10.315022468566895,89.37787628173828,81.25627136230469,326.340576171875,0.0,2.1563289165496826,5.178341388702393,13.640820741653442,2640.199951171875,3852.14453125,151.45216369628906,3319.0,3753.0,3819.0,3965.666748046875,4173.16650390625,206810.0
adc2d620,3.236729,35,0.031694360077381134,0.09902843087911606,0.0,0.0001624159049242735,0.008008507080376148,0.02205473743379116,3.7053112983703613,-9.701680183410645,37.21295166015625,-89.8796157836914,-36.20222091674805,-8.203432083129883,13.458202362060547,89.8784408569336,10.668980598449707,19.116186141967773,0.0,2.3412463665008545,5.594722747802734,12.03480052947998,2335.0,3879.822998046875,156.38186645507812,3226.0,3771.0,3870.0,4000.0,4176.0,567361.0
ae712150,0.0,30,0.06448034197092056,0.07900770008563995,0.0,0.00952150416560471,0.04041101224720478,0.09144275635480881,3.008927822113037,-13.405038833618164,34.4931755065918,-88.49153900146484,-39.433417320251465,-14.852313995361328,6.501971125602722,89.04535675048828,30.567981719970703,143.27511596679688,0.0,2.986538350582123,8.0,18.51183271408081,2611.5,3879.573974609375,129.7786865234375,3700.333251953125,3771.0,3835.0,3976.0,4170.0,322516.0
aecc7e74,0.0,81,0.03293916955590248,0.09870938956737518,0.0,0.009659943636506796,0.015041666105389595,0.021755628287792206,4.818996429443359,32.55069351196289,52.88398361206055,-90.0,-3.611530900001526,53.5294075012207,81.01025772094727,89.9410400390625,58.411048889160156,261.0835266113281,0.0,2.886672019958496,9.880855560302734,13.517409324645996,2629.0,3955.295654296875,136.87307739257812,3680.833251953125,3812.0,3976.5,4064.0,4164.0,53051.0
af485add,23.012297,23,0.04279639571905136,0.12749207019805908,0.0,6.09584658377571e-05,0.007095719687640667,0.03249752335250378,4.740538597106934,-22.518577575683594,39.55834197998047,-89.94525146484375,-52.96150016784668,-27.163650512695312,2.402987480163574,89.85521697998047,78.70194244384766,325.3509521484375,0.0,0.5,2.0156478881835938,16.215349197387695,2633.5,3870.69921875,157.60675048828125,3200.0,3777.0,3841.0,3988.0,4175.0,290335.0
af4f064e,6.3001924,25,0.02957403101027012,0.08898445963859558,0.0,0.0007544513791799545,0.008166391402482986,0.025186892598867416,4.027594089508057,-4.292884826660156,38.31634521484375,-89.93627166748047,-32.77053642272949,-6.770793914794922,22.542095184326172,89.05024719238281,14.254327774047852,45.90354919433594,0.0,2.3888888359069824,6.785714149475098,15.229984283447266,2608.0,3850.980712890625,165.13768005371094,3098.166748046875,3753.0,3824.0,3970.0,4185.0,384243.0
b074f33b,0.0,37,0.09990352392196655,0.22566010057926178,0.0,0.010736817261204123,0.032298605889081955,0.09405827894806862,5.44061803817749,-11.202802658081055,28.93970489501953,-89.54344940185547,-30.631571292877197,-9.230412006378174,7.178019404411316,89.90742492675781,54.74148178100586,236.96408081054688,0.0,3.009661912918091,9.375,25.606950759887695,2642.199951171875,3883.91943359375,125.78671264648438,3704.916748046875,3777.0,3841.0,3984.833251953125,4162.0,283860.0
b08423c5,0.0,36,0.049517419189214706,0.12770326435565948,0.0,0.00588806439191103,0.017069080844521523,0.04621187224984169,5.257508754730225,-15.81664752960205,31.827938079833984,-89.5123291015625,-36.92112350463867,-16.248620986938477,1.3150489330291748,89.72708129882812,46.874427795410156,198.90945434570312,0.0,4.011878252029419,10.260541915893555,24.0,2638.0,3892.17529296875,130.13356018066406,3684.0,3788.0,3853.0,3994.0,4178.0,289383.0
b08f0ca4,3.5540085,23,0.04013596475124359,0.1042148545384407,0.0,0.00044232864456716925,0.013510608579963446,0.036767663434147835,3.4972774982452393,3.6340644359588623,39.24800491333008,-89.55303192138672,-25.816155910491943,5.563569784164429,33.20706558227539,89.89474487304688,12.922601699829102,57.47236251831055,0.0,2.3900524377822876,5.8852784633636475,10.854036569595337,2558.0,3864.272216796875,146.8829803466797,3419.0,3750.416748046875,3826.5,3978.166748046875,4187.0,375026.0
b120a337,17.375952,23,0.050245050340890884,0.1287822425365448,0.0,0.00224901654291898,0.014267207589000463,0.042168596759438515,3.7958343029022217,-2.238166093826294,39.06772994995117,-89.71859741210938,-30.0362548828125,-4.220025300979614,21.480285167694092,89.72175598144531,88.22990417480469,324.53271484375,0.0,3.2302042841911316,8.440723896026611,19.0,2655.25,3875.704345703125,134.98760986328125,3098.166748046875,3777.0,3831.5,3982.0,4164.0,317606.0
b1de4423,26.20273,23,0.023221466690301895,0.05694654583930969,0.0,0.0011408974532969296,0.009150918573141098,0.023552456870675087,3.825674533843994,-11.738682746887207,37.35721969604492,-89.83837127685547,-37.572092056274414,-13.422825813293457,9.881181240081787,89.27198028564453,13.580117225646973,52.019161224365234,0.0,0.8182187080383301,3.950000047683716,12.777538776397705,2629.39990234375,3853.231201171875,154.78683471679688,3502.0,3730.0,3788.0,3989.583251953125,4176.0,284059.0
b1f064ac,0.0,50,0.027972452342510223,0.04156915843486786,0.0,0.006749465595930815,0.019205177202820778,0.035082824528217316,4.129406929016113,13.356252670288086,49.984004974365234,-89.81390380859375,-19.861276626586914,24.392515182495117,53.50702667236328,89.70545959472656,30.399555206298828,66.72941589355469,0.0,4.909802436828613,12.445905685424805,39.2797737121582,2533.60009765625,3946.980224609375,113.8624267578125,3794.0,3835.0,3941.0,4046.0,4191.66650390625,69157.0
b23b9220,0.0,40,0.0474979467689991,0.07408491522073746,0.0,0.008197557646781206,0.025134566240012646,0.062499324791133404,3.757887125015259,-7.11326265335083,32.640663146972656,-89.93756866455078,-28.13825035095215,-6.669023275375366,12.646657943725586,89.30319213867188,11.933113098144531,37.964019775390625,0.0,1.9086470007896423,4.6776509284973145,10.814943075180054,2254.199951171875,4044.8681640625,100.51397705078125,3193.166748046875,3976.0,4073.666748046875,4127.83349609375,4191.0,78126.0
b25abc27,1.6158472,24,0.035562656819820404,0.10115673393011093,0.0,0.0003624438322731294,0.008821357972919941,0.028689243830740452,4.797705173492432,-8.180343627929688,40.71989440917969,-89.58161163330078,-37.715888023376465,-11.150466918945312,14.947473049163818,89.69197082519531,29.981603622436523,58.80282211303711,0.0,3.8418062329292297,12.513545513153076,37.625,2584.800048828125,3848.298583984375,164.4654998779297,3098.166748046875,3747.0,3818.25,3969.75,4181.0,393116.0
b2987a65,0.0,25,0.053543880581855774,0.10340103507041931,0.0,0.009946920443326235,0.02765275351703167,0.05727836675941944,6.134459495544434,-12.847143173217773,32.55284118652344,-89.96836853027344,-34.96561813354492,-15.000056266784668,4.816338539123535,89.97607421875,9.369677543640137,54.104408264160156,0.0,0.8936170339584351,2.3402061462402344,6.199999809265137,2502.0,3958.6044921875,122.7068099975586,3468.0,3841.0,3947.0,4064.0,6000.0,223915.0
b2b56219,0.35493508,25,0.05058763921260834,0.11630809307098389,0.0,0.0013871393748559058,0.014810426160693169,0.05108138360083103,3.8049421310424805,-20.891515731811523,33.95642852783203,-89.7762451171875,-48.06611347198486,-21.671865463256836,0.684631735086441,88.33402252197266,36.21360778808594,133.95132446289062,0.0,3.965884029865265,11.166224956512451,27.227741718292236,2619.60009765625,3857.739013671875,165.96969604492188,3098.166748046875,3753.0,3824.0,3977.166748046875,4199.0,403910.0
b308c03e,62.655746,24,0.03875088691711426,0.11342992633581161,0.0,0.0010197886440437287,0.00249532179441303,0.028958749026060104,3.696492910385132,-29.873090744018555,59.89381408691406,-89.84225463867188,-87.70948219299316,-42.45699501037598,22.306243419647217,88.65226745605469,74.1888427734375,290.8558349609375,0.0,0.07525372505187988,2.097486972808838,11.0,2638.199951171875,3873.98046875,150.19888305664062,3184.0,3779.083251953125,3818.0,3982.0,4175.0,137406.0
b37281d5,5.259509,13,0.05352885276079178,0.15625135600566864,0.0,0.0015831293421797454,0.016059967689216137,0.03693182114511728,3.1487061977386475,-3.525578260421753,35.74314498901367,-89.65929412841797,-26.252378940582275,-1.3777859807014465,22.075907707214355,89.33441162109375,127.89031219482422,416.08270263671875,0.0,2.5,5.953773021697998,19.5,2645.0,3757.1474609375,70.89163970947266,3432.0,3712.0,3765.0,3806.0,4013.0,200932.0
b3b200af,0.7215875,24,0.024322783574461937,0.06947611272335052,0.0,2.7770201086241286e-05,0.00443330779671669,0.022116136271506548,3.1082763671875,-21.254169464111328,33.915740966796875,-89.19278717041016,-45.06265163421631,-25.340521812438965,-3.6641329526901245,89.26405334472656,44.99632263183594,216.63388061523438,0.0,1.740384578704834,4.46658730506897,10.426615476608276,2619.39990234375,3842.927490234375,165.20091247558594,3098.166748046875,3741.0,3812.0,3964.0,4182.0,395882.0
b3f5c066,19.196308,25,0.07337205857038498,0.21536225080490112,0.0,0.0008908152813091874,0.008982881903648376,0.057595934718847275,5.757967948913574,-9.204567909240723,41.70771408081055,-89.60208892822266,-38.9950065612793,-8.47307300567627,16.35477638244629,89.00192260742188,21.504276275634766,60.400489807128906,0.0,2.2831475734710693,4.5,15.634146690368652,2638.39990234375,3875.042724609375,146.24375915527344,3188.0,3765.0,3829.0,3994.0,4189.0,331905.0
b41cee02,81.436264,23,0.011074395850300789,0.033535186201334,0.0,0.0014582276344299316,0.0020674720872193575,0.003604617901146412,0.8835433721542358,-56.72148513793945,48.27385330200195,-89.52416229248047,-85.05797576904297,-83.39568328857422,-33.195194244384766,89.12812042236328,7.586164474487305,29.3974609375,0.0,0.5199999809265137,2.422276735305786,9.214285850524902,2438.800048828125,3938.8837890625,149.0584259033203,3343.0,3822.0,3912.0,4093.0,4195.0,63377.0
b447e66d,3.1587622,24,0.05156922712922096,0.1396496444940567,0.0,0.0014815038302913308,0.013238723389804363,0.042771823704242706,4.911168575286865,0.12243608385324478,37.562557220458984,-89.74433135986328,-25.62094020843506,-0.4974896013736725,25.155258178710938,89.42569732666016,12.72641372680664,45.75579833984375,0.0,1.3224191665649414,3.8262031078338623,10.215128421783447,2512.60009765625,3854.546875,149.69424438476562,3098.166748046875,3749.333251953125,3818.0,3964.0,4188.0,380235.0
b452f767,0.0,51,0.08407963067293167,0.23261530697345734,0.0,0.00963633181527257,0.020804371684789658,0.06450323574244976,5.39810037612915,-9.47846794128418,33.254295349121094,-89.64268493652344,-31.299347400665283,-5.593911170959473,12.009873867034912,88.7113037109375,91.046630859375,284.9739990234375,0.0,4.200165748596191,12.479272365570068,32.72486877441406,2627.0,3914.505615234375,126.88919830322266,3426.166748046875,3835.0,3841.0,3996.916748046875,4170.0,19614.0
b4e69f09,7.841249,21,0.04567167907953262,0.12429267913103104,0.0,0.0016535439062863588,0.011969337239861488,0.039674317464232445,6.239439964294434,18.433103561401367,38.860862731933594,-89.04830169677734,-8.095687866210938,25.156185150146484,47.71622657775879,89.46442413330078,10.712597846984863,28.535301208496094,0.0,1.7780482172966003,4.754304885864258,10.312284469604492,2402.60009765625,3802.9423828125,140.2264862060547,3098.166748046875,3736.0,3800.0,3906.0,4115.0,320311.0
b69bf1f7,28.76276,35,0.03753864765167236,0.11195032298564911,0.0,0.0004402632621349767,0.007358561502769589,0.029028271324932575,4.1429948806762695,-12.512800216674805,40.01736831665039,-89.9102783203125,-41.946228981018066,-12.715936660766602,13.206524848937988,89.5232162475586,29.59049415588379,132.1605987548828,0.0,3.856700301170349,9.239130020141602,21.740063190460205,2643.0,3859.77685546875,116.31793975830078,3259.0,3782.0,3835.0,3947.0,4165.0,410570.0
b712b69b,0.0,41,0.08643221110105515,0.1645725667476654,0.0,0.01403013407252729,0.03707520291209221,0.09770061075687408,6.914726257324219,21.3768367767334,35.066768646240234,-89.85613250732422,-0.6714643836021423,24.720911979675293,47.95200252532959,89.65480041503906,28.843486785888672,131.6255645751953,0.0,2.4508137702941895,6.857142925262451,16.600000381469727,2630.0,3924.34423828125,125.53608703613281,3706.0,3810.0,3903.0,4023.0,4193.0,271928.0
b7a61f8d,13.442477,23,0.05114368349313736,0.13330215215682983,0.0,0.0014056932413950562,0.01251253392547369,0.04773152619600296,3.7516283988952637,-7.9669036865234375,36.29756164550781,-89.80477905273438,-33.95094680786133,-8.344223976135254,15.806251525878906,89.47667694091797,35.238101959228516,136.22694396972656,0.0,2.830655336380005,6.1317830085754395,18.600000381469727,2656.5,3832.458251953125,164.60531616210938,3098.166748046875,3730.0,3812.0,3952.25,4158.0,326397.0
b7c410a9,7.8511877,23,0.040857262909412384,0.11520493775606155,0.0,0.0034558327170088887,0.015732739120721817,0.03377316705882549,4.70173454284668,14.702832221984863,37.180274963378906,-89.51898956298828,-9.184462308883667,18.807186126708984,43.47367191314697,89.50377655029297,17.204103469848633,100.42897033691406,0.0,0.5,0.6666666865348816,5.586571574211121,2591.60009765625,3851.247802734375,169.74099731445312,3098.166748046875,3747.0,3824.0,3976.75,4175.0,350664.0
b802aec3,0.0,52,0.09692151844501495,0.2986246347427368,0.0,0.026048042811453342,0.04590926878154278,0.11170295439660549,5.074159145355225,2.144223213195801,34.44111633300781,-89.33412170410156,-10.140691041946411,1.4970933198928833,14.877413034439087,89.30732727050781,58.54515838623047,80.75027465820312,0.0,4.0,8.10631537437439,101.84967041015625,273.0,4094.47119140625,144.2452392578125,3677.0,4134.0,4174.541748046875,4181.0,4185.75,1940.0
b823508b,0.0,65,0.03111375868320465,0.05695173889398575,0.0,0.0066945250146090984,0.018696093931794167,0.03391462191939354,2.27893328666687,18.56825828552246,29.38435173034668,-89.40798950195312,1.906345248222351,22.096487045288086,36.386898040771484,88.81440734863281,10.493364334106445,30.355615615844727,0.0,0.829365074634552,1.652438998222351,5.657669544219971,1996.4000244140625,4112.55712890625,98.22379302978516,3097.25,4093.0,4123.0,4152.0,4187.0,48129.0
b94ec4a1,11.810672,25,0.027149690315127373,0.06549502164125443,0.0,0.0007038867333903909,0.007129220757633448,0.02444477379322052,3.608691453933716,-4.520213603973389,37.63126754760742,-89.76976776123047,-31.75050163269043,-3.3725006580352783,22.579167366027832,89.2833023071289,16.316883087158203,77.47640228271484,0.0,2.214603066444397,5.922997951507568,12.37829875946045,2603.199951171875,3875.965576171875,149.2934112548828,3098.166748046875,3765.0,3829.0,3988.0,4187.0,352859.0
b95aad8d,38.21309,16,0.02321941964328289,0.047498028725385666,0.0,0.0027587676886469126,0.0115440315566957,0.02076192246749997,1.895107388496399,-13.909261703491211,44.38621520996094,-88.86083984375,-45.64023494720459,-27.599655151367188,7.788435459136963,89.87939453125,12.59390926361084,35.639583587646484,0.0,1.546506643295288,5.223251819610596,13.392414331436157,1282.3333740234375,3868.311279296875,181.40919494628906,3098.166748046875,3818.0,3882.0,3994.0,4140.0,180784.0
b9b22bff,63.905323,2,0.06119513139128685,0.06873681396245956,0.0,0.015778332948684692,0.02908165566623211,0.0755033791065216,0.4285329282283783,-5.793000221252441,28.763641357421875,-88.3613510131836,-28.84501075744629,-1.4755014181137085,16.821292877197266,87.0436782836914,3.416393995285034,3.9789178371429443,0.0,0.5664582252502441,1.9589041471481323,3.75,26.5,3869.5625,292.2413635253906,3091.5,3542.0,4012.833251953125,4086.0,4181.0,3123.0
b9c085ab,5.0255976,23,0.04814121499657631,0.11549001932144165,0.0,0.0013791103847324848,0.01645480375736952,0.04651447758078575,4.118113040924072,10.69585132598877,40.71442413330078,-89.6760482788086,-16.787663459777832,13.370096683502197,42.557342529296875,89.61759185791016,69.2608642578125,216.96742248535156,0.0,5.427068114280701,13.992660522460938,30.68098497390747,2600.75,3851.579345703125,146.38113403320312,3249.833251953125,3741.0,3809.166748046875,3970.0,4172.0,367454.0
b9cf3f7c,12.664555,25,0.02409277856349945,0.05864196643233299,0.0,0.0,0.0019323733868077397,0.022982900962233543,2.472574234008789,-19.6651668548584,39.577552795410156,-89.53075408935547,-52.54460144042969,-19.01138687133789,4.4803361892700195,89.95642852783203,21.72235870361328,119.93363952636719,0.0,2.492366313934326,7.625,17.25,2610.39990234375,3851.87109375,137.09921264648438,3448.0,3759.0,3824.0,3947.0,4205.0,369277.0
b9e90f7f,3.8724594,19,0.0450911670923233,0.11404601484537125,0.0,0.0011771065182983875,0.011392270214855671,0.04264345206320286,4.590460777282715,-15.115992546081543,37.999061584472656,-88.99640655517578,-44.151498794555664,-17.58616065979004,5.909826993942261,89.33209228515625,66.34854888916016,287.2210693359375,0.0,2.45870304107666,6.129098415374756,16.0,2648.666748046875,3792.707763671875,128.41757202148438,3098.166748046875,3734.25,3794.0,3870.0,4033.0,298475.0
ba73bc7c,13.972476,19,0.04199916124343872,0.11847231537103653,0.0,0.001037990499753505,0.012418454047292471,0.036800247617065907,5.975157737731934,-13.42567253112793,36.369178771972656,-89.52677917480469,-40.08911609649658,-14.718605995178223,10.125581979751587,89.00682830810547,45.25045394897461,227.87339782714844,0.0,2.0399680137634277,5.885327339172363,13.899706840515137,2637.800048828125,3792.491943359375,128.48300170898438,3098.166748046875,3718.0,3789.666748046875,3894.0,4089.0,267514.0
bb0d7d92,0.3933298,22,0.019845696166157722,0.04584549739956856,0.0,3.649771315394901e-05,0.004850238561630249,0.017697593197226524,3.5727338790893555,-11.128301620483398,39.06087112426758,-89.81272888183594,-41.057111740112305,-15.814407348632812,17.680859565734863,89.48696899414062,13.721309661865234,34.865718841552734,0.0,3.5929248332977295,7.155385971069336,14.294237613677979,2015.0,3842.7724609375,123.01030731201172,3659.0,3747.0,3806.0,3941.0,4138.0,364307.0
bb808a71,78.69246,19,0.020663531497120857,0.07150977849960327,0.0,0.0,0.0027682663640007377,0.013214452425017953,2.0203781127929688,-27.905405044555664,54.02656936645508,-89.83775329589844,-75.84758758544922,-41.36712074279785,1.8728679716587067,89.45462799072266,60.207969665527344,233.18345642089844,0.0,1.5,10.738302230834961,26.129302501678467,2641.5,3893.795654296875,129.67526245117188,3612.0,3804.0,3853.0,3967.0,4158.0,74932.0
bba6ff20,91.63476,4,0.00039759313222020864,0.0027155184652656317,0.0,7.164081125665689e-06,1.659989356994629e-05,3.356496563355904e-05,0.09171576052904129,-81.83402252197266,8.215422630310059,-87.37700653076172,-86.00272750854492,-83.23780059814453,-81.77395629882812,19.490211486816406,252.84954833984375,702.3557739257812,0.0,1.0,2.5,6.5,2511.666748046875,3829.976318359375,54.60390090942383,3777.0,3777.0,3812.75,3870.0,3996.0,5882.0
bbd71a7c,91.19006,13,0.004349296912550926,0.01822812110185623,0.0,0.0003268208238296211,0.0007151818135753274,0.0028406387427821755,0.7704268097877502,-75.68115234375,26.803909301757812,-89.69712829589844,-88.57400512695312,-87.20125579833984,-66.75404739379883,86.69688415527344,31.0820255279541,206.31512451171875,0.0,1.7009475231170654,4.878498077392578,7.743554592132568,2633.0,4029.010009765625,77.72159576416016,3685.0,3964.0,4058.0,4093.0,4197.0,32711.0
bbe5bedd,26.41795,25,0.029336946085095406,0.06554602086544037,0.0,0.0005130608915351331,0.010148086585104465,0.02702544443309307,3.5670156478881836,-9.971932411193848,45.7064094543457,-89.8909912109375,-38.46917724609375,-11.622090339660645,17.903072357177734,89.84952545166016,11.034579277038574,28.621490478515625,0.0,1.5,4.599999904632568,11.093957901000977,2585.60009765625,3897.662353515625,159.85934448242188,3098.166748046875,3800.0,3888.0,4011.0,4196.0,301997.0
bc4eaf77,83.090515,21,0.017712147906422615,0.026918450370430946,0.0,0.004336980986408889,0.010236811358481646,0.021502255462110043,0.864357054233551,7.035152435302734,64.1244125366211,-89.57987976074219,-51.657151222229004,27.752442359924316,66.03941535949707,89.7751693725586,35.95773696899414,20.994525909423828,0.0,20.6806321144104,36.44639587402344,52.89259719848633,146.5,3952.897705078125,195.802001953125,3098.166748046875,3929.0,4005.0,4087.0,4158.0,56132.0
bc66f41d,1.4066187,24,0.033753685653209686,0.07595722377300262,0.0,0.0013949810236226767,0.010046923998743296,0.036402298137545586,3.412651777267456,-20.91888999938965,36.138118743896484,-89.7122802734375,-48.68789768218994,-23.25564956665039,1.2724427580833435,88.37544250488281,14.358516693115234,44.25443649291992,0.0,2.7205918431282043,5.963597774505615,13.666666984558105,2585.5,3845.5751953125,161.43309020996094,3098.166748046875,3747.0,3818.0,3964.0,4188.0,390400.0
bc6bd8b2,0.0,52,0.07364194840192795,0.13465167582035065,0.0,0.016246582847088575,0.03905370831489563,0.08383592776954174,7.008723735809326,4.871425628662109,34.689308166503906,-89.72838592529297,-18.207309246063232,2.607020854949951,24.18250322341919,89.51898956298828,24.24675941467285,119.8219223022461,0.0,2.1867822408676147,5.455817461013794,13.399999618530273,2617.75,3984.096435546875,120.06251525878906,3736.0,3912.0,3990.5,4082.0,4193.0,156104.0
bd4ccd4c,0.0,51,0.052978891879320145,0.10148602724075317,0.0,0.0067609273828566074,0.019543994218111038,0.052837930619716644,3.395068645477295,-3.4249398708343506,36.422298431396484,-89.6938705444336,-25.95407009124756,-2.247842788696289,19.04247283935547,89.60187530517578,99.12731170654297,343.6423034667969,0.0,3.0273914337158203,7.440000057220459,26.5,2644.5,3858.493408203125,98.69337463378906,3606.083251953125,3765.625,3866.5,3959.0,4139.0,107955.0
bd8397cb,0.0,23,0.10009580105543137,0.174334317445755,0.0,0.02310995664447546,0.04463527724146843,0.10551927238702774,5.127810955047607,-10.596017837524414,28.39206314086914,-89.76167297363281,-28.52692699432373,-8.587834358215332,6.5224103927612305,89.06321716308594,111.4950180053711,339.38287353515625,0.0,3.7761000394821167,12.095864295959473,38.58343505859375,2644.333251953125,4105.814453125,64.25057220458984,3859.0,4079.25,4111.0,4146.0,4188.0,51595.0
bdbff28b,73.10423,24,0.040195953100919724,0.11748997867107391,0.0,0.0002742370925261639,0.005797938210889697,0.02838467201218009,2.995347023010254,-22.517728805541992,40.46535873413086,-89.89403533935547,-50.424560546875,-21.602185249328613,5.30289900302887,88.84276580810547,27.956199645996094,138.87998962402344,0.0,0.7649294883012772,4.166666507720947,16.436527252197266,2592.0,3954.112060546875,164.45849609375,3098.166748046875,3814.25,3985.666748046875,4041.0,4187.0,104332.0
bdcc7d10,0.0,35,0.03285445272922516,0.03854608163237572,0.0,0.012130413670092821,0.021793028339743614,0.035347796976566315,0.39679214358329773,2.5682740211486816,50.03069305419922,-89.57364654541016,-42.506479263305664,2.996338129043579,44.13167190551758,89.2900161743164,10.460089683532715,10.725447654724121,0.0,0.3820486515760422,9.338377952575684,24.168635368347168,132.39999389648438,4025.81005859375,72.48954772949219,3867.0,3988.0,4017.0,4091.25,4189.0,26411.0
be210bc7,87.03708,20,0.006803413853049278,0.02187759056687355,0.0,0.0,0.0,0.002978561620693654,0.7275819182395935,0.28664466738700867,53.704410552978516,-89.32429504394531,-46.90288162231445,6.546375036239624,17.79962921142578,87.18182373046875,69.16358184814453,255.9575653076172,0.0,2.907638967037201,5.643162250518799,10.438725471496582,2611.60009765625,3896.47021484375,207.54629516601562,3178.0,3788.0,3982.0,4048.5,4173.0,36170.0
bea525dc,9.069002,24,0.029363805428147316,0.06481553614139557,0.0,0.0004394495626911521,0.0099990488961339,0.032420407980680466,2.9111616611480713,0.6511083841323853,40.585472106933594,-89.5937728881836,-30.312908172607422,2.383458375930786,31.394697189331055,89.49124145507812,19.358198165893555,53.704994201660156,0.0,3.0,9.203125,16.736835479736328,2572.800048828125,3847.947265625,131.54905700683594,3454.0,3753.0,3812.0,3941.5,4166.0,370313.0
bebff291,29.144556,24,0.033169664442539215,0.10025978088378906,0.0,0.00017102509445976466,0.005249282345175743,0.021257408428937197,4.267883777618408,-19.814800262451172,46.50836181640625,-89.80189514160156,-59.609764099121094,-24.914772987365723,10.074295997619629,89.53829193115234,29.909090042114258,158.53599548339844,0.0,1.1122782528400421,3.5651652812957764,10.711759090423584,2617.0,3879.091552734375,150.02362060546875,3335.0,3765.0,3839.0,3976.0,4199.0,281156.0
bf31e0a7,9.370259,24,0.05181627720594406,0.1342569887638092,0.0,0.0036911898641847074,0.01452216925099492,0.04511301405727863,3.1161234378814697,-14.183404922485352,36.17876052856445,-89.62611389160156,-41.36575222015381,-14.22873067855835,7.338322758674622,89.78321838378906,27.184036254882812,117.14458465576172,0.0,2.4563282132148743,6.783599138259888,17.541356086730957,2624.199951171875,3841.357177734375,160.15245056152344,3098.166748046875,3741.0,3812.0,3964.0,4187.0,364172.0
bfb421f9,86.82989,19,0.025400009006261826,0.06277571618556976,0.0,0.0005633711698465049,0.0026594558730721474,0.01987369079142809,2.2801196575164795,-17.7070255279541,55.941646575927734,-89.71101379394531,-76.58713150024414,-15.197151184082031,13.414119720458984,89.26240539550781,16.066471099853516,54.61967468261719,0.0,0.9015405476093292,2.4069042205810547,11.093216896057129,2046.5999755859375,4054.41455078125,120.75016784667969,3313.0,3941.0,4087.0,4134.0,4181.0,47195.0
c00c663c,0.0,46,0.048869892954826355,0.09285815060138702,0.0,0.005529212998226285,0.01974201202392578,0.05085438210517168,2.1746349334716797,4.518276214599609,38.95576477050781,-89.82141876220703,-19.786970138549805,1.6283515691757202,27.207598209381104,89.29531860351562,87.92037963867188,229.3163604736328,0.0,2.731029510498047,9.839325428009033,30.78394651412964,2635.0,3969.68896484375,104.07935333251953,3788.0,3894.0,3966.833251953125,4076.0,4152.0,59380.0
c0442863,30.872293,23,0.015167785808444023,0.06888631731271744,0.0,1.682251649981481e-05,0.002415045746602118,0.012873667292296886,2.6725945472717285,-3.977108955383301,53.25471115112305,-89.73054504394531,-43.89597797393799,-19.224568367004395,33.575072288513184,89.8729248046875,34.50157928466797,53.26990509033203,0.0,5.020492076873779,14.38085651397705,45.44570732116699,2468.666748046875,3835.99560546875,154.608154296875,3098.166748046875,3736.0,3812.0,3929.0,4187.0,255226.0
c09d41cd,0.0,45,0.04369675740599632,0.08899331092834473,0.0,0.003260183148086071,0.01916704699397087,0.054635414853692055,3.862795829772949,-14.614535331726074,31.10246467590332,-89.78189086914062,-37.560364723205566,-14.806904792785645,4.143562316894531,89.76605224609375,40.53379440307617,218.16510009765625,0.0,2.0,5.2483603954315186,13.032883405685425,2647.0,3873.693359375,136.92474365234375,3466.0,3771.0,3835.0,3982.0,4171.0,315832.0
c0a7d046,10.2970085,24,0.02326619252562523,0.05871144309639931,0.0,0.00047805666690692306,0.006278107408434153,0.020060187205672264,2.1187050342559814,-7.909424781799316,42.336578369140625,-89.60814666748047,-38.91489791870117,-12.701077461242676,16.366395950317383,89.62905883789062,41.8845329284668,177.4881134033203,0.0,4.4524006843566895,10.373832702636719,25.95433807373047,2627.5,3851.423583984375,160.34654235839844,3182.0,3756.583251953125,3818.0,3964.0,4189.0,360037.0
c0f2a046,5.69673,24,0.050517722964286804,0.14189639687538147,0.0,0.002680063247680664,0.015706680715084076,0.03938768804073334,4.031185150146484,-3.9068148136138916,38.391197204589844,-89.3869857788086,-30.471771240234375,-6.0160369873046875,20.858150482177734,89.23626708984375,46.961761474609375,189.56365966796875,0.0,4.399064064025879,11.426894187927246,25.449501991271973,2637.0,3860.931884765625,150.11048889160156,3407.0,3747.0,3821.916748046875,3976.0,4183.0,370795.0
c1373df0,17.013523,24,0.043210770934820175,0.11505449563264847,0.0,0.000650447400403209,0.012709126342087984,0.03523389250040054,3.987238883972168,9.797497749328613,43.482383728027344,-89.88333129882812,-21.895323753356934,13.032584190368652,44.75822734832764,89.65424346923828,8.838809967041016,34.034461975097656,0.0,1.3403656780719757,4.075187921524048,8.333333015441895,2333.39990234375,3870.375732421875,146.97952270507812,3347.0,3771.0,3835.0,3982.0,4170.0,335176.0
c274a243,75.302414,23,0.026428773999214172,0.08221407979726791,0.0,0.0,0.002993048634380102,0.023899674881249666,2.548736333847046,-16.232879638671875,57.144412994384766,-89.82476043701172,-88.17845726013184,-10.367406368255615,22.40033769607544,88.51063537597656,6.63430118560791,27.417743682861328,0.0,1.4250592589378357,3.418731451034546,7.13685417175293,2195.0,3975.833740234375,158.96917724609375,3331.0,3894.0,3964.0,4123.0,4185.0,87894.0
c294b507,13.316396,24,0.02009163610637188,0.05485014617443085,0.0,1.0527074209676357e-05,0.005080999340862036,0.02225741557776928,2.4965946674346924,-15.159480094909668,39.76667785644531,-89.8659896850586,-42.747459411621094,-18.778913497924805,6.504943609237671,88.4657974243164,16.494932174682617,41.78403091430664,0.0,2.723670721054077,6.80555534362793,16.457626342773438,2448.199951171875,3827.352294921875,142.26055908203125,3098.166748046875,3736.0,3800.0,3935.0,4175.0,345852.0
c2b40d6f,78.89523,22,0.020111627876758575,0.09716495126485825,0.0,0.000159037510456983,0.005019409116357565,0.009938439819961786,4.248091220855713,3.1404054164886475,59.9731559753418,-89.84638214111328,-51.65701103210449,3.296076536178589,54.282562255859375,89.36676025390625,21.90367889404297,133.83653259277344,0.0,1.25,1.9633291959762573,12.5,2559.39990234375,3851.331787109375,228.56396484375,3098.166748046875,3689.0,3865.0,4023.0,4200.0,78367.0
c2e15338,0.0,29,0.029259610921144485,0.039162397384643555,0.0,0.009564614854753017,0.01949059870094061,0.03379504010081291,1.0141791105270386,-2.410442590713501,48.9379997253418,-89.24720764160156,-29.802199840545654,-2.0871496200561523,19.587807655334473,89.2659683227539,33.85022735595703,185.50970458984375,0.0,2.3831639885902405,6.92554783821106,19.293670177459717,2620.0,3914.646728515625,101.15929412841797,3812.0,3847.0,3876.0,3923.0,4170.0,37118.0
c3061b23,11.52751,24,0.02927539125084877,0.07183215767145157,0.0,0.0,0.005136662162840366,0.02691129967570305,2.4830565452575684,-10.135076522827148,37.46958923339844,-89.36312103271484,-37.42449951171875,-7.409663200378418,13.40952205657959,89.37191009521484,15.260871887207031,25.054563522338867,0.0,1.2961828708648682,5.42685079574585,17.600000381469727,2052.0,3840.390380859375,156.06106567382812,3098.166748046875,3760.416748046875,3818.0,3953.0,4152.0,342277.0
c308b134,53.16481,21,0.031315017491579056,0.10388543456792831,0.0,0.0005887412989977747,0.004723695572465658,0.02031424455344677,4.616010665893555,-17.713773727416992,45.79779815673828,-89.62922668457031,-55.34423828125,-22.11441421508789,8.285603523254395,89.04625701904297,10.60276985168457,19.78876495361328,0.0,1.4194652438163757,3.5333333015441895,14.051150798797607,1221.0,3902.404052734375,165.734619140625,3098.166748046875,3806.0,3935.0,4005.0,4152.0,166903.0
c38585c5,14.813524,25,0.019650669768452644,0.059685539454221725,0.0,2.225239995823358e-06,0.0031328757759183645,0.014974822057411075,3.5923635959625244,-23.326480865478516,39.14995193481445,-89.88429260253906,-53.44264888763428,-26.576239585876465,0.4747483804821968,89.55172729492188,8.475654602050781,25.192951202392578,0.0,1.0,3.577223539352417,9.909370422363281,2508.333251953125,3866.633544921875,174.84417724609375,3098.166748046875,3765.0,3843.666748046875,3994.0,4189.0,348356.0
c38a5c9b,15.021521,25,0.03567905351519585,0.11896723508834839,0.0,0.001984968956094235,0.010548187885433435,0.026838756166398525,4.905910491943359,-9.733619689941406,41.15015411376953,-89.85264587402344,-42.824307441711426,-10.346070766448975,23.120832443237305,89.9097671508789,60.23014450073242,271.6258544921875,0.0,4.1872159242630005,8.509674072265625,16.858521938323975,2647.800048828125,3826.54638671875,164.775390625,3098.166748046875,3724.0,3806.0,3935.0,4160.0,346104.0
c3a3f61e,8.249445,19,0.057796068489551544,0.1437751054763794,0.0,0.0010913290898315609,0.007967246696352959,0.04440821800380945,3.3713932037353516,5.491454124450684,43.2765007019043,-89.80812072753906,-25.004931449890137,8.345900058746338,39.007147789001465,89.5719985961914,17.319732666015625,72.50823974609375,0.0,1.8102353811264038,4.9643168449401855,13.62071442604065,2610.0,3893.17626953125,126.0912857055664,3620.0,3788.0,3847.0,4005.0,4166.0,285028.0
c3a86e3e,0.0,35,0.05881061404943466,0.1162034422159195,0.0,0.009051729459315538,0.02800796926021576,0.06998816505074501,5.3929948806762695,-9.504278182983398,28.965225219726562,-89.74565887451172,-28.84990406036377,-9.878947257995605,7.81599760055542,89.6083755493164,59.065391540527344,253.5868682861328,0.0,3.0,8.911214828491211,24.0,2630.39990234375,3891.282470703125,130.00146484375,3706.166748046875,3777.0,3853.0,3988.0,4176.0,295099.0
c3adae87,0.0,35,0.03423232212662697,0.0710207149386406,0.0,0.00342944054864347,0.013874526135623455,0.034525252878665924,3.2829017639160156,16.04745864868164,32.03119659423828,-89.4872817993164,-3.072099208831787,16.520021438598633,37.21186065673828,89.83905029296875,86.0140380859375,249.69781494140625,0.0,2.584158420562744,10.0,47.9605827331543,2621.0,3891.469482421875,137.57867431640625,3630.916748046875,3782.0,3841.0,3976.833251953125,4187.0,219561.0
c3d46daf,67.435524,22,0.025596177205443382,0.04836532846093178,0.0,2.9806196380377514e-05,0.0029234675457701087,0.02543916692957282,1.812041163444519,-7.861066818237305,42.851463317871094,-89.85586547851562,-38.194000244140625,-9.829628467559814,13.384121894836426,89.84403991699219,18.33736801147461,46.141117095947266,0.0,1.4375,5.645047426223755,12.442898750305176,2078.60009765625,3917.783935546875,148.486328125,3401.0,3806.0,3912.0,4023.0,4181.0,127054.0
c3dde859,0.0,22,0.032545220106840134,0.07855752855539322,0.0,0.0011099112161900848,0.009033836890012026,0.030008626636117697,2.8059921264648438,-0.1690470576286316,34.83570098876953,-89.49258422851562,-25.190971851348877,1.0811079740524292,24.899330615997314,89.07652282714844,11.519622802734375,53.227413177490234,0.0,1.7136167585849762,5.040745735168457,10.666666984558105,2594.333251953125,3858.89208984375,171.8427276611328,3098.166748046875,3747.0,3835.0,3988.0,4194.0,363564.0
c446e1c5,0.31748676,24,0.010286994278430939,0.02252982370555401,0.0,4.8692523705540225e-05,0.003479968523606658,0.01332164229825139,1.743132472038269,-14.247213363647461,31.66002082824707,-89.67787170410156,-37.78810501098633,-15.080199718475342,6.953856587409973,86.6095962524414,13.967556953430176,27.6580867767334,0.0,2.5673954486846924,5.806857109069824,14.571325302124023,2500.199951171875,3840.945556640625,163.00538635253906,3099.083251953125,3741.0,3812.0,3958.0,4170.0,394968.0
c45068a1,1.7707473,25,0.012904420495033264,0.03619701787829399,0.0,5.1188867473683786e-05,0.0032699177972972393,0.01269483845680952,4.080550193786621,-14.420479774475098,35.65610122680664,-89.77600860595703,-42.046563148498535,-17.87151336669922,8.968851566314697,87.8423080444336,22.430635452270508,125.58544158935547,0.0,1.6816813945770264,4.0,10.438975811004639,2632.333251953125,3844.09912109375,165.8546600341797,3098.166748046875,3741.0,3812.0,3964.0,4175.0,398692.0
c4c2076b,47.03594,22,0.048278167843818665,0.14852388203144073,0.0,5.424181654234417e-05,0.009940233081579208,0.03837771713733673,6.931802749633789,-2.2822413444519043,39.47495651245117,-89.81893157958984,-25.934221267700195,0.667943000793457,24.514530181884766,89.07402801513672,12.324418067932129,40.34138488769531,0.0,2.520618438720703,5.512512683868408,10.855555534362793,2546.666748046875,3815.887939453125,146.48779296875,3466.0,3730.0,3782.0,3832.25,4166.0,194537.0
c5462e87,60.945374,17,0.019974930211901665,0.07750909775495529,0.0,9.060859520104714e-05,0.0023037532810121775,0.015766693279147148,3.078263521194458,-17.684438705444336,56.11323547363281,-89.58870697021484,-72.7745132446289,-19.460201263427734,14.421764373779297,89.46116638183594,20.931970596313477,89.52546691894531,0.0,1.6670719385147095,3.684000015258789,8.910940647125244,2613.800048828125,3978.565185546875,111.93338775634766,3749.0,3882.0,3988.0,4087.0,4170.0,105959.0
c55187b4,73.055115,24,0.01104186661541462,0.027387484908103943,0.0,6.273587587202201e-06,0.0007403264462482184,0.013681596145033836,1.348893642425537,2.8870973587036133,48.12639236450195,-89.65937042236328,-19.816129684448242,4.382251024246216,33.712646484375,87.4827651977539,232.25180053710938,307.8172607421875,0.0,5.873111963272095,43.208168029785156,454.50011444091797,2586.39990234375,3786.628173828125,213.1937713623047,3098.166748046875,3697.5,3771.0,3829.0,4193.0,99094.0
c5cfaeae,0.0,31,0.07691024988889694,0.14204184710979462,0.0,0.00971467886120081,0.03256972134113312,0.0927707850933075,3.2671549320220947,-8.943379402160645,30.06216812133789,-89.48832702636719,-27.579803466796875,-8.608946800231934,7.603959083557129,89.3526840209961,70.70171356201172,221.42286682128906,0.0,4.269439697265625,12.088889122009277,37.04029846191406,2606.199951171875,3925.174072265625,130.13938903808594,3642.0,3818.0,3923.0,4029.0,4177.0,212277.0
c6313b18,66.33387,24,0.0016703654546290636,0.01030447706580162,0.0,0.0,0.0,0.0,0.3584844470024109,-81.49333190917969,20.59381866455078,-89.30684661865234,-88.49903106689453,-87.78577041625977,-86.1891975402832,82.42483520507812,2.752998113632202,3.4978713989257812,0.0,2.6666667461395264,2.6666667461395264,2.6666667461395264,247.0,3837.50732421875,162.36151123046875,3173.0,3736.0,3806.0,3953.0,4175.0,116210.0
c6575d38,1.0138662,24,0.012138663791120052,0.02935883216559887,0.0,0.0,0.0014408318093046546,0.012971325777471066,1.8408921957015991,-19.083711624145508,47.24435043334961,-89.61465454101562,-58.635990142822266,-31.6957950592041,7.287865161895752,89.44351959228516,15.473353385925293,48.40835952758789,0.0,3.132021188735962,8.20637035369873,15.25509262084961,2646.199951171875,3844.92041015625,153.22250366210938,3352.0,3741.0,3812.0,3958.0,4175.0,405817.0
c6cc7467,40.724846,25,0.03949492797255516,0.08316106349229813,0.0,0.00041942000098060817,0.008349715732038021,0.04336053133010864,5.028833866119385,-22.733638763427734,47.824951171875,-89.78571319580078,-62.70574188232422,-22.89921760559082,5.6533215045928955,89.74790954589844,76.95995330810547,265.20965576171875,0.0,3.5212666988372803,11.54285717010498,43.4426212310791,2608.0,3893.9716796875,135.76686096191406,3207.0,3781.833251953125,3859.0,4000.0,4171.0,233991.0
c6d4b453,1.2044845,24,0.07374664396047592,0.1837688684463501,0.0,0.0005202100583119318,0.022867707535624504,0.05867557413876057,4.712338447570801,-11.289571762084961,41.47813034057617,-89.48155212402344,-41.69449329376221,-15.446783542633057,6.580175995826721,89.1833267211914,24.881013870239258,108.88926696777344,0.0,2.5987707376480103,6.3229546546936035,14.182349681854248,2638.199951171875,3835.6171875,156.68716430664062,3098.166748046875,3738.083251953125,3806.0,3947.0,4167.0,382794.0
c6da0d4b,0.0,40,0.0755108892917633,0.18190817534923553,0.0,0.009835603181272745,0.028635911643505096,0.07370485924184322,6.076745986938477,16.0034236907959,41.16556930541992,-89.95350646972656,-11.858766794204712,20.235759735107422,47.79378795623779,89.54792022705078,15.910011291503906,49.753963470458984,0.0,2.722222328186035,6.5,17.950212001800537,2560.39990234375,4014.783935546875,83.96279907226562,3812.0,3970.0,4000.0,4076.0,4170.0,59940.0
c6ead822,0.0,18,0.05427352711558342,0.07826080173254013,0.0,0.008933146484196186,0.025531716644763947,0.07660896331071854,3.527426242828369,12.357969284057617,32.882469177246094,-89.41581726074219,-5.31510066986084,14.191636085510254,33.7238883972168,88.86402130126953,43.02918243408203,150.45394897460938,0.0,4.4871602058410645,9.833333015441895,16.104955673217773,2630.199951171875,3981.27880859375,188.84893798828125,3098.416748046875,3976.0,4026.333251953125,4093.0,4190.0,98585.0
c731458f,23.870949,25,0.044716086238622665,0.08941040933132172,0.0,0.0031093285069800913,0.01486208289861679,0.054319350980222225,2.9411327838897705,-1.5756350755691528,37.94074249267578,-89.52433776855469,-28.096235275268555,-3.4866846799850464,23.157509326934814,89.50224304199219,66.84028625488281,275.8815002441406,0.0,1.690917432308197,4.655482292175293,15.600000381469727,2626.5,3834.3427734375,149.13705444335938,3098.166748046875,3736.0,3802.5,3935.0,4176.0,311576.0
c73dd2e4,0.0,2,0.03316070884466171,0.10486651957035065,0.0,0.002510270511265844,0.010081920772790909,0.02123972261324525,3.142772674560547,-0.18249788880348206,38.35668182373047,-87.64996337890625,-29.971040725708008,0.0,27.001778602600098,84.6407699584961,6.037774562835693,4.615263938903809,0.0,2.927219569683075,5.5,8.13356065750122,90.0,3828.9150390625,185.08944702148438,3091.0,3745.5624389648438,3806.0,3948.0416870117188,4188.0,10920.0
c73f149c,0.7559722,8,0.04392273724079132,0.10212278366088867,0.0,0.0009046208579093218,0.02311311662197113,0.049491383135318756,2.660534143447876,14.92679500579834,39.441871643066406,-89.67147064208984,-10.720385551452637,20.436262130737305,45.77021789550781,88.64449310302734,14.377872467041016,27.159194946289062,0.0,1.9013957977294922,4.5,10.272727012634277,1149.0,3962.074951171875,125.75055694580078,3099.333251953125,3917.0,3976.0,4050.25,4171.0,117973.0
c79039af,50.402416,24,0.01968715339899063,0.05670865625143051,0.0,0.0004674212250392884,0.004193718545138836,0.017311235889792442,2.6161813735961914,-12.002809524536133,40.938716888427734,-89.92271423339844,-42.313602447509766,-14.004777908325195,12.33512020111084,89.2430648803711,42.62328338623047,150.3112335205078,0.0,4.485507011413574,9.398667335510254,26.200000762939453,2628.800048828125,3913.321533203125,169.23849487304688,3098.166748046875,3759.0,3941.0,4070.0,4187.0,196857.0
c7d9e964,0.0,22,0.08311706781387329,0.1655152589082718,0.0,0.017182329669594765,0.03464467078447342,0.08370265364646912,4.052537441253662,-17.042272567749023,32.30697250366211,-89.98271179199219,-37.267494201660156,-19.038076400756836,-1.051589846611023,88.6294174194336,25.238433837890625,101.7221450805664,0.0,2.1277682781219482,9.136240005493164,26.542707443237305,2625.199951171875,4072.36572265625,55.79948043823242,3824.0,4052.0,4076.0,4111.0,4161.0,45249.0
c8270746,54.420864,22,0.04088880494236946,0.11840607225894928,0.0,0.0003879238138324581,0.010540262330323458,0.03125203959643841,3.8414554595947266,-10.14667797088623,44.32073974609375,-89.83589172363281,-45.959078788757324,-9.194171905517578,18.23352575302124,89.405517578125,66.42131805419922,292.1482849121094,0.0,1.5,5.014285564422607,16.071645736694336,2646.5,3953.10009765625,146.7386932373047,3618.0,3865.0,3976.0,4070.0,4181.0,185070.0
c829500d,5.6728234,25,0.05571053549647331,0.14422887563705444,0.0,0.0008927909657359123,0.014570873230695724,0.051517557352781296,4.140329837799072,-7.170443058013916,38.12055587768555,-89.81828308105469,-36.099674224853516,-9.156550407409668,17.062042236328125,89.8031234741211,63.77524948120117,271.18499755859375,0.0,1.5374534130096436,5.0,17.677108764648438,2653.800048828125,3862.131103515625,151.5891876220703,3098.166748046875,3753.0,3824.0,3976.0,4187.0,384489.0
c8cc2e1b,68.052284,24,0.01989366114139557,0.05989885702729225,0.0,4.0614606405142695e-05,0.0017844430403783917,0.012512249872088432,2.7725563049316406,-11.87259292602539,51.38104248046875,-89.3733139038086,-58.09442138671875,-13.479296684265137,28.992206573486328,88.65158081054688,30.073179244995117,106.93438720703125,0.0,6.1541361808776855,17.2128963470459,19.477243423461914,2579.39990234375,3893.100830078125,149.89715576171875,3098.166748046875,3794.0,3882.0,3988.0,4175.0,124285.0
c8fbbc8a,0.0,25,0.048388879746198654,0.11986920237541199,0.0,0.0011705462529789656,0.011042322963476181,0.03879175242036581,4.0350542068481445,5.6863861083984375,36.42017364501953,-89.21492767333984,-19.06255340576172,7.569506645202637,32.63050365447998,89.87177276611328,10.667190551757812,38.15407180786133,0.0,1.3787673711776733,3.651961922645569,11.82286810874939,2508.800048828125,3847.4814453125,166.89830017089844,3098.166748046875,3741.0,3818.0,3970.0,4184.0,414792.0
c9600298,1.0016402,23,0.03211347386240959,0.06566911190748215,0.0,8.486767910653725e-05,0.009393992833793163,0.03662733547389507,2.3227524757385254,-11.143721580505371,35.14836502075195,-89.49027252197266,-37.30312538146973,-11.294087409973145,11.714626789093018,88.91276550292969,26.69570541381836,163.6308135986328,0.0,1.386913239955902,3.2777581214904785,7.907527446746826,2654.0,3818.606689453125,151.72872924804688,3098.166748046875,3730.0,3800.0,3929.0,4163.0,373243.0
c96b9609,0.0,15,0.04945999011397362,0.1353759765625,0.0,0.0012406832538545132,0.016004377976059914,0.03990874346345663,4.63476037979126,-8.670294761657715,38.99080276489258,-89.90707397460938,-37.08216571807861,-10.662847518920898,14.925226926803589,89.05653381347656,48.52241897583008,215.95460510253906,0.0,2.6666667461395264,6.445765733718872,16.0,2631.60009765625,3961.86572265625,119.59232330322266,3800.0,3847.0,3953.0,4064.0,4205.0,243986.0
c9879365,45.125973,24,0.0523410364985466,0.16488350927829742,0.0,0.0005686847143806517,0.011426209472119808,0.037750039249658585,5.073408126831055,-13.30457878112793,38.68075180053711,-89.56248474121094,-39.1297607421875,-12.597731590270996,7.787528991699219,88.8036880493164,18.486242294311523,60.60043716430664,0.0,2.1502346992492676,7.520202159881592,20.77457618713379,2578.800048828125,3916.611083984375,154.71803283691406,3370.0,3825.0,3912.0,4052.0,4175.0,218997.0
c9902f48,0.0,26,0.027559256181120872,0.03802063316106796,0.0,0.010442416649311781,0.0204712375998497,0.03253171406686306,1.1707922220230103,-5.809386253356934,56.66840362548828,-89.92788696289062,-68.43990898132324,-13.204984188079834,46.29506874084473,89.29875946044922,8.222811698913574,22.054428100585938,0.0,1.3809798955917358,6.0047607421875,10.068310976028442,1314.0,3867.4384765625,91.78125762939453,3794.0,3806.0,3835.0,3894.0,4186.0,23722.0
c9dabad5,1.0434625,24,0.04706001654267311,0.1558798998594284,0.0,0.0015050759247969836,0.014242453034967184,0.03441294189542532,6.988770961761475,10.60441780090332,45.04827880859375,-89.89542388916016,-22.364484786987305,20.244601249694824,43.96455669403076,89.59195709228516,42.857521057128906,169.1388397216797,0.0,2.57888263463974,6.199999809265137,19.0,2601.5,3851.112060546875,167.1590118408203,3098.166748046875,3747.0,3818.0,3972.083251953125,4193.0,391900.0
c9e419e7,4.4741044,24,0.04011262208223343,0.2825492322444916,0.0,0.0008741625351831317,0.011641754768788815,0.028466366231441498,6.996985912322998,3.4872593879699707,37.37057113647461,-89.63116455078125,-22.824426651000977,4.209136962890625,30.660926818847656,89.85615539550781,12.397066116333008,31.079875946044922,0.0,1.9932432174682617,6.012471675872803,13.259498596191406,2130.60009765625,3862.2587890625,163.21153259277344,3098.166748046875,3759.0,3829.0,3982.0,4188.0,380293.0
ca3204b0,0.0,57,0.047375645488500595,0.07800404727458954,0.0,0.0076380184618756175,0.018281896598637104,0.04245284292846918,1.8345054388046265,-8.380431175231934,44.667720794677734,-89.41398620605469,-44.33933162689209,-13.426840782165527,24.459492683410645,89.85530853271484,25.796836853027344,104.0529556274414,0.0,3.045480728149414,10.25,16.08242702484131,2585.39990234375,3816.5576171875,93.02733612060547,3125.083251953125,3736.0,3806.0,3890.333251953125,4186.5,116942.0
ca33a5e7,78.48149,32,0.009082872420549393,0.04482065141201019,0.0,0.0,7.911722059361637e-05,0.0016412937256973237,2.261413097381592,-39.70701599121094,55.21354675292969,-89.69709014892578,-87.87123489379883,-67.99305725097656,1.1139609217643738,89.64399719238281,31.342437744140625,76.65962982177734,0.0,3.5729910731315613,6.209549903869629,24.0804705619812,1770.199951171875,3916.691162109375,159.9459686279297,3354.0,3789.0,3941.0,4052.0,4185.0,95354.0
cadd4ae5,0.0,32,0.12031769752502441,0.24281072616577148,0.0,0.010628566378727555,0.034103529527783394,0.11250135488808155,4.47338342666626,-7.5037150382995605,27.969221115112305,-89.71016693115234,-24.938135147094727,-5.899603843688965,8.977459192276001,89.68904113769531,91.0692367553711,313.2881164550781,0.0,4.223051190376282,12.916207790374756,37.0,2647.666748046875,3919.23828125,121.50958251953125,3730.0,3806.0,3888.0,4029.0,4161.0,216996.0
cb2752bc,31.42509,23,0.033136673271656036,0.08184462040662766,0.0,0.0024909369531087577,0.009310327470302582,0.026599158067256212,4.618173122406006,-12.843727111816406,35.33073043823242,-89.95144653320312,-40.20958137512207,-12.603657245635986,11.306205749511719,88.7912826538086,22.610477447509766,52.51832962036133,0.0,2.7708566784858704,8.91001844406128,23.738411903381348,2534.60009765625,3833.1376953125,190.64353942871094,3098.166748046875,3706.0,3777.0,3976.0,4164.0,266660.0
cb3b7c3c,1.842807,24,0.046344608068466187,0.1085524708032608,0.0,0.003062447241973132,0.019965282641351223,0.04003721661865711,4.59788703918457,4.001218318939209,38.45842361450195,-89.79045867919922,-25.62394142150879,3.573202133178711,34.21661376953125,89.27823638916016,68.80590057373047,272.643798828125,0.0,3.4965904355049133,7.560056209564209,20.9780535697937,2637.5,3849.667724609375,166.48208618164062,3098.166748046875,3747.0,3818.0,3970.0,4187.0,392380.0
cb73fed9,64.832436,25,0.014987543225288391,0.0493260957300663,0.0,7.979075235198252e-06,0.0004152258188696578,0.008091583149507642,1.8365358114242554,-32.175968170166016,55.38524627685547,-89.85863494873047,-81.84579467773438,-52.05001449584961,14.332198143005371,88.20865631103516,2.431227207183838,6.484788417816162,0.0,0.30317047238349915,0.5553292036056519,1.8161420822143555,265.0,3909.587890625,153.281494140625,3306.0,3800.0,3882.0,4072.666748046875,4175.0,133552.0
cba39753,3.2149684,25,0.032222967594861984,0.07930853962898254,0.0,0.0008968397160060704,0.007366077275946736,0.031987784430384636,5.442931175231934,-7.3413615226745605,37.0191650390625,-89.87986755371094,-30.21877098083496,-3.0564260482788086,17.335233688354492,88.24613189697266,119.05941009521484,398.3411560058594,0.0,1.0,3.453403353691101,13.581060647964478,2658.25,3849.16796875,166.54006958007812,3098.166748046875,3742.0,3818.0,3970.0,4187.0,399202.0
cbcf8cf2,48.84444,24,0.031067464500665665,0.06008987873792648,0.0,0.001499355275882408,0.010365588590502739,0.030188377015292645,2.359088659286499,-15.074920654296875,34.9482307434082,-89.89727783203125,-38.3413782119751,-12.4677734375,8.07624888420105,87.1329345703125,29.75429344177246,121.18872833251953,0.0,2.5288458466529846,7.181818008422852,18.48464870452881,2630.0,3861.359619140625,152.7292022705078,3098.166748046875,3753.0,3835.0,3976.0,4176.0,195608.0
cd144127,0.0,41,0.07950860261917114,0.21314235031604767,0.0,0.006858004257082939,0.020201709121465683,0.061710674315690994,3.9658453464508057,25.362592697143555,32.04059982299805,-88.53413391113281,5.7347633838653564,28.54253578186035,48.25089645385742,89.72469329833984,23.627716064453125,140.70050048828125,0.0,1.648936152458191,4.418491363525391,10.800000190734863,2634.5,3908.0361328125,137.50454711914062,3695.0,3800.0,3865.0,4011.0,4211.0,334775.0
cd1fff5a,8.295939,23,0.01979808695614338,0.04782268777489662,0.0,5.688637429557275e-05,0.003956563537940383,0.01591255282983184,1.7481212615966797,0.22226974368095398,42.96028518676758,-89.42705535888672,-37.06832027435303,0.2335447520017624,39.013235092163086,89.39073181152344,10.708510398864746,29.774614334106445,0.0,2.1030325293540955,5.334817409515381,11.283916473388672,2466.800048828125,3836.81787109375,135.84405517578125,3210.0,3747.0,3806.0,3935.0,4168.0,363556.0
cd39e576,0.0,32,0.038064777851104736,0.05919615924358368,0.0,0.005427927477285266,0.022610630840063095,0.04321467503905296,1.7192163467407227,10.78533935546875,53.490478515625,-89.78297424316406,-44.97371578216553,28.762826919555664,57.167842864990234,87.98780059814453,42.828651428222656,68.92999267578125,0.0,14.343939304351807,24.760493278503418,75.65242385864258,2604.60009765625,3953.58837890625,80.0602798461914,3850.0,3892.0,3953.0,3976.0,4179.16650390625,26688.0
cd68643b,0.5480453,24,0.03882388398051262,0.09408947825431824,0.0,0.0017489040037617087,0.012129874899983406,0.03994547761976719,3.669502019882202,13.378617286682129,38.82112121582031,-89.820068359375,-13.350677967071533,20.41826057434082,42.3460578918457,89.02555084228516,8.896291732788086,53.33953857421875,0.0,1.1618564128875732,2.92380952835083,5.858469247817993,2576.39990234375,3850.750732421875,167.0283203125,3098.166748046875,3747.0,3819.833251953125,3970.0,4191.0,391431.0
cd703872,1.2808074,10,0.026563795283436775,0.08046680688858032,0.0,0.00019396315110498108,0.006374163553118706,0.022176421713083982,3.9124746322631836,-8.62663745880127,37.19707107543945,-89.24125671386719,-35.190866470336914,-13.04030990600586,14.118214130401611,88.30236053466797,38.236637115478516,192.5698699951172,0.0,1.4128377735614777,4.612574577331543,10.102667570114136,2651.800048828125,3966.379150390625,103.85934448242188,3812.0,3870.0,3966.666748046875,4029.0,4190.0,152252.0
cd89d5f1,0.0,37,0.0348467081785202,0.08144097775220871,0.0,0.006760549731552601,0.015509415417909622,0.03252427279949188,4.072917461395264,20.32229995727539,30.622167587280273,-89.55359649658203,3.77844500541687,21.362457275390625,41.52695083618164,89.67701721191406,29.451711654663086,132.81642150878906,0.0,2.2601399421691895,5.382352828979492,13.2890625,2643.666748046875,3867.5712890625,139.4980010986328,3313.0,3759.333251953125,3824.0,3978.416748046875,4184.0,373249.0
cd8f3c61,0.0,40,0.081649050116539,0.20335231721401215,0.0,0.010137544013559818,0.027630850672721863,0.07218711450695992,5.037605285644531,-5.301634311676025,33.81366729736328,-89.61297607421875,-28.463034629821777,-6.735591411590576,15.138550281524658,89.02790832519531,117.20509338378906,387.1443176269531,0.0,2.0,6.310222148895264,19.889549255371094,2644.0,3948.18212890625,145.5382080078125,3747.0,3812.0,3841.0,4087.0,4180.0,123375.0
cda90e9e,16.31803,24,0.04092035070061684,0.10991350561380386,0.0,0.000311331357806921,0.009284631814807653,0.030581448692828417,2.8141462802886963,1.9372315406799316,43.738853454589844,-89.52885437011719,-28.484930992126465,7.274433135986328,35.04618263244629,89.73687744140625,35.92483139038086,183.73782348632812,0.0,1.5123380720615387,4.861373424530029,11.149996042251587,2605.800048828125,3812.494140625,155.19886779785156,3098.166748046875,3724.0,3788.0,3917.0,4175.0,332212.0
ce379a6a,3.1867807,25,0.02656949870288372,0.06586247682571411,0.0,0.001345186319667846,0.006069333525374532,0.024438352324068546,3.29811692237854,-14.327271461486816,39.037593841552734,-89.3976821899414,-44.30035400390625,-14.97326374053955,11.930229425430298,89.8359146118164,16.391483306884766,61.07285690307617,0.0,1.6666666269302368,4.609314918518066,13.20970344543457,2633.39990234375,3861.191162109375,148.07176208496094,3098.166748046875,3753.0,3824.0,3976.0,4181.0,392646.0
ce6eeadf,0.0,33,0.03831760212779045,0.06074441969394684,0.0,0.004436309682205319,0.017442750744521618,0.044088201597332954,2.618574380874634,25.33074378967285,33.099876403808594,-88.81903839111328,2.310718834400177,27.949426651000977,50.64430332183838,89.6246337890625,17.074190139770508,71.54408264160156,0.0,2.0,4.950848579406738,15.462956428527832,2629.0,3960.188232421875,117.00643157958984,3797.0,3845.75,3970.0,4082.0,4172.0,143134.0
cefdb7fe,21.652454,25,0.028184734284877777,0.058456901460886,0.0,0.000329385009536054,0.007977117784321308,0.03021464915946126,3.0069193840026855,-19.347335815429688,38.23579406738281,-89.81966400146484,-47.731032371520996,-20.985487937927246,3.5189878344535828,89.3222885131836,85.45443725585938,314.0840759277344,0.0,3.179343044757843,8.7363600730896,22.0,2648.0,3879.653076171875,156.13877868652344,3098.166748046875,3774.0,3865.0,3994.0,4181.0,319114.0
cf1b9d44,0.0,25,0.06777363270521164,0.15587513148784637,0.0,0.01023225043900311,0.028285772539675236,0.06965360976755619,5.134094715118408,-12.827275276184082,34.29634475708008,-89.80960845947266,-37.15165424346924,-12.092991828918457,9.08208441734314,89.7081298828125,89.4130859375,310.86688232421875,0.0,3.2077253460884094,9.148701190948486,32.0,2642.0,3975.82568359375,94.93901062011719,3806.0,3900.0,3970.416748046875,4061.333251953125,4156.0,140944.0
cfcf9dc9,73.327896,25,0.0377095602452755,0.12537747621536255,0.0,0.00026464302209205925,0.0077787041664123535,0.031723540276288986,5.7394232749938965,-5.68872594833374,34.36333084106445,-89.89714050292969,-21.524885177612305,-3.1036770343780518,15.337212562561035,88.29119873046875,10.059114456176758,50.125526428222656,0.0,0.0,1.9247311353683472,5.0,1978.199951171875,3946.5087890625,197.4661407470703,3214.0,3788.0,4011.0,4105.0,4187.0,98813.0
cfe4cf40,95.71962,11,0.010231001302599907,0.02525932714343071,0.0,0.0005400877998908982,0.0053255436941981316,0.007893725298345089,0.41349297761917114,-12.465479850769043,67.41512298583984,-88.84627532958984,-81.50252723693848,-37.176809310913086,58.303818702697754,86.49081420898438,6.295123100280762,14.67242431640625,0.0,1.0,2.423076868057251,5.172438859939575,282.79998779296875,4052.6337890625,71.71055603027344,3661.0,4000.0,4076.0,4117.0,4154.0,12432.0
d05f5d71,3.708058,24,0.017596937716007233,0.05880920588970184,0.0,0.000516774452989921,0.005018732510507107,0.014275866094976664,3.0978000164031982,-9.72307300567627,35.40293502807617,-89.05073547363281,-35.10497283935547,-15.318341255187988,11.807501792907715,88.86883544921875,15.690032005310059,49.925048828125,0.0,2.7909945249557495,7.205189228057861,15.871652126312256,2599.60009765625,3869.744873046875,147.97996520996094,3098.166748046875,3759.0,3829.0,3982.0,4199.0,382039.0
d08806a2,0.0,43,0.06987236440181732,0.16378356516361237,0.0,0.0075607458129525185,0.02636953629553318,0.07037899643182755,4.871012210845947,-16.1937198638916,27.97715187072754,-89.8642807006836,-34.56068420410156,-16.405941009521484,1.2962158918380737,89.53660583496094,17.613176345825195,44.89097595214844,0.0,2.4814815521240234,8.5,21.41666603088379,2617.199951171875,3922.263671875,117.26734161376953,3695.0,3812.083251953125,3912.0,4011.0,4172.0,239149.0
d0ac4f1c,78.01623,23,0.028632137924432755,0.05316407233476639,0.0,0.001442986773326993,0.013101141899824142,0.035787105560302734,1.9383316040039062,-25.574234008789062,43.905418395996094,-89.9920654296875,-67.19428634643555,-17.33932113647461,5.795509576797485,88.41820526123047,16.707212448120117,41.66572189331055,0.0,3.4249675273895264,10.547660827636719,17.216638565063477,2515.75,3937.7041015625,151.02206420898438,3419.0,3788.0,3912.0,4093.0,4187.0,82759.0
d19e1025,0.0,13,0.062483467161655426,0.12391526997089386,0.0,0.007881218567490578,0.026181908324360847,0.07464104518294334,4.940115928649902,21.61602783203125,27.18767547607422,-87.82199096679688,6.982182502746582,23.34054183959961,38.93472480773926,88.4612808227539,51.404937744140625,185.1529541015625,0.0,3.066666603088379,8.56047534942627,21.33333396911621,2638.199951171875,4051.317626953125,67.53042602539062,3942.333251953125,3988.0,4059.416748046875,4111.0,4175.0,88011.0
d28f0d44,8.781609,24,0.046637192368507385,0.13471490144729614,0.0,0.001654813066124916,0.010408827103674412,0.03319870866835117,5.312740325927734,-5.271035194396973,43.640350341796875,-89.30645751953125,-38.57163429260254,-11.130635261535645,25.36037826538086,89.52832794189453,20.598546981811523,128.7391815185547,0.0,1.5,3.8763952255249023,9.472935199737549,2647.0,3846.6416015625,153.8788299560547,3098.166748046875,3753.0,3824.0,3962.0,4161.0,355151.0
d2d9b474,22.456902,24,0.025305969640612602,0.10667543858289719,0.0,0.0,0.00014293233107309788,0.009709372883662581,3.528458833694458,-19.191911697387695,41.85820007324219,-89.94143676757812,-53.48181438446045,-21.176806449890137,8.185219526290894,89.94171142578125,29.279308319091797,161.94091796875,0.0,2.2704918384552,6.039592027664185,13.800000190734863,2651.60009765625,3805.855224609375,111.1588363647461,3178.0,3737.666748046875,3794.0,3859.0,4186.0,332078.0
d3da09e8,0.0,34,0.03964705392718315,0.06503669172525406,0.0,0.004626684123650193,0.016455115750432014,0.050809948705136776,2.6186487674713135,-15.376191139221191,35.873348236083984,-89.7694091796875,-42.59446716308594,-18.398959159851074,6.438377499580383,89.70140075683594,330.06658935546875,666.9384155273438,0.0,4.825326204299927,17.84053325653076,195.0,2640.75,3917.71875,124.849609375,3741.0,3806.0,3894.0,4017.0,4181.0,239666.0
d445fb74,1.9068336,26,0.029590129852294922,0.08726934343576431,0.0,0.0011232548858970404,0.010070514865219593,0.02936827251687646,4.749892711639404,-9.554683685302734,32.819419860839844,-89.65934753417969,-31.379265308380127,-10.455278873443604,9.054282188415527,89.38237762451172,24.670120239257812,87.2503662109375,0.0,3.696743130683899,9.2991361618042,22.881499767303467,2605.199951171875,3839.868408203125,158.2484893798828,3098.166748046875,3741.0,3807.0,3953.0,4183.0,415614.0
d4d2f272,26.25764,24,0.02544347569346428,0.0533156581223011,0.0,0.0007254425436258316,0.012105945497751236,0.026589399203658104,3.612060308456421,-8.069985389709473,36.92810821533203,-89.554443359375,-31.289165496826172,-8.78190803527832,12.81090259552002,89.15695190429688,7.994953155517578,15.872994422912598,0.0,0.9569694995880127,3.566396951675415,9.458333015441895,566.2000122070312,3887.059326171875,145.23471069335938,3098.166748046875,3788.0,3865.0,3988.0,4160.0,303889.0
d4d9f7f9,2.7049534,20,0.029876435175538063,0.06798477470874786,0.0,0.0010389707749709487,0.009062323719263077,0.02876294869929552,2.714487314224243,-23.327411651611328,35.663055419921875,-89.8575668334961,-49.86788558959961,-24.78692626953125,1.0495312213897705,89.10465240478516,17.927188873291016,39.487667083740234,0.0,3.7992933988571167,9.399999618530273,18.1899356842041,2508.0,3895.3984375,132.61427307128906,3188.0,3782.0,3859.0,3994.0,4186.0,309879.0
d506f4c7,3.5782564,23,0.020175250247120857,0.05071927234530449,0.0,0.00028041700716130435,0.007886115927249193,0.021346598863601685,2.1675238609313965,-9.741486549377441,41.72210693359375,-89.84520721435547,-44.8083610534668,-9.416626930236816,22.092287063598633,89.55377197265625,8.182446479797363,22.643936157226562,0.0,1.4964244067668915,3.2546244859695435,6.683424592018127,2400.0,3866.0400390625,149.0169219970703,3313.0,3759.0,3824.0,3982.0,4193.0,373544.0
d57f6c9e,0.0,4,0.04408405348658562,0.12768568098545074,0.0,0.0015607181703671813,0.011192835867404938,0.03732835128903389,3.995792865753174,-23.10338020324707,34.885276794433594,-89.14239501953125,-53.457611083984375,-25.116863250732422,2.626429319381714,87.63423156738281,13.745997428894043,47.17598342895508,0.0,2.1868512630462646,6.301980018615723,16.696203231811523,2500.25,3774.874755859375,120.03180694580078,3203.5,3730.0,3771.0,3829.0,4096.0,28945.0
d5a8d9b0,72.04411,19,0.015372241847217083,0.04096769914031029,0.0,0.0028276004595682025,0.007535999873653054,0.013739764457568526,1.956695318222046,-11.98775863647461,39.2684211730957,-89.89360809326172,-26.057828903198242,-9.213787078857422,4.058424472808838,87.66291809082031,62.600467681884766,269.7099304199219,0.0,1.75,5.892926931381226,38.31134223937988,2500.0,3884.27587890625,158.25595092773438,3642.0,3730.0,3853.0,3930.5,4181.0,97304.0
d5b089a4,0.0,40,0.0700351893901825,0.1565295308828354,0.0,0.007616731338202953,0.022593872621655464,0.06591388583183289,4.263289451599121,-3.7840476036071777,32.715145111083984,-89.81468963623047,-26.012569427490234,-2.047443389892578,17.086408615112305,89.63455200195312,161.21287536621094,452.8050537109375,0.0,3.6666667461395264,12.271929740905762,46.896982192993164,2639.199951171875,3879.9169921875,137.6461944580078,3642.0,3773.833251953125,3833.0,3988.0,4187.0,320239.0
d5fde276,11.33186,23,0.03686947003006935,0.12373373657464981,0.0,0.00045132756349630654,0.006465916056185961,0.027088526636362076,4.965903282165527,-7.881758213043213,36.486080169677734,-89.84759521484375,-32.78840255737305,-6.760016918182373,15.7761812210083,88.9123306274414,11.43090534210205,44.74854278564453,0.0,1.344098687171936,3.011099338531494,9.734513282775879,2602.0,3845.8173828125,139.77830505371094,3295.0,3736.0,3806.0,3947.0,4175.0,345409.0
d6251195,84.85104,14,0.014644527807831764,0.06825181096792221,0.0,0.0007876491581555456,0.002089031971991062,0.005725512048229575,2.931978225708008,-2.2456603050231934,50.1196174621582,-89.6905288696289,-46.5082893371582,27.716882705688477,40.42230415344238,87.24313354492188,7.932412624359131,36.691219329833984,0.0,2.8212348222732544,5.318575859069824,6.698716640472412,2523.800048828125,3918.125732421875,204.98451232910156,3098.166748046875,3812.0,3976.0,4105.0,4152.0,38951.0
d661ddf7,10.733389,24,0.0292739849537611,0.04818273335695267,0.0,0.0028377697453834116,0.013417234178632498,0.03789920639246702,2.3450489044189453,-12.21204662322998,34.939056396484375,-89.93266296386719,-37.8839693069458,-13.453155517578125,10.336020231246948,89.50051879882812,19.579877853393555,104.48064422607422,0.0,2.182825028896332,4.952956676483154,10.5,2555.25,3861.43212890625,147.3360137939453,3472.0,3741.0,3829.0,3976.0,4175.0,351722.0
d6776176,3.2817628,23,0.05247831717133522,0.13138523697853088,0.0,0.0024161614710465074,0.01655176281929016,0.04898115247488022,4.142580509185791,5.483145236968994,39.89725112915039,-89.7408218383789,-25.811379432678223,6.82868766784668,36.355215072631836,89.38434600830078,13.52834701538086,55.02866744995117,0.0,1.75,4.286956310272217,9.650520324707031,2463.199951171875,3839.314453125,146.33828735351562,3098.166748046875,3740.833251953125,3810.0,3947.0,4161.0,370087.0
d6cca65e,0.49895513,24,0.027146581560373306,0.0738380178809166,0.0,0.0008848488214425743,0.010926644317805767,0.02299676276743412,3.625032901763916,-5.088019371032715,35.89209747314453,-89.5388412475586,-31.71733856201172,-3.904505491256714,19.075592041015625,89.66267395019531,6.287353515625,15.35347843170166,0.0,1.125,2.6666667461395264,6.400000095367432,2483.60009765625,3845.525390625,163.54783630371094,3098.166748046875,3747.0,3818.0,3964.0,4179.0,389509.0
d74e4d7c,4.0388,21,0.024517545476555824,0.062284622341394424,0.0,0.0016392808756791055,0.007377258036285639,0.0214155912399292,3.0367507934570312,-8.252019882202148,40.547645568847656,-89.74964904785156,-39.22444152832031,-9.495192527770996,16.93357753753662,89.5102310180664,49.06767654418945,163.7074737548828,0.0,3.830615282058716,10.029069900512695,27.133810997009277,2643.39990234375,3819.958251953125,130.27093505859375,3097.25,3741.0,3800.0,3917.0,4127.0,333051.0
d77ac332,87.37043,21,0.009640120901167393,0.029499031603336334,0.0,0.0005922770506003872,0.0035168516915291548,0.008845235221087933,1.0395514965057373,-15.209731101989746,59.604801177978516,-89.95610809326172,-85.98214721679688,-13.427319526672363,35.9194278717041,89.06476593017578,8.157764434814453,9.45252513885498,0.0,4.410168528556824,7.085537433624268,8.6803617477417,400.0,3977.7978515625,159.0262451171875,3284.0,3847.0,3957.0,4146.0,4181.0,44152.0
d791703f,0.0,57,0.06511992961168289,0.13297666609287262,0.0,0.009561719838529825,0.023396940901875496,0.06458552367985249,3.4193687438964844,9.946192741394043,36.38533401489258,-89.09744262695312,-9.847893476486206,6.593472242355347,32.197994232177734,89.25960540771484,18.54031753540039,112.7145767211914,0.0,2.0904523730278015,6.052151679992676,11.5,2288.800048828125,4085.24658203125,106.47297668457031,3302.0,4099.0,4105.0,4117.0,4180.0,8626.0
d8037389,52.746845,20,0.03134091570973396,0.07375076413154602,0.0,0.004464800003916025,0.015102223493158817,0.030275072902441025,4.093637943267822,-18.780057907104492,34.05571365356445,-89.37326049804688,-43.457275390625,-20.351577758789062,0.7355526089668274,89.52218627929688,67.75885009765625,267.8167419433594,0.0,3.557692289352417,10.08358383178711,27.917266845703125,2640.39990234375,3851.134521484375,93.10132598876953,3206.0,3788.0,3835.0,3929.0,4083.0,148089.0
d859115e,68.504875,25,0.04277585819363594,0.14978034794330597,0.0,0.0004966408159816638,0.005015015602111816,0.02412419905886054,5.205584526062012,-5.921005725860596,49.1249885559082,-89.83747863769531,-39.58033847808838,-6.495929718017578,17.183241367340088,89.58275604248047,88.0574951171875,331.5141296386719,0.0,0.7248525768518448,3.9276702404022217,12.40223479270935,2646.25,3963.392822265625,191.60960388183594,3208.0,3812.0,4023.0,4106.0,4181.0,118144.0
d87e2d01,0.0,28,0.03059007041156292,0.2062196135520935,0.0,0.0006690541922580451,0.006914453115314245,0.020784243009984493,6.076934814453125,-39.92005157470703,41.05923843383789,-89.789306640625,-75.72726631164551,-51.409236907958984,-10.85600733757019,87.81462860107422,38.52717208862305,117.8335952758789,0.0,21.35094451904297,23.94749641418457,27.725637435913086,2444.0,4067.18212890625,101.29379272460938,3924.333251953125,3941.0,4111.0,4164.0,4178.0,8636.0
d9c82502,21.854153,23,0.047976065427064896,0.13857945799827576,0.0,0.0028862901963293552,0.011464038863778114,0.03897299990057945,4.545390605926514,-0.8086121082305908,39.19413375854492,-89.68397521972656,-27.958263397216797,-1.1892961263656616,27.768232345581055,89.59344482421875,26.92552947998047,119.63209533691406,0.0,2.37343692779541,6.599999904632568,16.23611068725586,2613.800048828125,3881.330810546875,156.3112030029297,3341.0,3747.0,3847.0,4005.0,4193.0,314497.0
da09ed4b,0.0,32,0.043995440006256104,0.08244425058364868,0.0,0.00650875992141664,0.018520226702094078,0.048158640041947365,2.7938013076782227,2.471982479095459,38.238529205322266,-89.6112060546875,-24.15568733215332,3.459688186645508,29.0724515914917,88.72765350341797,29.298072814941406,131.78689575195312,0.0,2.25,6.998612880706787,17.69791316986084,2636.0,3974.751220703125,100.40631866455078,3818.0,3888.0,3964.0,4065.083251953125,4164.0,86919.0
da19c97e,57.534485,25,0.056395597755908966,0.1752953678369522,0.0,3.857245064864401e-05,0.007710965117439628,0.04355879593640566,5.214966297149658,-12.56578254699707,49.43434524536133,-89.84638977050781,-54.5814905166626,-13.368637561798096,23.584869861602783,89.57811737060547,62.304481506347656,264.56787109375,0.0,1.5893393158912659,3.618479013442993,6.8552632331848145,2635.0,3986.7646484375,146.46939086914062,3098.166748046875,3932.5,3994.0,4087.0,4193.0,165438.0
da5a8921,42.111954,22,0.07621753215789795,0.2001369744539261,0.0,0.0012151900446042418,0.01506907120347023,0.06333275139331818,4.788387298583984,8.002018928527832,41.61058044433594,-89.80616760253906,-17.376708984375,11.776846885681152,38.00282287597656,88.83790588378906,51.76301193237305,225.44744873046875,0.0,1.3930256366729736,4.079855442047119,12.865240097045898,2655.800048828125,3880.420654296875,157.01011657714844,3237.0,3753.0,3870.0,4000.0,4175.0,240669.0
dacc2f83,0.0,29,0.060305334627628326,0.1205265000462532,0.0,0.0060675101121887565,0.023034929297864437,0.06889875791966915,4.194175720214844,-16.360254287719727,30.737651824951172,-89.66389465332031,-39.3149528503418,-17.256081581115723,4.7582948207855225,88.94743347167969,53.91776657104492,211.6751251220703,0.0,3.45391583442688,8.399999618530273,24.5,2642.0,3987.183837890625,101.01791381835938,3794.0,3894.0,3988.0,4070.0,4188.0,147284.0
daf3969c,0.0,49,0.037048131227493286,0.051403358578681946,0.0,0.006018839310854673,0.019176391884684563,0.0425109937787056,1.8225330114364624,-1.0995752811431885,40.47772216796875,-89.70748901367188,-29.88884735107422,-2.785024642944336,25.475975036621094,89.4908218383789,21.996923446655273,75.67695617675781,0.0,3.855446696281433,12.00870132446289,19.376551628112793,2579.39990234375,3981.583740234375,137.41416931152344,3785.0,3841.0,3976.0,4132.66650390625,4181.0,67679.0
db23fbe4,22.233742,24,0.03501737117767334,0.12422110140323639,0.0,3.161241602356313e-05,0.004363146843388677,0.019244141411036253,3.6927266120910645,-13.548666954040527,40.97704315185547,-89.88792419433594,-44.99512958526611,-14.22130823135376,14.2973792552948,89.33370971679688,12.432360649108887,86.41619873046875,0.0,0.5,1.1795635223388672,5.326249837875366,2592.199951171875,3865.329345703125,147.09974670410156,3098.166748046875,3782.0,3841.0,3970.0,4175.0,301058.0
db38d1f9,0.0,74,0.07931900024414062,0.17220820486545563,0.0,0.01086239144206047,0.03127614036202431,0.08470980823040009,3.970454692840576,-3.611295223236084,33.420562744140625,-89.92326354980469,-24.237796783447266,-5.765139579772949,15.470593452453613,89.3984375,34.675048828125,153.1741180419922,0.0,1.9202682971954346,5.355963230133057,15.856371879577637,2617.0,4027.734375,79.03336334228516,3348.0,3962.75,4017.0,4087.0,4181.0,95841.0
db3b1dd1,0.0,24,0.048165902495384216,0.17177154123783112,0.0,8.434613664576318e-05,0.006342515582218766,0.03156758192926645,5.568446159362793,-14.257845878601074,33.844112396240234,-88.92631530761719,-38.46764278411865,-13.862618446350098,5.51439642906189,88.63126373291016,71.61373138427734,288.6104431152344,0.0,2.102840840816498,5.372789621353149,14.800000190734863,2650.0,3831.43798828125,158.62986755371094,3098.166748046875,3736.0,3807.0,3953.0,4161.0,390084.0
db746de0,21.600231,21,0.034609485417604446,0.10206830501556396,0.0,0.001466801855713129,0.005235646618530154,0.024137966334819794,2.774506092071533,-8.51423454284668,47.756141662597656,-89.84954833984375,-52.94665241241455,-3.7265723943710327,29.480103969573975,88.84839630126953,23.542760848999023,72.72039031982422,0.0,3.009343385696411,6.795337677001953,32.0,2634.39990234375,3857.163818359375,113.58877563476562,3289.0,3782.0,3835.0,3953.0,4150.0,265322.0
db9eae59,0.91598386,15,0.046010322868824005,0.10843370109796524,0.0,6.227175617823377e-05,0.014607161283493042,0.04275568202137947,3.894951343536377,-14.586994171142578,40.92129135131836,-89.8819351196289,-50.10566711425781,-14.630899429321289,12.313347816467285,88.94454193115234,57.88337326049805,260.7867126464844,0.0,2.2598226070404053,5.408111572265625,12.9375,2639.800048828125,3889.002197265625,168.36660766601562,3097.416748046875,3771.0,3888.0,4023.0,4175.0,233473.0
dc33dcef,0.21183449,26,0.03411067649722099,0.09857946634292603,0.0,0.00043702524271793664,0.007808343973010778,0.02667236328125,4.334121227264404,-12.513099670410156,33.771873474121094,-89.70033264160156,-36.791229248046875,-11.644024848937988,9.932827949523926,89.57649230957031,30.480106353759766,118.78160858154297,0.0,4.298429489135742,10.44444465637207,24.02941131591797,2635.199951171875,3851.47705078125,166.994140625,3098.166748046875,3747.0,3818.0,3972.166748046875,4193.0,423781.0
dcfcd574,10.902512,24,0.033554550260305405,0.08160042017698288,0.0,0.0026936386129818857,0.014334660023450851,0.0351013895124197,4.435700416564941,1.310354471206665,41.187747955322266,-89.72483825683594,-29.320863723754883,0.5891861319541931,34.91934108734131,89.12073516845703,28.34340476989746,138.6082763671875,0.0,1.9781829714775085,6.713736057281494,18.0,2635.25,3800.399658203125,141.5948486328125,3098.166748046875,3724.0,3788.333251953125,3888.0,4166.0,342462.0
dd689eb0,0.0,17,0.06145060807466507,0.1123611330986023,0.0,0.008523755008354783,0.025678358040750027,0.06850775890052319,2.304332971572876,-18.17831802368164,33.58835983276367,-89.09100341796875,-42.732540130615234,-20.569788932800293,3.7205535769462585,86.22014617919922,63.477081298828125,213.9945831298828,0.0,1.72174870967865,4.837323904037476,31.0,2534.5,3979.154296875,159.1946563720703,3774.25,3788.0,4093.0,4105.0,4161.0,24122.0
dd747bba,4.59614,23,0.05792321637272835,0.17140670120716095,0.0,0.0009578141471138224,0.016115374863147736,0.04337712470442057,4.835141658782959,-6.938322067260742,40.62161636352539,-89.50062561035156,-37.03437614440918,-10.17862844467163,17.560766220092773,89.2250747680664,37.66341781616211,133.04849243164062,0.0,4.361362338066101,10.641329765319824,22.124309539794922,2628.25,3840.525634765625,161.67465209960938,3098.166748046875,3747.0,3812.0,3953.0,4170.0,362066.0
de3750cc,34.37951,23,0.04910293594002724,0.10973487049341202,0.0,0.0014871923485770822,0.011186910793185234,0.043665267527103424,3.9960782527923584,-8.213947296142578,45.25248718261719,-89.87824249267578,-39.64432907104492,-10.528257369995117,21.073726654052734,89.65909576416016,28.149646759033203,127.77946472167969,0.0,2.681907892227173,7.403724670410156,18.0,2633.25,3912.670166015625,133.34500122070312,3454.0,3806.0,3900.0,4017.0,4173.0,250369.0
de3ecca9,3.2422762,20,0.04383646696805954,0.1286090761423111,0.0,0.00035744319757213816,0.00742384186014533,0.02934057405218482,4.391237258911133,-9.115662574768066,36.73897171020508,-89.44737243652344,-37.24074459075928,-6.441072940826416,15.28589129447937,88.92837524414062,45.42411804199219,222.90774536132812,0.0,2.0614911913871765,5.188208341598511,12.486583948135376,2644.666748046875,3803.077392578125,135.32896423339844,3098.166748046875,3736.0,3800.0,3894.0,4066.0,310840.0
de742c5c,58.42692,19,0.020785365253686905,0.042387571185827255,0.0,0.00025900721084326506,0.004612495889887214,0.019363997969776392,1.3088418245315552,1.0395407676696777,46.53093338012695,-89.851318359375,-36.622793197631836,-3.019745111465454,41.85683059692383,89.4085922241211,7.497371673583984,11.169424057006836,0.0,2.0,3.5465008020401,11.013079404830933,518.0,3935.596435546875,153.81915283203125,3249.0,3847.0,3947.0,4070.0,4170.0,160454.0
de91310c,97.280334,10,0.020111478865146637,0.036419425159692764,0.0,0.0016887217061594129,0.009415075182914734,0.021259491331875324,0.5368018746376038,-20.651514053344727,45.46648025512695,-89.948486328125,-54.255249977111816,-24.444339752197266,10.510355710983276,85.11249542236328,36.628475189208984,80.71017456054688,0.0,3.0,3.959158420562744,30.326807498931885,807.2000122070312,4108.7568359375,150.3546142578125,3321.0,4141.0,4146.0,4158.0,4164.0,7934.0
df4ab9b1,16.26234,21,0.02119486592710018,0.04977437108755112,0.0,0.0014341992209665477,0.010300062596797943,0.023791072890162468,3.177802801132202,-5.1396074295043945,38.45038986206055,-89.37577056884766,-34.23798370361328,-6.40970253944397,21.76430034637451,89.23412322998047,54.824989318847656,85.08777618408203,0.0,6.539618253707886,28.761568069458008,80.14901733398438,2276.0,3911.808837890625,122.87689208984375,3688.0,3806.0,3876.0,4005.4375610351562,4177.0,300588.0
df556fd2,17.96488,24,0.029175691306591034,0.06047268584370613,0.0,0.0003626215548138134,0.006987651577219367,0.030561996158212423,2.101762294769287,-22.034849166870117,42.17692184448242,-89.67839813232422,-50.5259895324707,-29.1631441116333,-1.0191678702831268,89.60424041748047,15.390296936035156,32.36646270751953,0.0,2.0,5.8060925006866455,16.80551242828369,2527.5,3822.9384765625,154.81112670898438,3098.166748046875,3732.416748046875,3800.0,3933.5,4174.0,325096.0
df98fbb4,20.816177,24,0.022054431959986687,0.05809783190488815,0.0,0.0001243984661414288,0.004672699142247438,0.01747041754424572,2.6692593097686768,-24.84607696533203,41.51040267944336,-89.80005645751953,-58.6568603515625,-27.892824172973633,-0.8285665810108185,89.5079345703125,77.49024963378906,238.5736083984375,0.0,3.6447564363479614,16.7374324798584,54.98587989807129,2635.5,3832.253662109375,162.56732177734375,3098.166748046875,3753.0,3806.0,3917.0,4187.0,307427.0
e0283d3d,0.0,23,0.04734114184975624,0.09756118804216385,0.0,0.0016551832668483257,0.01813303679227829,0.056951078586280346,3.683619737625122,-17.6386661529541,33.800968170166016,-89.37824249267578,-42.602643966674805,-20.4666690826416,1.1437688171863556,89.03374481201172,115.92559051513672,394.6898193359375,0.0,2.8815475702285767,7.5,21.664485931396484,2646.5,3847.729736328125,162.7132568359375,3098.166748046875,3747.0,3818.0,3964.0,4189.0,376896.0
e0655da2,0.0,37,0.07920507341623306,0.17918546497821808,0.0,0.008277162443846464,0.025742903351783752,0.07638299465179443,4.809666156768799,21.791425704956055,34.83974075317383,-89.48185729980469,-0.23266290128231049,24.55936050415039,48.0790958404541,89.43982696533203,12.836703300476074,54.20813751220703,0.0,1.991864800453186,4.480739593505859,9.325239658355713,2622.199951171875,3889.2626953125,122.6678466796875,3677.583251953125,3785.5,3853.0,3983.666748046875,4161.0,244843.0
e072b994,21.665363,25,0.03793719783425331,0.1067352443933487,0.0,0.0001953599821717944,0.007262964034453034,0.027619929052889347,3.5413742065429688,-15.020827293395996,37.937461853027344,-89.58911895751953,-42.34636974334717,-15.81252670288086,9.099897861480713,87.7948226928711,11.115764617919922,44.46731948852539,0.0,1.7787167727947235,4.843770742416382,10.221461772918701,2645.333251953125,3893.67919921875,134.8492889404297,3290.0,3788.0,3865.0,3994.0,4180.0,326614.0
e0869709,0.0,15,0.10878215730190277,0.20212867856025696,0.0,0.01753240078687668,0.03870769590139389,0.12345084920525551,4.059121608734131,-3.6130142211914062,37.39535140991211,-89.3814926147461,-21.948694229125977,3.262085199356079,19.440017700195312,89.26383972167969,184.98837280273438,445.5716857910156,0.0,2.25,5.738920211791992,54.83442497253418,2626.0,4094.840576171875,69.17362976074219,3882.0,4111.0,4117.0,4123.0,4151.0,8183.0
e0ad6550,27.758417,23,0.029444871470332146,0.08346947282552719,0.0,0.0006743466947227716,0.008046919479966164,0.026265373453497887,3.4822843074798584,-18.758190155029297,43.778961181640625,-89.8497543334961,-49.012535095214844,-22.913259506225586,6.151884078979492,89.81651306152344,10.679533004760742,11.139540672302246,0.0,3.56573486328125,7.802980422973633,13.86544418334961,173.8000030517578,3852.395751953125,179.16065979003906,3098.166748046875,3724.0,3835.0,3980.333251953125,4170.0,268905.0
e0db55b1,83.64292,21,0.010175272822380066,0.01894020102918148,0.0,0.0,0.006120617734268308,0.01649237610399723,1.4449366331100464,27.860151290893555,60.83805847167969,-89.90638732910156,-24.097503185272217,67.86803817749023,77.19417953491211,88.74524688720703,6.220729351043701,13.778629302978516,0.0,1.3150613903999329,3.0,7.2522172927856445,650.7999877929688,3823.4599609375,160.47344970703125,3683.0,3730.0,3765.0,3782.0,4193.0,56854.0
e1958a83,0.0,14,0.06091054901480675,0.1180136427283287,0.0,0.016138882376253605,0.03246692568063736,0.06090161390602589,2.7037508487701416,-0.3732900619506836,35.071807861328125,-89.68099212646484,-23.480804443359375,-3.195012331008911,27.162863731384277,88.23070526123047,42.425498962402344,172.38812255859375,0.0,4.243295669555664,10.5,31.4891300201416,2628.333251953125,4118.9873046875,61.618675231933594,3782.0,4111.0,4129.0,4146.0,4181.0,25611.0
e1a4575f,0.6223272,23,0.053567785769701004,0.1433892697095871,0.0,0.00026501416868995875,0.012613750994205475,0.044290170073509216,4.284632205963135,-2.856372594833374,34.72875213623047,-89.23936462402344,-27.89082145690918,1.303712010383606,19.592870712280273,89.02596282958984,100.31867980957031,343.43560791015625,0.0,3.25,10.0,25.0,2635.5,3836.583251953125,159.48825073242188,3098.166748046875,3741.0,3806.0,3953.0,4164.0,373131.0
e1ccc3d1,0.0,21,0.08374351263046265,0.16063030064105988,0.0,0.011064976919442415,0.03985453024506569,0.09579039365053177,4.356523513793945,-14.982959747314453,29.023115158081055,-89.50713348388672,-34.33236885070801,-14.945045471191406,0.9736689627170563,89.32843017578125,195.06141662597656,502.1043395996094,0.0,3.1814016103744507,11.433172225952148,49.79999923706055,2645.199951171875,3946.86279296875,126.23798370361328,3704.0,3841.0,3941.0,4064.0,4181.0,192907.0
e1e02e28,0.0,65,0.07298865914344788,0.1547190248966217,0.0,0.013393065426498652,0.03344695456326008,0.06403210200369358,3.9863357543945312,-19.928163528442383,28.96453285217285,-89.78215026855469,-38.36809539794922,-19.637407302856445,-2.61223042011261,86.3117904663086,17.094100952148438,40.27970886230469,0.0,2.0275866985321045,5.436640024185181,18.709883213043213,1821.199951171875,4104.6767578125,61.57020568847656,3344.0,4082.0,4111.0,4137.0,4175.0,49378.0
e1ea8dd7,0.0,17,0.02737637422978878,0.0363263301551342,0.0,0.0023646214976906776,0.01623932458460331,0.03409446030855179,0.24861052632331848,3.965059280395508,39.90450668334961,-89.57685089111328,-8.869666576385498,7.120333194732666,26.26620388031006,76.60282897949219,20.478126525878906,80.25108337402344,0.0,5.343095779418945,5.346288204193115,21.497394561767578,1070.5999755859375,3901.4697265625,181.96224975585938,3754.0,3759.0,3759.0,4146.0,4152.0,927.0
e21255e2,67.121124,24,0.015074161812663078,0.06710628420114517,0.0,0.0,0.0013440668117254972,0.014826053753495216,4.051751613616943,-17.886159896850586,60.549957275390625,-89.87071228027344,-73.1121711730957,-29.89148712158203,18.59374713897705,89.85546112060547,43.38021469116211,154.4210662841797,0.0,6.0,12.283973693847656,44.0,2641.25,3882.3466796875,158.39622497558594,3098.166748046875,3788.0,3829.0,4023.0,4190.0,123319.0
e23a8a0a,0.17708038,25,0.0398339182138443,0.11607026308774948,0.0,0.000357739525497891,0.012366864364594221,0.0374751603230834,4.879070281982422,-16.71933364868164,34.704830169677734,-89.36588287353516,-42.54798221588135,-17.87639808654785,5.0524725914001465,89.70500183105469,19.003366470336914,71.90609741210938,0.0,3.799999952316284,8.430540084838867,17.465060234069824,2601.800048828125,3848.13720703125,164.47735595703125,3098.166748046875,3747.0,3813.333251953125,3967.916748046875,4187.0,405696.0
e243119c,0.0,32,0.09823968261480331,0.2088118940591812,0.0,0.010576575994491577,0.03079870343208313,0.09227196872234344,4.6648077964782715,-8.748377799987793,29.880813598632812,-89.83124542236328,-28.11157989501953,-8.27591323852539,8.422760963439941,89.43122863769531,237.09152221679688,557.0291748046875,0.0,4.840277671813965,15.666666984558105,72.75885772705078,2637.0,3945.436767578125,128.06495666503906,3778.0,3812.0,3935.0,4058.0,4193.0,221257.0
e28c0bfa,10.243656,21,0.027882279828190804,0.09621042758226395,0.0,2.333164229639806e-05,0.006845544092357159,0.023869317024946213,3.778087854385376,-10.779280662536621,41.590206146240234,-89.52098083496094,-42.80132293701172,-14.397151947021484,13.60106372833252,89.18608093261719,32.29178237915039,139.9867401123047,0.0,3.3333332538604736,9.748555183410645,30.098833084106445,2640.60009765625,3906.4970703125,131.4139862060547,3695.0,3794.0,3870.0,4005.0,4195.0,312573.0
e315fdd7,29.623175,23,0.028987696394324303,0.06958870589733124,0.0,0.00045386522106127813,0.007820963859558105,0.026584642007946968,2.9883244037628174,-4.77463436126709,39.179100036621094,-89.65448760986328,-29.878063201904297,-1.3361481428146362,20.697964191436768,89.38200378417969,50.673004150390625,218.8917999267578,0.0,3.0,7.5,16.75,2599.0,3887.0888671875,155.9293212890625,3259.0,3777.0,3871.666748046875,4005.0,4176.0,268772.0
e328a032,21.235826,23,0.04631822556257248,0.13409166038036346,0.0,0.0005318515613907948,0.0101092797704041,0.03442602977156639,4.155066013336182,-27.161052703857422,36.9729118347168,-89.69510650634766,-55.25949573516846,-27.853525161743164,-1.366738736629486,89.14031219482422,17.583141326904297,75.38591003417969,0.0,1.3051613867282867,3.4677419662475586,12.0,2525.800048828125,3817.303466796875,139.45315551757812,3098.166748046875,3731.333251953125,3788.0,3865.0,4161.0,295206.0
e37d000b,2.616217,21,0.05219263583421707,0.13802343606948853,0.0,0.002330170478671789,0.019983959384262562,0.04147916939109564,3.4511539936065674,-17.49443817138672,32.33182144165039,-89.62574005126953,-42.078124046325684,-17.345824241638184,5.59682834148407,89.4235610961914,113.43158721923828,436.2152404785156,0.0,3.1666667461395264,8.672545909881592,23.27214765548706,2647.0,3829.197509765625,158.88246154785156,3196.0,3724.0,3806.0,3950.0,4161.0,344502.0
e3bce7e1,37.895893,23,0.022708144038915634,0.05994555354118347,0.0,0.0003269875087426044,0.0052439989522099495,0.01843790989369154,2.9652554988861084,-15.01197338104248,41.52472686767578,-89.83499908447266,-47.0757474899292,-19.801323890686035,10.39867877960205,89.20235443115234,57.26435089111328,250.78948974609375,0.0,3.558948040008545,8.107084274291992,21.63731288909912,2642.5,3931.116455078125,130.26174926757812,3330.333251953125,3812.0,3927.0,4041.0,4190.0,236432.0
e3f71f7a,0.2775465,24,0.024324806407094002,0.04424700886011124,0.0,0.0,0.0059961280785501,0.030220970511436462,2.3778576850891113,-13.205016136169434,39.81262969970703,-89.56070709228516,-44.04353332519531,-14.113298416137695,10.91120719909668,88.97282409667969,32.116214752197266,160.6295623779297,0.0,3.4765703678131104,7.794360160827637,18.366756439208984,2637.60009765625,3846.65478515625,166.71795654296875,3098.166748046875,3741.0,3812.0,3970.0,4181.0,387865.0
e40319d7,0.0,16,0.060312990099191666,0.12035363167524338,0.0,0.007997264619916677,0.024156149476766586,0.07138895057141781,4.17410945892334,-11.882081985473633,33.08545684814453,-89.55818176269531,-35.67103099822998,-11.816226482391357,9.368449449539185,89.4647445678711,77.88044738769531,296.43304443359375,0.0,3.084425151348114,7.055928468704224,21.799999237060547,2620.800048828125,3868.74755859375,133.40846252441406,3501.0,3777.0,3832.666748046875,3950.0,6000.0,148486.0
e4614ec6,18.360987,26,0.04529233276844025,0.10866507142782211,0.0,0.0026363428914919496,0.014914451166987419,0.042691608890891075,3.446533203125,-7.556301593780518,45.965660095214844,-89.5683822631836,-43.141225814819336,-12.977362632751465,26.444924354553223,89.83648681640625,16.646072387695312,41.01369094848633,0.0,3.1574615240097046,8.342419624328613,19.986145973205566,2327.60009765625,3864.073486328125,174.766845703125,3098.166748046875,3771.0,3853.0,3990.833251953125,4181.0,344115.0
e46417a7,0.0,67,0.08652189373970032,0.15992335975170135,0.0,0.016647016629576683,0.04188486188650131,0.09363169223070145,5.710727691650391,-3.8869147300720215,31.223876953125,-89.81024932861328,-22.387393951416016,-2.4981205463409424,14.497735023498535,89.46846008300781,69.5362548828125,258.0411071777344,0.0,2.99416184425354,9.692753791809082,26.725173950195312,2620.0,3922.245849609375,134.76980590820312,3161.0,3812.0,3912.0,4029.0,4189.0,216437.0
e4762a2b,0.0,3,0.10033027827739716,0.21934542059898376,0.0,0.013758678920567036,0.034342192113399506,0.09236702881753445,3.080075740814209,-7.241419315338135,34.89830017089844,-88.8251953125,-33.365800857543945,-7.914461612701416,14.360863447189331,88.16497039794922,145.33102416992188,423.0954895019531,0.0,2.3333332538604736,8.399999618530273,33.66666793823242,2638.75,4163.57470703125,18.800636291503906,4134.0,4146.0,4164.0,4181.0,4199.0,15218.0
e4ab3b12,8.609445,25,0.06978566944599152,0.24475862085819244,0.0,0.0003093273480772041,0.007042387034744024,0.03777842689305544,5.181448459625244,-2.8594443798065186,38.97838592529297,-89.7520523071289,-30.674312591552734,-1.991776168346405,22.631742477416992,89.35530090332031,10.389052391052246,18.73993682861328,0.0,2.0,4.505894660949707,10.800000190734863,1313.5,3881.097900390625,153.08090209960938,3098.166748046875,3777.0,3841.0,3994.0,4199.0,375460.0
e4b47411,63.68311,24,0.05033072829246521,0.16019727289676666,0.0,0.0013713874504901469,0.008618363179266453,0.03389766253530979,4.413186550140381,-6.493302345275879,53.924137115478516,-89.84822845458984,-58.89498519897461,2.3256092071533203,30.2102108001709,89.65120697021484,72.13500213623047,280.0719909667969,0.0,1.427997648715973,6.0,13.681175708770752,2654.0,3860.564697265625,177.63168334960938,3098.166748046875,3771.0,3847.0,3964.0,4169.0,132943.0
e4d396d7,5.8126154,23,0.05153951048851013,0.16426299512386322,0.0,0.0003986104275099933,0.00825507938861847,0.03622448444366455,5.255212306976318,-10.240782737731934,34.08418655395508,-89.70699310302734,-35.597747802734375,-11.421334266662598,8.3126220703125,88.92371368408203,15.50023365020752,39.91789245605469,0.0,1.9837499856948853,5.116407871246338,11.981422424316406,2528.0,3861.013427734375,148.11181640625,3401.0,3747.0,3818.0,3982.0,4187.0,368345.0
e4e58096,12.912613,25,0.02560807764530182,0.06309021264314651,0.0,0.0007267542532645166,0.013643060345202684,0.02756501827389002,4.108158111572266,-4.717524528503418,41.07398223876953,-89.9482650756836,-34.6526575088501,-6.9513068199157715,21.37134885787964,89.73567962646484,13.916028022766113,59.91651153564453,0.0,1.865462988615036,5.477949380874634,12.75,2606.5,3872.220703125,145.7203369140625,3225.0,3762.666748046875,3835.0,3976.0,4187.0,357804.0
e51193d1,0.0,31,0.062035832554101944,0.17566417157649994,0.0,0.005026714177802205,0.01599329337477684,0.049700791016221046,4.373631954193115,-9.077133178710938,31.293167114257812,-89.7689437866211,-30.52496862411499,-9.368528842926025,11.125974416732788,88.64280700683594,29.764577865600586,140.79006958007812,0.0,2.863356292247772,7.5,20.07790756225586,2613.75,3935.916748046875,106.90098571777344,3753.0,3835.0,3929.0,4023.0,4166.0,182392.0
e5349ce2,0.0,38,0.07260225713253021,0.1496620625257492,0.0,0.011173374950885773,0.03120465762913227,0.07414474338293076,4.028522968292236,-23.45526123046875,30.948974609375,-89.45269775390625,-44.88482666015625,-24.968189239501953,-5.781375885009766,89.13207244873047,21.554128646850586,87.99801635742188,0.0,2.08695650100708,5.8275861740112305,17.34895896911621,2593.25,3865.952392578125,136.29652404785156,3137.0,3763.916748046875,3827.666748046875,3976.0,4179.0,322773.0
e63000c5,0.0,43,0.08163780719041824,0.18833860754966736,0.0,0.012935838662087917,0.03351990878582001,0.0775427296757698,4.796735763549805,-2.9156320095062256,35.046791076660156,-89.68698120117188,-26.289268493652344,-2.141885757446289,18.785364151000977,89.64010620117188,22.021759033203125,105.39253234863281,0.0,1.8064593076705933,4.807692527770996,13.266666412353516,2610.39990234375,3900.097412109375,118.48914337158203,3731.0,3794.0,3847.0,3994.0,4162.0,231541.0
e683d2c9,0.0,3,0.054401930421590805,0.16667522490024567,0.0,0.000998440315015614,0.01746110338717699,0.03746320307254791,5.87468147277832,-9.882383346557617,42.74629211425781,-87.991455078125,-43.96745014190674,-13.639776706695557,19.790700435638428,89.348388671875,14.669590950012207,72.67459106445312,0.0,1.0,2.0450140237808228,9.25,2453.0,3782.005126953125,161.83648681640625,3095.75,3700.0,3781.0,3888.0,4155.0,24780.0
e7401605,20.043873,25,0.03968578204512596,0.10852766036987305,0.0,0.0009744349954416975,0.008418424054980278,0.031248158309608698,3.3631856441497803,3.9150211811065674,42.32987976074219,-89.779296875,-22.773066520690918,2.360178232192993,32.17634201049805,89.40926361083984,32.311370849609375,163.6861572265625,0.0,1.8690568506717682,4.75,12.0,2646.5,3880.69775390625,145.25827026367188,3329.0,3777.0,3853.0,3988.0,4170.0,325462.0
e754411f,3.0544627,21,0.03529547527432442,0.10317163914442062,0.0,0.0007498579361708835,0.009866987355053425,0.02638758486136794,2.5873098373413086,7.342846870422363,35.40262222290039,-89.51622009277344,-15.24339747428894,7.722919225692749,32.622148513793945,89.62889099121094,109.73095703125,358.7027587890625,0.0,5.424798488616943,13.285640716552734,29.528761386871338,2635.25,3841.28466796875,174.18238830566406,3098.166748046875,3730.0,3800.0,3976.0,4175.0,334562.0
e76ad778,23.052557,24,0.03233052417635918,0.05685632303357124,0.0,0.0018662228249013424,0.01405350398272276,0.039321851916611195,4.267992973327637,-11.32452392578125,34.730674743652344,-89.82988739013672,-37.13230514526367,-11.53047800064087,7.639346241950989,89.27694702148438,84.630126953125,322.55218505859375,0.0,2.637471854686737,9.011616706848145,32.35920333862305,2641.800048828125,3852.404052734375,183.82376098632812,3098.166748046875,3747.0,3800.0,4005.0,4179.0,311610.0
e7d08824,0.0,27,0.04119115322828293,0.059684623032808304,0.0,0.00788324256427586,0.021442430093884468,0.053100391291081905,2.41153621673584,-9.335291862487793,35.6147575378418,-89.94415283203125,-33.83280086517334,-7.4612717628479,12.891635179519653,89.32318878173828,24.046852111816406,110.98129272460938,0.0,1.919666439294815,3.787898540496826,15.060340642929077,2573.39990234375,4002.2158203125,119.97599029541016,3835.0,3888.0,3982.0,4123.0,4171.0,54656.0
e88aa867,72.15539,23,0.01561939436942339,0.034725483506917953,0.0,0.0015129637031350285,0.009475769940763712,0.018991871271282434,2.9189884662628174,-8.201620101928711,42.69827651977539,-89.5616683959961,-31.582132816314697,0.34568898379802704,1.7808599472045898,89.9031982421875,5.684598922729492,15.768289566040039,0.0,2.75,2.75,7.349588394165039,1571.5999755859375,3883.760498046875,148.21092224121094,3384.0,3779.833251953125,3829.0,3988.0,4174.0,103040.0
e892aec6,0.0,38,0.06854373216629028,0.1433514654636383,0.0,0.008570312289521098,0.02639713604003191,0.06552604772150517,4.314943313598633,-13.447531700134277,29.744657516479492,-89.85710144042969,-34.08884811401367,-13.831404685974121,4.202919244766235,89.44918823242188,34.721580505371094,166.31668090820312,0.0,2.305454969406128,6.5,17.61827850341797,2632.39990234375,3891.1826171875,126.65498352050781,3697.166748046875,3788.0,3847.0,3994.0,4182.0,303036.0
e8b64419,17.71887,23,0.042143382132053375,0.11423543840646744,0.0,0.001522134116385132,0.011779251508414745,0.03559336066246033,5.503283500671387,-3.3830368518829346,41.6833610534668,-89.78181457519531,-30.214603424072266,-5.2883195877075195,22.579450607299805,89.10559844970703,82.6082534790039,299.45660400390625,0.0,3.571199059486389,8.485658645629883,25.0,2615.60009765625,3875.000732421875,159.33322143554688,3325.0,3782.0,3847.0,3988.0,4191.0,331275.0
e8e82627,9.6489525,22,0.05089534819126129,0.14838120341300964,0.0,0.0012055347324348986,0.011221450753509998,0.03283040877431631,3.563525438308716,9.846184730529785,43.80242919921875,-89.89391326904297,-19.956407070159912,13.325374603271484,42.0653657913208,89.81558227539062,26.656858444213867,84.53333282470703,0.0,2.2672924399375916,6.016280174255371,19.133333206176758,2586.0,3831.6982421875,157.09762573242188,3098.166748046875,3741.0,3806.0,3941.0,4166.0,332190.0
e9ca5586,21.420435,25,0.03646644949913025,0.09716857969760895,0.0,0.0004629214672604576,0.008775499649345875,0.029622024856507778,2.5973384380340576,5.832452297210693,42.06731414794922,-89.63054656982422,-23.95534324645996,6.098576545715332,38.86348533630371,89.42434692382812,17.051862716674805,61.73918533325195,0.0,1.8281954526901245,5.46875,14.083070755004883,2621.39990234375,3864.718505859375,170.3529510498047,3098.166748046875,3741.0,3825.916748046875,4000.0,4193.0,319495.0
e9d94c4e,1.2729064,23,0.06772518903017044,0.2091246098279953,0.0,0.0007099930517142639,0.014851913321763277,0.04275638237595558,5.249479293823242,-12.448386192321777,38.16290283203125,-89.81114196777344,-40.71247863769531,-13.20607852935791,11.475184917449951,89.40982818603516,111.68453216552734,345.531982421875,0.0,2.164570391178131,5.109513998031616,35.569396018981934,2638.75,3850.244140625,158.31617736816406,3183.0,3747.0,3818.0,3970.0,4177.0,385120.0
ea4619ec,8.39517,23,0.040107619017362595,0.1123242899775505,0.0,0.0011721799382939935,0.010246708989143372,0.03444576822221279,4.136219501495361,-15.819327354431152,40.34044647216797,-89.6844253540039,-47.74665641784668,-21.165786743164062,6.0835652351379395,89.38495635986328,77.67017364501953,285.1160888671875,0.0,1.7841026782989502,6.0,26.25,2640.199951171875,3863.4912109375,168.98709106445312,3098.166748046875,3765.0,3829.0,3982.0,4199.0,349071.0
ea544af3,41.513725,19,0.018053729087114334,0.04490426927804947,0.0,1.3822714436173555e-05,0.003289539599791169,0.016171579249203205,2.065886974334717,-18.27005958557129,43.12615203857422,-89.87804412841797,-52.795366287231445,-21.742335319519043,9.240041494369507,89.85045623779297,33.510467529296875,74.88433837890625,0.0,4.9285712242126465,11.158964157104492,24.5,2593.5,3876.73681640625,155.92311096191406,3378.0,3736.0,3791.416748046875,4015.833251953125,4173.0,225764.0
ea7277b4,13.131897,24,0.03510042652487755,0.10664011538028717,0.0,6.466706508945208e-06,0.003634875873103738,0.02730055619031191,4.386214733123779,-10.762083053588867,34.34602737426758,-89.74287414550781,-35.24730396270752,-10.344159126281738,11.495238542556763,88.6996078491211,25.32978057861328,117.9271011352539,0.0,2.6875650882720947,6.148062229156494,16.00649070739746,2634.199951171875,3865.748046875,146.6039276123047,3098.166748046875,3770.833251953125,3824.0,3970.0,4187.0,339702.0
ea7adcd6,0.0,36,0.02442474290728569,0.043631501495838165,0.0,0.006401193328201771,0.012522928416728973,0.025157042779028416,2.5608115196228027,-13.837911605834961,27.818580627441406,-89.73719787597656,-32.671180725097656,-14.353774070739746,3.2313787937164307,89.62985229492188,10.228232383728027,37.38242721557617,0.0,1.257788896560669,3.4795918464660645,9.11747121810913,2596.39990234375,3845.05419921875,145.8589630126953,3249.0,3736.0,3806.0,3958.0,4170.0,366483.0
eaab7a96,4.650835,21,0.030344735831022263,0.09908001869916916,0.0,0.0004046610847581178,0.006127649452537298,0.02188332937657833,3.9669055938720703,-6.688009738922119,41.181724548339844,-89.65458679199219,-36.649959564208984,-13.400012969970703,15.455477714538574,89.08032989501953,58.18345642089844,211.72715759277344,0.0,3.865004062652588,9.513978958129883,26.543807983398438,2628.199951171875,3825.7197265625,166.1586456298828,3098.166748046875,3724.0,3813.0,3947.0,4146.0,323849.0
eb93a46a,0.0,29,0.06648124009370804,0.14453616738319397,0.0,0.007929444313049316,0.024926666170358658,0.07072954624891281,4.267214775085449,-5.681556701660156,31.697744369506836,-89.7221908569336,-27.389816284179688,-5.743831157684326,14.379289150238037,88.92878723144531,137.98338317871094,439.5407409667969,0.0,2.722222328186035,8.395000457763672,31.407207489013672,2641.199951171875,3921.177001953125,114.16854095458984,3771.0,3810.916748046875,3912.0,4002.416748046875,4164.0,201419.0
ebd6f819,0.0,22,0.06690724939107895,0.14922165870666504,0.0,0.00827476056292653,0.02693362534046173,0.07083972916007042,5.062945365905762,-17.487136840820312,29.62760353088379,-89.50390625,-37.5070743560791,-18.401735305786133,1.096303105354309,89.45590209960938,46.82622146606445,235.5356903076172,0.0,1.8813756108283997,5.622012615203857,18.0,2657.5,3904.65087890625,141.2355499267578,3442.0,3779.166748046875,3865.0,4022.0833740234375,4175.0,168955.0
ebf2b0c9,43.78938,25,0.039372656494379044,0.08077637851238251,0.0,0.0024172153789550066,0.014916747808456421,0.042909277603030205,3.106619119644165,-2.468477249145508,52.133548736572266,-89.92298126220703,-39.28741264343262,-2.658946990966797,38.68762493133545,89.80834197998047,54.7705078125,232.47610473632812,0.0,2.227333903312683,5.300000190734863,16.33333396911621,2640.39990234375,3841.66162109375,146.60641479492188,3284.0,3753.0,3806.0,3923.0,4181.0,227716.0
ebf30e46,0.0,49,0.07731454074382782,0.16644518077373505,0.0,0.014411118114367127,0.03086062427610159,0.0692939106374979,4.493381500244141,-9.908761024475098,33.07001876831055,-89.85332489013672,-32.76555252075195,-9.3214111328125,9.128294944763184,89.35653686523438,110.9437255859375,389.43182373046875,0.0,1.4672999680042267,4.164975643157959,20.908464908599854,2663.25,3960.571044921875,134.12576293945312,3736.083251953125,3798.7291870117188,3994.0,4071.833251953125,4192.0,93148.0
ec13a1b9,0.0,40,0.08008739352226257,0.1462087333202362,0.0,0.019011029973626137,0.03896418958902359,0.08318330906331539,3.7807517051696777,-17.566843032836914,33.53534698486328,-90.0,-39.671210289001465,-16.462873458862305,0.24810273200273514,89.3519058227539,96.53803253173828,308.5377197265625,0.0,3.1785714626312256,11.825567245483398,28.0,2634.60009765625,4044.69287109375,116.98992156982422,3788.0,3986.0,4111.0,4145.0,4186.0,50722.0
ec6b57b4,0.73313785,7,0.03578031808137894,0.09005382657051086,0.0,0.0007322374731302261,0.00712743541225791,0.03196154907345772,3.0281641483306885,-14.482284545898438,38.67301940917969,-89.72399139404297,-47.26737976074219,-14.896873474121094,8.89629077911377,88.87351989746094,10.424087524414062,25.494400024414062,0.0,3.01371431350708,5.868429660797119,10.009822845458984,2529.39990234375,4059.43896484375,61.644813537597656,3964.0,4000.166748046875,4058.333251953125,4111.0,4178.0,97309.0
ec8f8f95,16.560856,24,0.061897143721580505,0.1783398687839508,0.0,0.0013827537768520415,0.00993856880813837,0.03509820532053709,4.189228534698486,-10.256367683410645,40.251922607421875,-89.92056274414062,-38.00595569610596,-11.450177669525146,11.55681824684143,89.03120422363281,105.0400390625,353.5809326171875,0.0,1.9970642030239105,7.0,29.413474559783936,2635.60009765625,3854.293701171875,160.65628051757812,3182.0,3736.0,3806.0,3988.0,4193.0,328100.0
ec9195be,1.4559501,25,0.032259583473205566,0.08014517277479172,0.0,0.0021545037161558867,0.011170027777552605,0.027727240696549416,2.5158956050872803,11.784161567687988,35.948970794677734,-89.52401733398438,-13.03221607208252,16.10152244567871,38.74484634399414,89.36929321289062,25.316680908203125,74.37721252441406,0.0,2.3063948154449463,6.436484336853027,18.376951217651367,2563.0,3846.981689453125,163.03494262695312,3098.166748046875,3747.0,3818.0,3964.0,4185.0,400609.0
ecd25dd1,16.916128,24,0.02837659791111946,0.06175489351153374,0.0,0.00013054847659077495,0.004920044913887978,0.026996275410056114,5.1710710525512695,-32.3514518737793,35.07847213745117,-89.63540649414062,-60.38054275512695,-34.895606994628906,-12.181373596191406,87.69857788085938,20.998905181884766,94.64325714111328,0.0,2.8266332149505615,6.5,15.755241394042969,2614.800048828125,3855.548095703125,136.7088165283203,3393.0,3758.666748046875,3818.0,3941.0,4170.0,323373.0
ed0b3906,84.95056,13,0.03225969150662422,0.10708481818437576,0.0,0.0,0.0015665324172005057,0.015413893852382898,3.999882936477661,-40.66618347167969,42.06668472290039,-89.91649627685547,-77.37895584106445,-48.25154495239258,-12.199781894683838,88.58748626708984,66.79664611816406,271.9673156738281,0.0,6.323319435119629,11.266129493713379,24.0,2638.5,3975.134521484375,122.09029388427734,3331.0,3888.0,3943.583251953125,4087.0,4170.0,54291.0
ed711416,8.30098,25,0.03853391483426094,0.11094396561384201,0.0,4.800160695594968e-06,0.005587298888713121,0.027335094287991524,5.1487040519714355,-11.991453170776367,38.9891357421875,-89.91215515136719,-42.06081199645996,-9.368501663208008,14.304933547973633,89.71662902832031,77.2696762084961,253.24124145507812,0.0,4.9952757358551025,12.484869956970215,33.935367584228516,2617.800048828125,3849.302734375,157.35777282714844,3098.166748046875,3741.0,3815.5,3964.0,4173.0,377103.0
edb9d0f3,62.76241,21,0.05610146373510361,0.1340586096048355,0.0,0.002686550607904792,0.017554325982928276,0.05313614383339882,5.356800556182861,-8.15286922454834,36.91084289550781,-89.51960754394531,-32.49195098876953,-6.38257360458374,14.781329154968262,89.34426879882812,13.44983196258545,20.354482650756836,0.0,1.4897892475128174,6.894784927368164,17.73239517211914,384.0,3975.82275390625,125.6812973022461,3446.0,3865.0,3982.0,4076.0,4180.0,140849.0
ee21612e,53.79427,20,0.016025763005018234,0.048921678215265274,0.0,4.9193304221262224e-05,0.0027022690046578646,0.014379511587321758,3.081021547317505,-22.588680267333984,36.01573944091797,-89.21768951416016,-47.33763790130615,-23.785144805908203,-2.970480263233185,89.10993194580078,19.048233032226562,40.14208984375,0.0,2.666412889957428,5.163082122802734,16.0267596244812,350.0,3887.740478515625,182.3946075439453,3098.166748046875,3730.0,3947.0,4041.0,4156.0,182316.0
ee2bf575,68.46462,20,0.02953360229730606,0.08433128148317337,0.0,0.0005023313424317166,0.008289165329188108,0.023207383695989847,2.242037057876587,-2.8307082653045654,50.592369079589844,-89.65719604492188,-39.259544372558594,-5.104266881942749,40.862009048461914,89.04104614257812,24.37935447692871,104.31732177734375,0.0,3.490245521068573,9.094276428222656,20.91666603088379,2625.199951171875,3962.426513671875,158.78207397460938,3436.0,3935.333251953125,4000.0,4087.0,4164.0,119156.0
ee67eb55,12.285927,24,0.0465434193611145,0.10828113555908203,0.0,0.0019578657811507583,0.01436582999303937,0.05054084490984678,3.283330202102661,-4.336696624755859,41.81523513793945,-89.9621810913086,-32.7746467590332,-8.45628309249878,22.024877071380615,89.73280334472656,83.48736572265625,282.3658447265625,0.0,2.671887695789337,9.570529460906982,33.66666793823242,2643.0,3874.191650390625,170.427001953125,3098.166748046875,3782.0,3847.0,4000.0,4204.0,350536.0
eeedcd5e,0.0,28,0.027169404551386833,0.052944522351026535,0.0,0.003780868952162564,0.01149045955389738,0.028687158599495888,3.1404635906219482,2.3179609775543213,33.621429443359375,-89.56452178955078,-23.454072952270508,1.605072796344757,28.122685432434082,89.51334381103516,18.095640182495117,83.51526641845703,0.0,3.0,7.759270668029785,15.600785732269287,2621.75,3842.0791015625,163.11309814453125,3114.0,3741.0,3812.0,3958.0,4187.0,252038.0
eef79620,3.4429512,18,0.018747197464108467,0.051075950264930725,0.0,0.00020787954781553708,0.003926546545699239,0.014969614567235112,2.2013869285583496,-15.773158073425293,31.09324836730957,-88.94170379638672,-38.43520927429199,-13.732665061950684,2.596323311328888,89.41036987304688,9.150798797607422,29.1850528717041,0.0,2.424869418144226,6.0,9.811231851577759,2497.666748046875,3848.614501953125,166.1136932373047,3097.25,3736.0,3824.0,3976.0,4175.0,276928.0
ef07f833,0.0,36,0.05054878816008568,0.1300971955060959,0.0,0.007102299830876291,0.019177589565515518,0.04074020218104124,3.3719966411590576,-12.081271171569824,44.28694534301758,-89.68099212646484,-54.866631507873535,-1.2243337631225586,17.661844730377197,89.5457992553711,77.23210906982422,297.3317565917969,0.0,1.8077186048030853,8.271783351898193,33.5,2591.199951171875,4088.53125,79.4736099243164,3829.0,4029.0,4109.5,4158.0,4187.0,40758.0
ef58dd3c,87.35528,12,0.019227666780352592,0.034825634211301804,0.0,0.00010556320376053918,0.008229435421526432,0.020458827260881662,0.9700730443000793,-3.4067327976226807,43.1328239440918,-89.6612319946289,-32.34674072265625,-0.9308631420135498,28.24886989593506,87.7337417602539,47.72710418701172,218.63014221191406,0.0,1.5127673149108887,3.545454502105713,10.889881372451782,2612.0,4106.43359375,72.12212371826172,3648.0,4087.0,4111.0,4146.0,4181.0,48444.0
ef9617e7,0.0,27,0.0705442950129509,0.16852857172489166,0.0,0.006829188670963049,0.020835069939494133,0.057972267270088196,3.4794163703918457,-25.463088989257812,34.756309509277344,-89.76451873779297,-54.03761291503906,-28.67044448852539,-1.9334536790847778,89.45633697509766,43.9582633972168,176.8550262451172,0.0,3.4633660316467285,8.80555534362793,23.398414611816406,2603.39990234375,3983.51708984375,86.77239227294922,3818.0,3923.0,3975.166748046875,4031.166748046875,4175.0,106905.0
efa35d35,94.594505,13,0.007108316291123629,0.020132480189204216,0.0,0.0008343100489582866,0.0016391571843996644,0.004929412622004747,0.32970955967903137,34.181949615478516,68.5876235961914,-83.7774658203125,-68.55273818969727,77.30908203125,86.82515335083008,89.80422973632812,7.2760329246521,11.292338371276855,0.0,2.5,2.5,4.54074764251709,398.20001220703125,3983.518310546875,87.63059997558594,3741.0,3935.0,3964.0,4076.0,4132.0,13355.0
f015a18c,0.0,21,0.048292241990566254,0.10377147793769836,0.0,0.010243653319776058,0.02351438347250223,0.04175433982163668,3.2346484661102295,-12.184368133544922,47.909549713134766,-89.74039459228516,-42.25917053222656,-11.602920055389404,14.43238878250122,89.11975860595703,48.061912536621094,195.447509765625,0.0,3.0,11.231810092926025,28.352065563201904,2538.800048828125,4021.49755859375,156.9072265625,3820.0,3835.0,4143.25,4155.08349609375,4174.0,20680.0
f028534c,27.610306,23,0.05810629948973656,0.15506722033023834,0.0,0.001408824376994744,0.01650057267397642,0.05276419222354889,5.759286403656006,-4.29863977432251,39.145484924316406,-89.71244049072266,-33.493141174316406,-3.2874988317489624,22.801734924316406,89.5418472290039,37.432308197021484,138.67196655273438,0.0,3.1529165506362915,6.656704425811768,17.600000381469727,2636.25,3878.23046875,139.50289916992188,3214.0,3788.0,3847.0,3982.0,4167.0,275462.0
f0957ca1,0.0,33,0.06463447213172913,0.13307005167007446,0.0,0.011595733696594834,0.029370717704296112,0.06325325928628445,4.089362621307373,1.5810056924819946,31.95696449279785,-89.74412536621094,-20.030553817749023,6.089651823043823,22.483346939086914,89.3177261352539,19.394678115844727,55.248294830322266,0.0,2.9125154614448547,7.584546804428101,17.407676696777344,2539.75,3918.480224609375,112.9967269897461,3753.0,3818.0,3888.0,4005.0,4193.0,196426.0
f09e7b33,53.65371,24,0.0323973149061203,0.062113240361213684,0.0,0.002217658795416355,0.013586846180260181,0.03371470049023628,3.970733165740967,-13.142468452453613,34.612159729003906,-89.64826965332031,-35.62212371826172,-11.47362995147705,4.310947895050049,88.89299774169922,39.99799728393555,132.2820281982422,0.0,3.5,8.211183547973633,22.880434036254883,2603.39990234375,3867.74072265625,153.2283172607422,3383.0,3771.0,3819.083251953125,3970.0,4175.0,187277.0
f0d76b32,42.061993,24,0.01686900295317173,0.03507697954773903,0.0,0.0004326848138589412,0.006749524734914303,0.020447276532649994,2.472710609436035,-14.275750160217285,43.5888557434082,-89.93022918701172,-46.0335693359375,-14.487410545349121,12.994553565979004,89.84117126464844,13.791065216064453,31.614187240600586,0.0,2.276315689086914,5.170068264007568,13.709309577941895,2554.5,3843.95068359375,125.52687072753906,3190.0,3753.0,3806.0,3888.0,4189.0,222185.0
f1049268,0.0,33,0.039159901440143585,0.08394890278577805,0.0,0.005370946833863854,0.017603740096092224,0.04428498074412346,4.220924377441406,0.7813023924827576,38.60942077636719,-89.59659576416016,-28.51078987121582,0.7214438915252686,30.136844635009766,89.51439666748047,11.315796852111816,38.22060012817383,0.0,1.829808235168457,5.069412708282471,11.305818557739258,2528.39990234375,3866.55908203125,148.38340759277344,3184.0,3747.0,3835.0,3988.0,4175.0,293431.0
f11e17c0,33.35368,23,0.03633257374167442,0.07279204577207565,0.0,0.0009005019965115935,0.010154441930353642,0.03721397928893566,3.4324169158935547,-2.576310396194458,40.75054931640625,-89.7702407836914,-32.351280212402344,0.3551638126373291,27.266867637634277,89.74140930175781,31.555866241455078,150.14093017578125,0.0,1.7786637544631958,5.5,11.276387691497803,2633.25,3931.302734375,126.2037582397461,3606.0,3818.0,3912.0,4035.0,4193.0,263647.0
f1baae47,0.22928126,24,0.025918859988451004,0.04992976412177086,0.0,0.0023276213905774057,0.011063240002840757,0.023106979206204414,2.047028064727783,24.38961410522461,34.414306640625,-89.6705551147461,5.325573682785034,29.38761615753174,49.36153793334961,88.62065887451172,10.260137557983398,38.54977798461914,0.0,1.4174376428127289,3.1193995475769043,9.397155046463013,2594.60009765625,3846.9716796875,164.8900604248047,3098.166748046875,3741.0,3818.0,3967.0,4190.0,391452.0
f1bd0f59,0.0,31,0.04722914472222328,0.09923632442951202,0.0,0.009141411632299423,0.02153666876256466,0.04965639486908913,4.092896461486816,-7.375626087188721,35.459781646728516,-89.78614807128906,-31.24140167236328,-5.377429485321045,15.879369258880615,89.44625091552734,119.56130981445312,389.92431640625,0.0,2.5,7.265294075012207,26.0,2663.5,3998.587158203125,113.24445343017578,3788.0,3900.0,4000.0,4093.0,4209.0,164731.0
f285b43c,84.34148,21,0.004858538508415222,0.011205071583390236,0.0,0.000234780709433835,0.0008827739802654833,0.005395221407525241,0.524819016456604,-45.13149642944336,67.49395751953125,-89.56211853027344,-87.41440773010254,-83.64432525634766,18.40456199645996,88.98082733154297,8.912788391113281,59.11607360839844,0.0,0.4584174230694771,0.7006395161151886,1.6245157122612,2358.75,3837.09375,188.0111083984375,3307.0,3730.0,3794.0,4000.0,4107.0,44572.0
f2d4efd8,0.0,37,0.037421368062496185,0.07925254106521606,0.0,0.004950706148520112,0.01422525616362691,0.03847356606274843,4.409579753875732,0.7202339172363281,32.24247360229492,-89.66148376464844,-20.360463619232178,1.8727211356163025,21.391769409179688,89.41163635253906,87.91356658935547,315.7203674316406,0.0,2.9485329389572144,9.064060688018799,33.65045738220215,2638.5,3958.4375,100.49234008789062,3741.0,3865.0,3958.0,4052.0,4166.0,146566.0
f3020788,40.4628,22,0.024206111207604408,0.0464433990418911,0.0,0.00040839274879544973,0.006586544681340456,0.02257714793086052,1.5568164587020874,-12.678471565246582,44.57841491699219,-89.96341705322266,-42.28042030334473,-12.464179039001465,13.183773040771484,89.78921508789062,26.828386306762695,149.7206268310547,0.0,1.6666666269302368,5.386669158935547,12.179352283477783,2613.0,3942.59814453125,122.99446105957031,3442.0,3829.0,3935.0,4041.0,4191.0,237951.0
f32a9580,90.71234,23,0.011429499834775925,0.03568539768457413,0.0,0.0,0.00120389717631042,0.01014145277440548,0.3611266314983368,-4.521092891693115,71.5966567993164,-88.7978744506836,-83.57127952575684,-3.3242498636245728,75.33348655700684,88.1077651977539,2.4913136959075928,4.923734664916992,0.0,0.6335674971342087,0.8866663873195648,3.0,473.79998779296875,3959.172119140625,116.00820922851562,3485.0,3882.0,3982.0,4023.0,4167.0,30124.0
f35b607c,0.59801275,24,0.03682680055499077,0.08937902748584747,0.0,0.0008239507587859407,0.013119894079864025,0.03935637418180704,4.217940330505371,-5.862728118896484,37.56640625,-89.75526428222656,-32.18450927734375,-5.133657693862915,18.738090991973877,89.54154968261719,79.3745346069336,282.61920166015625,0.0,1.9686208069324493,6.125993251800537,21.051281929016113,2645.0,3828.26806640625,161.85028076171875,3098.166748046875,3730.0,3801.0,3947.0,4156.0,388598.0
f4114031,8.999639,24,0.05793807655572891,0.177404522895813,0.0,0.0004941713996231556,0.013686403632164001,0.03839182108640671,5.621161460876465,-12.401006698608398,40.9423942565918,-89.92416381835938,-44.18881607055664,-14.590639114379883,12.744023323059082,89.93286895751953,57.15007400512695,219.43460083007812,0.0,1.75,10.199999809265137,30.5,2633.39990234375,3874.6328125,148.95452880859375,3098.166748046875,3771.0,3835.0,3988.0,4193.0,359869.0
f420b05a,56.86419,25,0.03536444902420044,0.08576908707618713,0.0,0.0008546733879484236,0.010886571370065212,0.03362088277935982,2.9652910232543945,11.67741584777832,42.02094650268555,-89.94568634033203,-12.609313011169434,19.331472396850586,42.178375244140625,89.35344696044922,15.465877532958984,53.68104934692383,0.0,1.8235293626785278,4.120460033416748,10.09907341003418,2152.199951171875,3990.1787109375,113.03606414794922,3366.0,3923.333251953125,3988.0,4076.0,4183.0,179801.0
f44f1227,5.2341127,19,0.03028552234172821,0.07554652541875839,0.0,0.00048339197383029386,0.009206563699990511,0.029613507445901632,3.6900594234466553,-16.668094635009766,39.05695724487305,-89.76419067382812,-46.447632789611816,-18.154366493225098,6.100627779960632,89.1238784790039,37.501670837402344,168.48577880859375,0.0,3.0,8.233328342437744,18.679847717285156,2618.199951171875,3867.51318359375,137.83944702148438,3659.0,3753.0,3835.0,3976.0,4165.0,297678.0
f47a67cc,88.858765,17,0.026844296604394913,0.10834711790084839,0.0,0.00030314117611851543,0.0010437365272082388,0.004484892589971423,2.548009157180786,-34.7951774597168,50.10042190551758,-89.3635025024414,-73.16636085510254,-61.07308006286621,1.892860233783722,88.76052856445312,42.43205261230469,122.41075897216797,0.0,13.0,30.2169189453125,42.33287525177002,2548.199951171875,3868.14697265625,213.40487670898438,3325.0,3802.0624389648438,3882.0,4064.0,4124.0,33036.0
f47abc42,0.0,32,0.04969164729118347,0.1087883934378624,0.0,0.008472608402371407,0.0201862920075655,0.0512835718691349,4.237391471862793,-3.3097126483917236,33.95903015136719,-89.52667236328125,-29.06623649597168,-0.2813502848148346,21.56967830657959,89.6121826171875,39.83112716674805,195.69349670410156,0.0,1.7792457342147827,5.507018566131592,13.8897066116333,2634.39990234375,3901.638671875,143.8674774169922,3691.0,3777.0,3894.0,4017.0,4185.0,254519.0
f4d2f5af,2.1894617,25,0.02587221749126911,0.08452732861042023,0.0,0.0002353159652557224,0.005765573121607304,0.019141647964715958,3.985809803009033,-15.210227966308594,41.86672592163086,-89.86473083496094,-46.807640075683594,-21.000179290771484,11.309127807617188,89.48780822753906,17.759153366088867,49.91682815551758,0.0,2.5416715145111084,6.876261234283447,15.040385246276855,2549.800048828125,3849.407470703125,153.86349487304688,3098.166748046875,3741.0,3815.666748046875,3964.0,4177.0,401165.0
f57de847,5.5166063,23,0.052962321788072586,0.17083294689655304,0.0,0.0016730623901821673,0.010095860343426466,0.03639509994536638,6.445746898651123,-19.95860481262207,36.25791931152344,-89.52365112304688,-48.16722106933594,-24.1796817779541,0.9432956129312515,88.56271362304688,89.9325180053711,312.95489501953125,0.0,3.136897623538971,7.810864686965942,20.310046672821045,2641.666748046875,3869.81982421875,143.38572692871094,3435.0,3759.0,3824.0,3982.0,4202.0,366794.0
f584742f,0.35529238,24,0.02002425491809845,0.05363623425364494,0.0,0.000713758054189384,0.008718199096620083,0.019664879888296127,5.65769624710083,-5.748617172241211,38.30868148803711,-89.7080078125,-32.4417610168457,-6.974035739898682,17.43990135192871,89.89892578125,19.856937408447266,47.987335205078125,0.0,2.438935399055481,7.262972593307495,18.980339527130127,583.3333129882812,3847.79541015625,163.22010803222656,3098.166748046875,3747.0,3818.0,3964.0,4190.0,403502.0
f5ad7abc,9.071233,23,0.03880395367741585,0.0944409966468811,0.0,0.0018130338285118341,0.012764153070747852,0.03347437456250191,3.1406917572021484,-8.519444465637207,36.61593246459961,-89.80061340332031,-34.42845153808594,-11.351727485656738,14.273256301879883,89.2802734375,26.25666618347168,64.29922485351562,0.0,2.988273859024048,8.723213195800781,22.136335372924805,2626.39990234375,3859.4423828125,140.9127197265625,3099.333251953125,3753.0,3829.0,3964.083251953125,4191.0,340489.0
f5b2acf0,11.082513,24,0.03867551311850548,0.08548849821090698,0.0,0.00262240698793903,0.015104266349226236,0.03843696881085634,3.7848024368286133,2.794692039489746,41.40538787841797,-89.64203643798828,-28.309785842895508,3.1792086362838745,35.92396831512451,89.19739532470703,21.139801025390625,85.09622955322266,0.0,2.3816933631896973,6.552084684371948,15.806414365768433,2641.800048828125,3844.004150390625,170.98060607910156,3098.166748046875,3742.25,3812.0,3964.0,4175.0,349874.0
f62b317d,0.0,34,0.037257734686136246,0.0628826692700386,0.0,0.005994825391098857,0.019332295283675194,0.04211904667317867,2.165264129638672,-4.54756498336792,35.10324478149414,-89.55296325683594,-25.99593448638916,-2.8156821727752686,17.35901641845703,89.71283721923828,34.17613220214844,156.7447509765625,0.0,1.9737058281898499,5.800000190734863,18.30844497680664,2597.39990234375,4053.77978515625,79.49890899658203,3835.0,3994.0,4076.0,4123.16650390625,4184.0,66911.0
f64ae747,27.772144,23,0.047457095235586166,0.13848674297332764,0.0,0.0007455293089151382,0.012392203323543072,0.03559524193406105,5.746541500091553,-10.15848445892334,40.00960159301758,-89.6858139038086,-41.241024017333984,-10.56416130065918,13.541893005371094,89.40536499023438,23.48920440673828,114.32205963134766,0.0,1.5284810066223145,4.930220127105713,11.399999618530273,2625.39990234375,3828.776123046875,163.0254669189453,3286.0,3724.0,3777.0,4000.0,4175.0,285461.0
f67908e7,13.408123,24,0.035712603479623795,0.09319300204515457,0.0,9.217580372933298e-05,0.007559773977845907,0.03396112844347954,3.8417224884033203,-14.32714557647705,37.64727783203125,-89.74864959716797,-41.90753173828125,-13.737984657287598,3.9222679138183594,89.31949615478516,12.502460479736328,24.92678451538086,0.0,2.9309985637664795,7.879571914672852,15.952217102050781,1207.6666259765625,3835.586669921875,155.99801635742188,3098.166748046875,3747.0,3819.833251953125,3947.0,4177.0,341941.0
f6b719ee,0.0,29,0.08109129220247269,0.19084297120571136,0.0,0.009250187315046787,0.030382845550775528,0.07593337632715702,9.122964859008789,-10.158395767211914,32.546836853027344,-89.98084259033203,-32.53927707672119,-10.797708988189697,8.56107783317566,89.51726531982422,18.647953033447266,111.28795623779297,0.0,1.75,4.4559197425842285,10.816765546798706,2638.800048828125,3943.397216796875,117.48421478271484,3142.666748046875,3829.0,3947.0,4043.0,4169.0,190708.0
f6c0e2b7,64.75942,24,0.03905768692493439,0.10170187801122665,0.0,0.0027968354406766593,0.01669720932841301,0.030871549621224403,3.2471439838409424,7.031282424926758,50.82781219482422,-89.8143539428711,-30.988641262054443,-0.968485414981842,62.15239906311035,89.63809967041016,48.1461181640625,245.20236206054688,0.0,2.9539706707000732,4.349076986312866,11.866853475570679,2645.5,3976.53271484375,141.9134521484375,3352.0,3912.0,4005.0,4082.0,4181.0,141976.0
f6c20447,0.0,46,0.07658611238002777,0.15926051139831543,0.0,0.011024744482710958,0.03202740103006363,0.08336009085178375,5.374978065490723,-5.921046733856201,31.91392707824707,-89.48865509033203,-27.15190553665161,-6.409708261489868,11.414703369140625,89.78901672363281,143.0292510986328,418.98309326171875,0.0,3.7977917790412903,11.085039615631104,51.284178733825684,2612.0,3924.991943359375,132.9427947998047,3712.0,3800.0,3906.0,4041.0,4187.0,231582.0
f6cc80a9,0.0,33,0.014638549648225307,0.021127982065081596,0.0,0.0028981813229620457,0.009014787152409554,0.01937355287373066,1.1215837001800537,28.834806442260742,41.55876541137695,-89.78300476074219,-0.18615742027759552,19.466856002807617,70.86299133300781,89.2532958984375,5.041587829589844,23.62630271911621,0.0,0.8005210161209106,2.6148781776428223,6.0,1259.0,4032.710693359375,81.54984283447266,3858.0,3958.0,4017.0,4105.0,4176.0,29421.0
f6d6f400,0.0,31,0.0477975495159626,0.11336148530244827,0.0,0.00757237512152642,0.022394374012947083,0.04816750716418028,4.754273891448975,-11.18052864074707,33.1998176574707,-89.65790557861328,-35.232253074645996,-11.269928932189941,9.539825677871704,89.66036987304688,135.8758087158203,417.4967346191406,0.0,4.51337468624115,11.25,27.442341327667236,2635.0,4061.664794921875,67.66214752197266,3836.0,4008.083251953125,4058.125,4129.0,4177.0,72888.0
f6d879aa,2.9707298,24,0.026208700612187386,0.08137834072113037,0.0,3.56231139448937e-05,0.003624250879511237,0.020422808825969696,3.9103646278381348,-28.17079734802246,41.92512130737305,-89.80322265625,-62.83554267883301,-35.53340530395508,-3.9191664457321167,89.86629486083984,27.942527770996094,135.73460388183594,0.0,3.09064781665802,8.997354507446289,18.12372398376465,2640.60009765625,3856.865234375,153.29046630859375,3378.0,3747.0,3824.0,3976.0,4187.0,379591.0
f74eda33,28.703398,21,0.033195532858371735,0.08775946497917175,0.0,0.00019363700994290411,0.006439349381253123,0.023856448009610176,3.094822645187378,-19.254796981811523,47.135498046875,-89.85741424560547,-53.01796531677246,-23.53444004058838,0.9101020395755768,89.62751007080078,65.65763092041016,234.01658630371094,0.0,4.129778742790222,8.71425199508667,23.047325611114502,2527.199951171875,3893.593994140625,126.66180419921875,3671.0,3794.0,3876.0,3994.0,4169.0,267556.0
f75c957f,0.0,31,0.0705358013510704,0.15111415088176727,0.0,0.011307456064969301,0.030056677758693695,0.0713564082980156,3.2489125728607178,-15.452868461608887,40.61970901489258,-89.71298217773438,-44.36310386657715,-17.79045295715332,5.741637587547302,89.77900695800781,55.480873107910156,254.3600311279297,0.0,2.1183088421821594,5.689630746841431,21.600000381469727,2607.800048828125,4033.22412109375,85.04753875732422,3835.0,3959.4791870117188,4064.0,4105.0,4166.0,73332.0
f7b1374e,5.502876,23,0.03702417016029358,0.09108372032642365,0.0,0.0004488543781917542,0.010894141159951687,0.03160255029797554,2.7328243255615234,-6.453575134277344,38.84446334838867,-89.82130432128906,-34.76859664916992,-8.118849754333496,14.640549659729004,88.84223937988281,16.3726749420166,85.79191589355469,0.0,1.1901054382324219,3.251124620437622,10.741344451904297,2600.60009765625,3843.744873046875,153.1234588623047,3098.166748046875,3747.0,3812.0,3958.0,4165.0,363129.0
f7fc97cf,0.0,32,0.06579074263572693,0.09585906565189362,0.0,0.012434789445251226,0.033391041681170464,0.09222649224102497,4.262053489685059,7.7111735343933105,42.884132385253906,-89.75985717773438,-21.27553939819336,8.25321912765503,39.72148036956787,89.51785278320312,149.10862731933594,326.3022155761719,0.0,8.61952829360962,35.72193717956543,107.39070701599121,2574.75,4048.614013671875,102.04241180419922,3847.0,3959.166748046875,4070.0,4143.7708740234375,4178.0,32680.0
f81598bf,40.055744,24,0.01733303815126419,0.05645621940493584,0.0,6.030986878613476e-05,0.0014811832224950194,0.012924120994284749,2.663072109222412,-11.954588890075684,48.54273986816406,-89.90922546386719,-50.529510498046875,-16.56856060028076,30.796956062316895,89.70140838623047,13.002854347229004,73.48169708251953,0.0,0.9373773336410522,3.880242943763733,8.208762407302856,2562.5,3890.0087890625,149.64938354492188,3175.0,3777.0,3894.0,4000.0,4172.0,231556.0
f8674e15,0.0,43,0.06277420371770859,0.14169231057167053,0.0,0.007877007592469454,0.02333509549498558,0.0670740082859993,5.1089301109313965,-4.963568687438965,27.580333709716797,-89.73905944824219,-22.405534744262695,-3.156496286392212,12.1123685836792,89.95325469970703,90.72230529785156,364.9457092285156,0.0,2.1745657920837402,5.420000076293945,15.070401191711426,2649.0,4014.65576171875,80.2479248046875,3442.583251953125,3953.0,4000.0,4078.75,4178.0,121067.0
f869d220,13.447581,24,0.011496705934405327,0.046090267598629,0.0,0.00023720245008007623,0.0011665048659779131,0.004787522135302424,1.6851540803909302,-21.84572410583496,62.912376403808594,-89.91609191894531,-81.10607147216797,-38.179683685302734,25.476866722106934,89.91643524169922,19.544706344604492,95.122802734375,0.0,1.6822190582752228,4.338353395462036,14.324069023132324,2631.0,3853.906494140625,158.0388641357422,3098.166748046875,3765.0,3824.0,3966.333251953125,4170.0,334164.0
f8bf4a1c,2.6552656,24,0.029158182442188263,0.07100450247526169,0.0,0.00011394461034797132,0.009101379662752151,0.02862110733985901,3.4476053714752197,-13.812088966369629,38.9992790222168,-89.83206939697266,-42.810367584228516,-17.229604721069336,6.647730827331543,89.51036071777344,17.208879470825195,47.836360931396484,0.0,3.133333444595337,7.196122169494629,16.856611251831055,2488.60009765625,3844.59814453125,150.21766662597656,3098.166748046875,3747.0,3812.0,3958.0,4169.0,389161.0
f8ff0bc8,0.0,23,0.03684708848595619,0.06849581748247147,0.0,0.008235829416662455,0.024576682597398758,0.03863750398159027,1.7864100933074951,-6.769969463348389,51.202816009521484,-89.10484313964844,-70.77383804321289,5.687524318695068,38.10481071472168,81.665283203125,35.192787170410156,77.69210052490234,0.0,7.1168131828308105,13.644144058227539,19.53333282470703,1526.5999755859375,4002.345703125,166.6205291748047,3829.0,3835.0,3964.0,4181.0,4194.0,1195.0
f93010a8,0.0,25,0.0569365918636322,0.13822023570537567,0.0,0.0005853235925314948,0.014559728093445301,0.0471182968467474,4.012109756469727,4.328525543212891,35.14542770385742,-88.75761413574219,-19.10854482650757,5.6681177616119385,28.358346939086914,89.24948120117188,17.267717361450195,67.89764404296875,0.0,2.4684099555015564,6.5,16.88611602783203,2581.0,3854.262939453125,159.02716064453125,3098.166748046875,3759.0,3824.0,3970.0,4196.0,408024.0
f9334e08,0.0,29,0.05059273913502693,0.10614170134067535,0.0,0.0073021152056753635,0.02393463533371687,0.05777889024466276,2.7862956523895264,8.297496795654297,35.12042999267578,-89.88497924804688,-15.895828008651733,9.713602066040039,33.957642555236816,89.11332702636719,12.365942001342773,31.16304588317871,0.0,1.3924210965633392,5.897468566894531,12.333333015441895,2555.5,4001.78125,98.09136199951172,3812.0,3927.75,4000.0,4085.0,4189.0,141702.0
f9384fa2,5.11872,25,0.02393789030611515,0.05172246694564819,0.0,0.0006827567849541083,0.00599657790735364,0.021484686993062496,2.8589837551116943,-7.77244234085083,40.61482238769531,-89.88236999511719,-35.349239349365234,-10.101675510406494,18.85755443572998,88.66425323486328,42.44612503051758,201.5077667236328,0.0,3.0,8.40066385269165,19.77932596206665,2654.5,3843.1474609375,165.2326202392578,3098.166748046875,3736.0,3812.0,3964.0,4175.0,395970.0
fa34f945,65.55116,22,0.014882924035191536,0.034836720675230026,0.0,0.00017688095613266341,0.0037280633114278316,0.013460505986586213,1.5560271739959717,-7.150452136993408,62.12150955200195,-89.90154266357422,-60.322937965393066,-16.052181243896484,57.23358154296875,89.65973663330078,7.928356170654297,11.583312034606934,0.0,0.9947571456432343,3.763145089149475,11.237364768981934,201.0,3848.1025390625,138.17782592773438,3431.0,3782.0,3806.0,3888.0,4169.0,130654.0
fa3e1e21,0.0,38,0.06578798592090607,0.15230166912078857,0.0,0.009140331530943513,0.02706796769052744,0.06727974116802216,4.323429107666016,-15.322880744934082,33.699806213378906,-89.91439056396484,-37.30210304260254,-16.8091402053833,2.924564778804779,89.69454956054688,48.61979675292969,185.75379943847656,0.0,1.8571114838123322,5.544450521469116,25.200000762939453,2624.39990234375,4063.482177734375,76.98905181884766,3554.0,4011.0,4076.0,4118.16650390625,4188.0,74332.0
fa633e39,56.17591,17,0.020636431872844696,0.07966382056474686,0.0,0.0018396484665572643,0.006720441393554211,0.0172653216868639,4.363382816314697,-11.104689598083496,41.75145721435547,-89.73169708251953,-42.211212158203125,-8.980812072753906,13.660686492919922,89.71131134033203,27.59517478942871,105.36676788330078,0.0,1.998701810836792,5.565683364868164,15.988775253295898,2608.800048828125,3921.44921875,127.9598388671875,3765.0,3810.0,3876.0,3982.0,4199.0,119101.0
fa9a0add,0.0,24,0.042143311351537704,0.09435693919658661,0.0,0.0025174811598844826,0.018277251161634922,0.041111940518021584,3.583010196685791,-6.813619136810303,36.67805099487305,-89.42747497558594,-33.53051280975342,-9.333937644958496,15.910486936569214,88.78711700439453,21.86469268798828,107.23453521728516,0.0,3.5,7.476190567016602,15.757523775100708,2638.800048828125,3844.954345703125,166.8165283203125,3098.166748046875,3741.0,3812.0,3966.416748046875,4181.0,402816.0
fab75c2c,69.14893,18,0.03826618567109108,0.12889713048934937,0.0,0.0004961842205375433,0.0077328733168542385,0.031748635694384575,4.748449802398682,-10.66901683807373,45.81852722167969,-89.62144470214844,-45.43479537963867,-4.697995662689209,20.48373508453369,88.6163558959961,18.802202224731445,85.09923553466797,0.0,2.0018630027770996,5.1390886306762695,18.169289588928223,2558.60009765625,3862.410888671875,160.3224639892578,3098.166748046875,3800.0,3824.0,3900.0,4198.0,126323.0
fad07fce,71.37729,23,0.026092814281582832,0.05818571522831917,0.0,0.002130680833943188,0.0115800891071558,0.03314962051808834,2.899946451187134,-3.796837568283081,52.19972610473633,-89.68136596679688,-36.57590675354004,-10.63714599609375,27.207058906555176,89.09574890136719,11.789658546447754,43.80891418457031,0.0,2.0,5.25,8.871289730072021,2561.0,3955.5234375,150.78945922851562,3653.0,3841.0,3964.0,4082.0,4193.0,106771.0
fb04f7dd,49.107666,23,0.03833748772740364,0.1225905492901802,0.0,0.0012118926097173244,0.006223869509994984,0.023539047222584486,4.05862283706665,-1.318627953529358,34.213993072509766,-89.40495300292969,-22.815486907958984,1.2110666632652283,13.811450958251953,88.77765655517578,12.074999809265137,60.70808029174805,0.0,0.8163863271474838,2.5598721504211426,6.351664185523987,2553.800048828125,3935.16650390625,136.67269897460938,3457.0,3866.2291870117188,3947.0,4046.0,4170.0,183156.0
fb3c2c87,11.557279,24,0.050829071551561356,0.10787884145975113,0.0,0.0029598453547805548,0.022274630144238472,0.05926090758293867,3.6629281044006348,3.371882438659668,43.46087646484375,-89.29055786132812,-25.255386352539062,2.1903340816497803,33.93449783325195,89.75729370117188,13.268170356750488,54.95581817626953,0.0,2.4112331867218018,6.330206871032715,14.535755157470703,2567.60009765625,3851.778076171875,150.13966369628906,3319.0,3747.0,3818.0,3964.0,4175.0,348842.0
fb9c5a33,13.16012,33,0.05073215067386627,0.1514698565006256,0.0,0.0004428273532539606,0.014907259959727526,0.040968118235468864,5.190549373626709,3.407374143600464,39.3116340637207,-89.65544891357422,-23.317534923553467,5.318010330200195,32.39224052429199,89.46138000488281,12.411097526550293,81.80903625488281,0.0,0.5,0.8530479967594147,5.633767247200012,2612.39990234375,3899.211669921875,146.22312927246094,3554.0,3782.0,3894.0,4017.0,4175.0,504964.0
fc2c2c08,47.055088,25,0.04405880719423294,0.09139691293239594,0.0,0.0009482184832450002,0.014190590474754572,0.048229314386844635,3.043182134628296,-14.750336647033691,46.54353713989258,-89.66355895996094,-48.08884334564209,-12.336609840393066,9.04831576347351,89.24414825439453,31.281475067138672,125.93507385253906,0.0,3.0,8.791632652282715,19.22813320159912,2642.5,3867.1484375,171.22698974609375,3272.0,3765.0,3853.0,3991.8541259765625,4184.0,214328.0
fc41be2f,0.0,42,0.08278948068618774,0.15609854459762573,0.0,0.012524297693744302,0.03695908561348915,0.08974793925881386,5.216029644012451,-1.7840527296066284,31.64874839782715,-89.86015319824219,-20.791051387786865,1.1361262798309326,17.956337928771973,89.52092742919922,68.95130157470703,270.5223388671875,0.0,2.4345299005508423,7.465914964675903,27.81430959701538,2632.5,3995.2353515625,106.99078369140625,3771.0,3929.0,3994.0,4087.0,4175.0,146144.0
fc49ba65,4.827984,24,0.07133408635854721,0.2686275839805603,0.0,0.0015869415656197816,0.016817708499729633,0.04056879039853811,4.515342712402344,-8.767770767211914,35.32911682128906,-89.72965240478516,-33.548359870910645,-8.00944709777832,13.376420497894287,89.08009338378906,16.06751823425293,45.86815643310547,0.0,3.299999952316284,7.110330581665039,15.116742610931396,2478.800048828125,3846.44775390625,137.44276428222656,3098.166748046875,3747.0,3811.5,3953.0,4164.0,375400.0
fc8e4de4,0.0,41,0.0734148770570755,0.1539846956729889,0.0,0.013160317204892635,0.032285965979099274,0.07012291997671127,4.440882205963135,-0.1289440542459488,31.393909454345703,-89.9713134765625,-21.991161346435547,0.030535247176885605,21.06402587890625,88.98494720458984,41.61579895019531,199.01478576660156,0.0,2.7726519107818604,7.164005756378174,17.03628921508789,2638.0,3848.34814453125,138.63343811035156,3252.833251953125,3747.0,3818.0,3953.0,4170.0,313661.0
fd028ecc,10.524201,23,0.03222949802875519,0.07707636058330536,0.0,0.0008263091294793412,0.010554597713053226,0.034408376552164555,4.1236090660095215,-4.475254535675049,37.17021560668945,-89.710693359375,-31.79640293121338,-6.048276662826538,17.85318660736084,89.71636199951172,7.156947135925293,23.785917282104492,0.0,0.8405759483575821,1.9104891419410706,5.3172279596328735,2085.800048828125,3834.603271484375,164.93789672851562,3098.166748046875,3736.0,3800.0,3953.0,4175.0,344524.0
fd0d9bca,0.0,33,0.08602700382471085,0.252574622631073,0.0,0.006838480709120631,0.023265648633241653,0.060264335945248604,5.176270484924316,-15.786275863647461,28.88138198852539,-89.64330291748047,-35.7156457901001,-15.880501747131348,2.5345614552497864,89.75871276855469,20.91510772705078,64.91651153564453,0.0,2.545454502105713,7.134764671325684,18.5,2573.199951171875,3935.33056640625,123.31950378417969,3736.0,3812.0,3929.0,4041.0,4181.0,226976.0
fd56e059,26.90756,22,0.049374908208847046,0.15568044781684875,0.0,0.0018156880396418273,0.011887856293469667,0.04041980393230915,4.576544761657715,2.8165125846862793,42.747798919677734,-89.88313293457031,-28.18244981765747,-0.3335935026407242,33.81343936920166,89.60296630859375,23.8751277923584,111.70172882080078,0.0,1.0,2.9459677934646606,12.5,2608.199951171875,3864.32763671875,185.7556610107422,3098.166748046875,3724.0,3865.0,4011.0,4182.0,292466.0
fdb6b48b,0.0,34,0.11093444377183914,0.2577062249183655,0.0,0.013031918555498123,0.03718956559896469,0.10765750706195831,5.699470043182373,-12.879890441894531,32.60643768310547,-89.71994018554688,-33.7473030090332,-11.115948677062988,6.335331439971924,88.79357147216797,213.68931579589844,494.44415283203125,0.0,5.599999904632568,20.31610870361328,113.0,2621.666748046875,3952.218994140625,97.34375762939453,3780.833251953125,3865.0,3953.0,4035.0,4174.0,136801.0
fdc11b96,12.631507,25,0.033265601843595505,0.09781008958816528,0.0,0.0011270490940660238,0.011974863708019257,0.02843937650322914,4.427242279052734,-17.666460037231445,39.57669448852539,-89.81378173828125,-47.11562728881836,-17.452220916748047,5.043503284454346,89.51734161376953,52.1151008605957,257.237548828125,0.0,1.9943729639053345,4.75,11.292003631591797,2649.333251953125,3874.756591796875,147.48683166503906,3530.0,3765.0,3829.0,3988.0,4199.0,374841.0
fdea7d9e,0.0,41,0.05030740424990654,0.10720669478178024,0.0,0.006541858310811222,0.02118239365518093,0.05531324725598097,4.331790924072266,-2.6869089603424072,35.05406951904297,-89.76589965820312,-27.070085048675537,-2.552083373069763,20.42281436920166,89.70249938964844,30.153045654296875,133.21292114257812,0.0,2.5999999046325684,6.461538314819336,16.60397243499756,2626.666748046875,3929.231689453125,102.99485778808594,3746.166748046875,3835.0,3935.0,4011.0,4180.0,174278.0
fdf4691f,17.562931,25,0.0543937124311924,0.1678607314825058,0.0,0.000634157273452729,0.01430038083344698,0.03939993679523468,3.9338901042938232,-8.654073715209961,40.32675552368164,-89.85443878173828,-37.499977111816406,-8.362260818481445,13.731531143188477,88.72928619384766,19.615297317504883,90.13260650634766,0.0,2.058823585510254,5.0065717697143555,14.417962074279785,2585.800048828125,3852.588623046875,145.0222930908203,3210.0,3751.75,3812.0,3964.0,4170.0,337505.0
fe3cbf02,0.0,1,0.055222246795892715,0.10001737624406815,0.0,0.0148443803191185,0.03007606789469719,0.055130649358034134,1.4164655208587646,-7.302143096923828,24.044559478759766,-89.30570220947266,-20.382232666015625,-5.885734558105469,5.297458648681641,88.26187133789062,8.571906089782715,25.43073844909668,0.0,2.4677419662475586,5.563139915466309,9.199999809265137,891.5999755859375,3949.844970703125,97.39397430419922,3788.0,3859.0,3945.416748046875,4028.0,4182.0,4813.0
fe9c71d8,13.725731,25,0.04526260867714882,0.11190780252218246,0.0,0.0010690076742321253,0.016409076750278473,0.03889762610197067,4.031050682067871,6.224305629730225,43.80078125,-89.82745361328125,-25.604961395263672,6.232710361480713,40.352596282958984,89.43159484863281,7.831779956817627,36.40138626098633,0.0,0.9622779488563538,2.6798973083496094,4.75,2527.199951171875,3871.371826171875,136.90591430664062,3378.0,3777.0,3834.5,3976.0,4183.0,365165.0
fecc07d6,93.910095,11,0.01542711816728115,0.05050443485379219,0.0,0.0013031034031882882,0.0022124783135950565,0.0033488846383988857,1.1796534061431885,-37.49640655517578,68.42282104492188,-89.93683624267578,-88.60464477539062,-82.88823699951172,7.687496662139893,89.31035614013672,85.31824493408203,93.79368591308594,0.0,4.885623455047607,43.62963104248047,162.33445739746094,303.7019958496094,3940.74365234375,138.4686737060547,3779.0,3821.75,3923.0,3962.416748046875,4181.0,20845.0
ff18b749,0.0,23,0.053594622761011124,0.14256848394870758,0.0,0.0015064126928336918,0.0147628472186625,0.05359228607267141,3.683850049972534,-3.630944013595581,36.33005142211914,-89.74462890625,-26.23748779296875,-4.154672384262085,18.259311199188232,89.76885986328125,94.2171401977539,312.7459411621094,0.0,1.9543381333351135,4.0,18.006735801696777,2644.25,3842.762451171875,163.23440551757812,3098.166748046875,3741.0,3812.0,3963.5,4176.0,384900.0
ffcd4dbd,2.0323102,25,0.028743920847773552,0.0731731727719307,0.0,0.0006067868089303374,0.008500461466610432,0.025895018130540848,3.07887601852417,-14.23831558227539,36.803348541259766,-89.62752532958984,-39.72631645202637,-17.764720916748047,6.817386627197266,89.69383239746094,22.937997817993164,111.5341796875,0.0,2.0517241954803467,5.39069128036499,14.328227043151855,2605.75,3851.580078125,161.21473693847656,3098.166748046875,3747.0,3818.0,3970.0,4185.0,407099.0
ffed1dd5,59.23308,24,0.03070499375462532,0.10473311692476273,0.0,0.0006150593253551051,0.007282779086381197,0.015581544023007154,3.4173288345336914,11.55412483215332,53.88290786743164,-89.84686279296875,-21.441132068634033,8.541148662567139,63.77009296417236,89.93152618408203,7.783720970153809,15.688844680786133,0.0,1.796915203332901,4.0,8.73038625717163,1186.5999755859375,3930.48388671875,173.4473876953125,3098.166748046875,3812.0,3916.0,4082.0,4189.0,151204.0
